,dataset,subfolder,bh_mass,closest_image_separation,deflector_redshift,eddington_ratio,inclination_angle,kappa_0,kappa_1,kappa_star_0,kappa_star_1,num_images,observer_frame_sf,observer_frame_tau,shear_0,shear_1,source_redshift,time_delays_0,time_delays_1,true_magnitudes_0,true_magnitudes_1,true_magnitudes_2,true_magnitudes_3,true_magnitudes_4,true_magnitudes_5,ID,deflector_mass_theta_E,deflector_mass_gamma,deflector_mass_center_x,deflector_mass_center_y,deflector_mass_e1,deflector_mass_e2,deflector_mass_gamma1,deflector_mass_gamma2,deflector_mass_ra_0,deflector_mass_dec_0,deflector_mass_kappa,ps_u_mag_true,deflector_light_u_magnitude,deflector_light_u_R_sersic,deflector_light_u_n_sersic,deflector_light_u_e1,deflector_light_u_e2,deflector_light_u_center_x,deflector_light_u_center_y,point_source_light_u_ra_image_0,point_source_light_u_ra_image_1,point_source_light_u_dec_image_0,point_source_light_u_dec_image_1,point_source_light_u_magnitude_0,point_source_light_u_magnitude_1,extended_source_light_u_magnitude,extended_source_light_u_R_sersic,extended_source_light_u_n_sersic,extended_source_light_u_e1,extended_source_light_u_e2,extended_source_light_u_center_x,extended_source_light_u_center_y,ps_g_mag_true,deflector_light_g_magnitude,deflector_light_g_R_sersic,deflector_light_g_n_sersic,deflector_light_g_e1,deflector_light_g_e2,deflector_light_g_center_x,deflector_light_g_center_y,point_source_light_g_ra_image_0,point_source_light_g_ra_image_1,point_source_light_g_dec_image_0,point_source_light_g_dec_image_1,point_source_light_g_magnitude_0,point_source_light_g_magnitude_1,extended_source_light_g_magnitude,extended_source_light_g_R_sersic,extended_source_light_g_n_sersic,extended_source_light_g_e1,extended_source_light_g_e2,extended_source_light_g_center_x,extended_source_light_g_center_y,ps_r_mag_true,deflector_light_r_magnitude,deflector_light_r_R_sersic,deflector_light_r_n_sersic,deflector_light_r_e1,deflector_light_r_e2,deflector_light_r_center_x,deflector_light_r_center_y,point_source_light_r_ra_image_0,point_source_light_r_ra_image_1,point_source_light_r_dec_image_0,point_source_light_r_dec_image_1,point_source_light_r_magnitude_0,point_source_light_r_magnitude_1,extended_source_light_r_magnitude,extended_source_light_r_R_sersic,extended_source_light_r_n_sersic,extended_source_light_r_e1,extended_source_light_r_e2,extended_source_light_r_center_x,extended_source_light_r_center_y,ps_i_mag_true,deflector_light_i_magnitude,deflector_light_i_R_sersic,deflector_light_i_n_sersic,deflector_light_i_e1,deflector_light_i_e2,deflector_light_i_center_x,deflector_light_i_center_y,point_source_light_i_ra_image_0,point_source_light_i_ra_image_1,point_source_light_i_dec_image_0,point_source_light_i_dec_image_1,point_source_light_i_magnitude_0,point_source_light_i_magnitude_1,extended_source_light_i_magnitude,extended_source_light_i_R_sersic,extended_source_light_i_n_sersic,extended_source_light_i_e1,extended_source_light_i_e2,extended_source_light_i_center_x,extended_source_light_i_center_y,ps_z_mag_true,deflector_light_z_magnitude,deflector_light_z_R_sersic,deflector_light_z_n_sersic,deflector_light_z_e1,deflector_light_z_e2,deflector_light_z_center_x,deflector_light_z_center_y,point_source_light_z_ra_image_0,point_source_light_z_ra_image_1,point_source_light_z_dec_image_0,point_source_light_z_dec_image_1,point_source_light_z_magnitude_0,point_source_light_z_magnitude_1,extended_source_light_z_magnitude,extended_source_light_z_R_sersic,extended_source_light_z_n_sersic,extended_source_light_z_e1,extended_source_light_z_e2,extended_source_light_z_center_x,extended_source_light_z_center_y,ps_y_mag_true,deflector_light_y_magnitude,deflector_light_y_R_sersic,deflector_light_y_n_sersic,deflector_light_y_e1,deflector_light_y_e2,deflector_light_y_center_x,deflector_light_y_center_y,point_source_light_y_ra_image_0,point_source_light_y_ra_image_1,point_source_light_y_dec_image_0,point_source_light_y_dec_image_1,point_source_light_y_magnitude_0,point_source_light_y_magnitude_1,extended_source_light_y_magnitude,extended_source_light_y_R_sersic,extended_source_light_y_n_sersic,extended_source_light_y_e1,extended_source_light_y_e2,extended_source_light_y_center_x,extended_source_light_y_center_y,velocity_dispersion,point_source_redshift,image_0_arrival_time,point_source_magnification_0,image_1_arrival_time,point_source_magnification_1,num_ps_images,micro_kappa_star_0,micro_kappa_star_1,micro_kappa_tot_0,micro_kappa_tot_1,micro_shear_0,micro_shear_1,micro_shear_angle_0,micro_shear_angle_1,point_source_arrival_time_0,point_source_arrival_time_1,external_shear,extended_source_unlensed_position_ra,extended_source_unlensed_position_dec,point_source_unlensed_position_ra,point_source_unlensed_position_dec,extended_unlensed_mag,extended_magnification,black_hole_mass_exponent,black_hole_spin,i2,i3,deflector_mass_phi,deflector_mass_q,deflector_light_phi,deflector_light_q,deflector_stellar_mass,lens_obj,M_u,M_g,M_r,M_i,M_z,M_y,point_source_light_u_ra_image_2,point_source_light_u_ra_image_3,point_source_light_u_dec_image_2,point_source_light_u_dec_image_3,point_source_light_u_magnitude_2,point_source_light_u_magnitude_3,point_source_light_g_ra_image_2,point_source_light_g_ra_image_3,point_source_light_g_dec_image_2,point_source_light_g_dec_image_3,point_source_light_g_magnitude_2,point_source_light_g_magnitude_3,point_source_light_r_ra_image_2,point_source_light_r_ra_image_3,point_source_light_r_dec_image_2,point_source_light_r_dec_image_3,point_source_light_r_magnitude_2,point_source_light_r_magnitude_3,point_source_light_i_ra_image_2,point_source_light_i_ra_image_3,point_source_light_i_dec_image_2,point_source_light_i_dec_image_3,point_source_light_i_magnitude_2,point_source_light_i_magnitude_3,point_source_light_z_ra_image_2,point_source_light_z_ra_image_3,point_source_light_z_dec_image_2,point_source_light_z_dec_image_3,point_source_light_z_magnitude_2,point_source_light_z_magnitude_3,point_source_light_y_ra_image_2,point_source_light_y_ra_image_3,point_source_light_y_dec_image_2,point_source_light_y_dec_image_3,point_source_light_y_magnitude_2,point_source_light_y_magnitude_3,image_2_arrival_time,point_source_magnification_2,image_3_arrival_time,point_source_magnification_3,micro_kappa_star_2,micro_kappa_star_3,micro_kappa_tot_2,micro_kappa_tot_3,micro_shear_2,micro_shear_3,micro_shear_angle_2,micro_shear_angle_3,point_source_arrival_time_2,point_source_arrival_time_3,max_delay,tau,sf,log_sf,log_tau,point_source_light_u_ra_image_4,point_source_light_u_dec_image_4,point_source_light_u_magnitude_4,point_source_light_g_ra_image_4,point_source_light_g_dec_image_4,point_source_light_g_magnitude_4,point_source_light_r_ra_image_4,point_source_light_r_dec_image_4,point_source_light_r_magnitude_4,point_source_light_i_ra_image_4,point_source_light_i_dec_image_4,point_source_light_i_magnitude_4,point_source_light_z_ra_image_4,point_source_light_z_dec_image_4,point_source_light_z_magnitude_4,point_source_light_y_ra_image_4,point_source_light_y_dec_image_4,point_source_light_y_magnitude_4,image_4_arrival_time,point_source_magnification_4,micro_kappa_star_4,micro_kappa_tot_4,micro_shear_4,micro_shear_angle_4,point_source_arrival_time_4,AB_true,AC_true,AD_true,BC_true,BD_true,CD_true,u_median,u_uncertainty,u_cov_matrix,g_median,g_cov_matrix,g_uncertainty,r_median,r_cov_matrix,r_uncertainty,i_median,i_cov_matrix,i_uncertainty,z_median,z_cov_matrix,z_uncertainty,y_median,y_cov_matrix,y_uncertainty,bands_attempted,bands_informative,joint_median,joint_cov_matrix,joint_uncertainty,kappa_2,kappa_3,kappa_star_2,kappa_star_3,shear_2,shear_3,time_delays_2,time_delays_3
0,deblcdouble653,06062026,7.660871981832715,1.5893306750815084,0.6466130902357368,0.1595635511869529,1.2666038075282071,0.2510358242344214,0.5593138440098451,0.0249963646692651,0.0819768845806648,2,-0.2899201132271642,2.046707875985557,0.3887526645968616,0.7232674635250431,3.272536012946547,0.0,38.74172965532287,27.673356752439144,25.820330217582708,25.164938200787173,24.91235213209908,24.779646147177125,24.633657785701985,GAL-QSO-LENS_0.0123_-0.0295,0.8423225446751768,2.113862887737457,0.0123262350546133,-0.0294697606747279,-0.2375205684325171,-0.0383080756588392,-0.0232879526531367,-0.0007534544828544,0.0,0.0,-0.022210856868624,27.673356752439144,23.400769458602483,0.585340408835416,4.0,-0.1252085717667578,-0.079406639421293,0.0123262350546133,-0.0294697606747279,1.0023516462825557,-0.3603741044362403,0.2535629701447935,-0.5643309857461505,26.70483618702653,26.4660545161736,28.175698361345983,0.2670635837186202,1.0,0.0142641957898365,0.2917995699640492,0.2108887353053363,0.0571813534404774,25.820330217582708,22.49772223842901,0.585340408835416,4.0,-0.1252085717667578,-0.079406639421293,0.0123262350546133,-0.0294697606747279,1.0023516462825557,-0.3603741044362403,0.2535629701447935,-0.5643309857461505,24.851809652170093,24.61302798131716,25.905489576890258,0.2670635837186202,1.0,0.0142641957898365,0.2917995699640492,0.2108887353053363,0.0571813534404774,25.164938200787173,21.26804960315868,0.585340408835416,4.0,-0.1252085717667578,-0.079406639421293,0.0123262350546133,-0.0294697606747279,1.0023516462825557,-0.3603741044362403,0.2535629701447935,-0.5643309857461505,24.19641763537456,23.95763596452162,25.720269568073885,0.2670635837186202,1.0,0.0142641957898365,0.2917995699640492,0.2108887353053363,0.0571813534404774,24.91235213209908,20.27464368399543,0.585340408835416,4.0,-0.1252085717667578,-0.079406639421293,0.0123262350546133,-0.0294697606747279,1.0023516462825557,-0.3603741044362403,0.2535629701447935,-0.5643309857461505,23.94383156668646,23.70504989583352,25.64910640479715,0.2670635837186202,1.0,0.0142641957898365,0.2917995699640492,0.2108887353053363,0.0571813534404774,24.779646147177125,19.925436448771364,0.585340408835416,4.0,-0.1252085717667578,-0.079406639421293,0.0123262350546133,-0.0294697606747279,1.0023516462825557,-0.3603741044362403,0.2535629701447935,-0.5643309857461505,23.81112558176451,23.57234391091157,25.592155372716736,0.2670635837186202,1.0,0.0142641957898365,0.2917995699640492,0.2108887353053363,0.0571813534404774,24.633657785701985,19.65575641105839,0.585340408835416,4.0,-0.1252085717667578,-0.079406639421293,0.0123262350546133,-0.0294697606747279,1.0023516462825557,-0.3603741044362403,0.2535629701447935,-0.5643309857461505,23.66513722028937,23.42635554943643,25.57038937422229,0.2670635837186202,1.0,0.0142641957898365,0.2917995699640492,0.2108887353053363,0.0571813534404774,212.87862797485624,3.272536012946547,-65.57502682682947,2.440103378074426,-26.833297171506604,-3.040331187635452,2.0,0.0249963646692651,0.0819768845806648,0.2510358242344214,0.5593138440098451,0.3887526645968616,0.7232674635250431,-2.6263314921893164,-1.2785358218149334,0.0,38.74172965532287,0.0233001380346227,0.2108887353053363,0.0571813534404774,0.2108887353053363,0.0571813534404774,25.64910640479715,5.988312413390921,7.660871981832715,0.6461376626182601,23.70504989583352,23.70504989583352,-1.4908432396682103,0.6121362123614242,-1.2882042862830847,0.7417577543653905,307344417346.5301,<slsim.Lenses.lens.Lens object at 0x7fe6f9556a50>,-18.647717900274827,-20.500744435131264,-21.1561364519268,-21.40872252061489,-21.54142850553685,-21.687416867011983,,,,,,,,,,,,,,,,,,,,,,,,,,,,,,,,,,,,,,,,,,,,,,,,,,,38.74172965532287,,,-0.2899201132271642,2.046707875985557,,,,,,,,,,,,,,,,,,,,,,,,,,38.74172965532287,,,,,,,,,44.37120395498457,79.48622521713402,8.91550476513439,44.431939259256644,43.650623470606796,6.606861847398264,46.479386655177656,7.360024541661635,2.7129365163345853,52.69422794019612,87.87630973061648,9.374236487875505,38.56751744426528,54.10131620904109,7.355359692703076,"['g', 'r', 'i', 'z', 'y']","['g', 'r', 'i', 'z', 'y']",[45.73917606],[[4.96962173]],2.229264841535516,,,,,,,,
1,deblcquad134,06062026,7.478397975127096,0.7958522758634912,0.6148298755228511,0.6373450896280208,80.42177786521549,0.3293513271181328,0.503797473177744,0.0181846242044739,0.0586898970730096,4,-0.4493383255092539,2.235275820214897,0.1248989225936611,0.1874068393830045,2.4509444558520848,0.0,49.760714101875756,24.480413644641,23.65479912008831,23.39923219655616,23.23816446417956,22.97069593274501,22.72672606667712,GAL-QSO-LENS_-0.0092_0.0554,0.9716296484456096,1.7361853927920683,-0.0092402703634775,0.0553565109941625,-0.170784638577908,-0.3263695364403955,0.035391434365074,-0.0096245631389645,0.0,0.0,-0.0346811019291683,24.480413644641,23.687572675704107,0.771271167558867,4.0,-0.2014803381919324,-0.1362376832315238,-0.0092402703634775,0.0553565109941625,1.2388321470329997,-0.7480901025529255,0.6883259960462872,-0.307000637268476,23.574562927387657,22.791611721806827,27.584402638169227,0.375773052416421,1.0,-0.0651958770456885,-0.1926262818363339,0.1791632122792964,0.1645547078157258,23.65479912008831,22.425973216708424,0.771271167558867,4.0,-0.2014803381919324,-0.1362376832315238,-0.0092402703634775,0.0553565109941625,1.2388321470329997,-0.7480901025529255,0.6883259960462872,-0.307000637268476,22.74894840283497,21.965997197254136,26.439325295265885,0.375773052416421,1.0,-0.0651958770456885,-0.1926262818363339,0.1791632122792964,0.1645547078157258,23.39923219655616,21.049402066394205,0.771271167558867,4.0,-0.2014803381919324,-0.1362376832315238,-0.0092402703634775,0.0553565109941625,1.2388321470329997,-0.7480901025529255,0.6883259960462872,-0.307000637268476,22.493381479302816,21.710430273721983,25.77026880715033,0.375773052416421,1.0,-0.0651958770456885,-0.1926262818363339,0.1791632122792964,0.1645547078157258,23.23816446417956,19.969494305677348,0.771271167558867,4.0,-0.2014803381919324,-0.1362376832315238,-0.0092402703634775,0.0553565109941625,1.2388321470329997,-0.7480901025529255,0.6883259960462872,-0.307000637268476,22.33231374692621,21.54936254134539,25.331095146673743,0.375773052416421,1.0,-0.0651958770456885,-0.1926262818363339,0.1791632122792964,0.1645547078157258,22.97069593274501,19.59290056455085,0.771271167558867,4.0,-0.2014803381919324,-0.1362376832315238,-0.0092402703634775,0.0553565109941625,1.2388321470329997,-0.7480901025529255,0.6883259960462872,-0.307000637268476,22.064845215491665,21.28189400991084,25.01145143191041,0.375773052416421,1.0,-0.0651958770456885,-0.1926262818363339,0.1791632122792964,0.1645547078157258,22.72672606667712,19.31220554048409,0.771271167558867,4.0,-0.2014803381919324,-0.1362376832315238,-0.0092402703634775,0.0553565109941625,1.2388321470329997,-0.7480901025529255,0.6883259960462872,-0.307000637268476,21.820875349423776,21.037924143842947,24.62126869812762,0.375773052416421,1.0,-0.0651958770456885,-0.1926262818363339,0.1791632122792964,0.1645547078157258,235.06575557812687,2.4509444558520848,-64.29541862573245,2.303245794737596,-14.534704523856696,4.737189621516065,4.0,0.0181846242044739,0.0586898970730096,0.3293513271181328,0.503797473177744,0.1248989225936611,0.1874068393830045,-1.985716343589932,-2.116733365946022,0.0,49.76071410187576,0.0366767752403787,0.1791632122792964,0.1645547078157258,0.1791632122792964,0.1645547078157258,25.331095146673743,6.41882503848142,7.478397975127096,0.9951098560150488,21.54936254134539,22.47881159587316,-1.0264493980734464,0.4616103736390641,-1.2735151850456092,0.6087282166334148,425290023544.2777,<slsim.Lenses.lens.Lens object at 0x7fad500a6410>,-21.21621920291213,-22.04183372746482,-22.29740065099697,-22.458468383373567,-22.72593691480812,-22.96990678087601,-0.497746231530884,0.0523297010546063,0.4484520688877717,-0.5505694457476568,23.7210607763346,23.68876226988696,-0.497746231530884,0.0523297010546063,0.4484520688877717,-0.5505694457476568,22.8954462517819,22.863147745334263,-0.497746231530884,0.0523297010546063,0.4484520688877717,-0.5505694457476568,22.63987932824975,22.60758082180212,-0.497746231530884,0.0523297010546063,0.4484520688877717,-0.5505694457476568,22.47881159587316,22.446513089425515,-0.497746231530884,0.0523297010546063,0.4484520688877717,-0.5505694457476568,22.2113430644386,22.179044557990963,-0.497746231530884,0.0523297010546063,0.4484520688877717,-0.5505694457476568,21.967373198370712,21.93507469192308,-8.502651526906693,-2.012524366779577,-8.334288618905482,-2.0732923722592416,0.1687612020223898,0.2450740154412737,0.981378271169744,0.9442388789933788,0.7051490356929399,0.6967308978592021,1.632582988481072,0.3080652751634088,55.79276709882576,55.96113000682697,49.76071410187576,1.6248628228358806,-0.5113950706800418,-0.4493383255092539,2.235275820214897,,,,,,,,,,,,,,,,,,,,,,,,,,49.760714101875756,55.79276709882576,55.96113000682697,6.032052996950007,6.200415904951214,0.1683629080012068,,,,,,,[48.36828122 55.53459349 50.50820887  7.33682009  2.25402729 -5.45320577],"[[ 10.63410436   7.35379372   6.63059624  -2.62880055  -2.90470595
   -0.13490471]
 [  7.35379372  20.6393597    3.87277081  12.03306489  -2.57008842
  -14.76731636]
 [  6.63059624   3.87277081  18.54225038  -2.43184764  10.87438373
   13.3347013 ]
 [ -2.62880055  12.03306489  -2.43184764  14.95879269   0.35394579
  -13.8171145 ]
 [ -2.90470595  -2.57008842  10.87438373   0.35394579  14.78895121
   13.57551685]
 [ -0.13490471 -14.76731636  13.3347013  -13.8171145   13.57551685
   30.2719012 ]]",1.657662918697983,[46.90413977 55.17306933 54.49373913  9.87396403  6.74203826 -3.47329617],"[[ 11.41846845   5.44355069   6.85118463  -3.34616146  -2.96828301
    1.61615696]
 [  5.44355069  25.42026442   2.18328683  14.04181269  -3.36493376
  -18.76139648]
 [  6.85118463   2.18328683  23.45595344  -4.39463047  13.38220852
   17.85807221]
 [ -3.34616146  14.04181269  -4.39463047  18.39917847  -0.77366963
  -17.3441093 ]
 [ -2.96828301  -3.36493376  13.38220852  -0.77366963  17.5694589
   15.50594715]
 [  1.61615696 -18.76139648  17.85807221 -17.3441093   15.50594715
   41.10756287]]",1.8102910693535323,[40.0505727  42.46284589 49.11272732  0.82056661  8.67861535  7.62944356],"[[ 25.91292347  16.31369792  19.01424185  -4.05781153  -2.33333273
    2.56996635]
 [ 16.31369792  46.05546063  11.63326441  17.48929352  -4.51900516
  -24.5398989 ]
 [ 19.01424185  11.63326441  57.61912487  -5.60745335  23.92823618
   30.35391702]
 [ -4.05781153  17.48929352  -5.60745335  23.20501273  -1.43329815
  -22.75989034]
 [ -2.33333273  -4.51900516  23.92823618  -1.43329815  29.65883117
   27.24689702]
 [  2.56996635 -24.5398989   30.35391702 -22.75989034  27.24689702
   63.62107496]]",2.424015906908539,,,,"['u', 'g', 'r', 'i', 'z', 'y']","['r', 'i', 'z']",[46.3651203  52.62486538 52.08046668  6.55671672  5.36820325 -1.59939145],"[[ 4.44444711  2.8806435   2.88572172 -1.09965131 -1.0336608   0.21907092]
 [ 2.8806435   8.64976156  1.46744238  4.78475644 -1.12465996 -6.09811986]
 [ 2.88572172  1.46744238  8.544993   -1.25779923  4.77875042  6.06861689]
 [-1.09965131  4.78475644 -1.25779923  6.06700477 -0.10165908 -5.76512834]
 [-1.0336608  -1.12465996  4.77875042 -0.10165908  6.26856221  5.78832973]
 [ 0.21907092 -6.09811986  6.06861689 -5.76512834  5.78832973 13.41408385]]",1.0805045711193833,0.981378271169744,0.9442388789933788,0.1687612020223898,0.2450740154412737,0.7051490356929399,0.6967308978592021,55.79276709882576,55.96113000682697
2,deblcdouble91,06062026,7.848340586310767,0.536035446523038,1.063871992079607,0.2437424223690669,43.94672530836917,0.3104645542973725,0.9000221706310658,0.0287788528935669,0.1682860441264426,2,-0.6127948535637288,2.193310351758164,0.342485222830566,0.960264995755986,2.1157092922446066,0.0,18.05607281685047,23.72459211945243,23.547213805100583,23.236695849071243,22.939993149557377,22.649894674310204,22.64669659266365,GAL-QSO-LENS_-0.0357_-0.0287,0.277570565729602,2.0176516892254104,-0.0356900144259436,-0.028720311285088,-0.0534441816508548,-0.0484922885939601,-0.0046088779129942,0.0218041414488992,0.0,0.0,-0.0381379290879204,23.72459211945243,25.540617976460712,0.2950712638427793,4.0,-0.0995472016629047,-0.02742414919658,-0.0356900144259436,-0.028720311285088,-0.1865356131941984,-0.0155774578724069,-0.3858938164977449,0.1221488087396686,22.6097939263004,23.62471408546324,25.474977881457075,0.2808437399479228,1.0,0.03869265205763,0.1462823576257548,-0.0668615069318782,-0.1461406337029461,23.547213805100583,25.27160699287424,0.2950712638427793,4.0,-0.0995472016629047,-0.02742414919658,-0.0356900144259436,-0.028720311285088,-0.1865356131941984,-0.0155774578724069,-0.3858938164977449,0.1221488087396686,22.43241561194856,23.44733577111139,25.31855703849286,0.2808437399479228,1.0,0.03869265205763,0.1462823576257548,-0.0668615069318782,-0.1461406337029461,23.236695849071243,24.38091804091908,0.2950712638427793,4.0,-0.0995472016629047,-0.02742414919658,-0.0356900144259436,-0.028720311285088,-0.1865356131941984,-0.0155774578724069,-0.3858938164977449,0.1221488087396686,22.121897655919213,23.13681781508205,25.18883579514088,0.2808437399479228,1.0,0.03869265205763,0.1462823576257548,-0.0668615069318782,-0.1461406337029461,22.939993149557377,23.5340276145042,0.2950712638427793,4.0,-0.0995472016629047,-0.02742414919658,-0.0356900144259436,-0.028720311285088,-0.1865356131941984,-0.0155774578724069,-0.3858938164977449,0.1221488087396686,21.825194956405348,22.840115115568185,25.16555948458775,0.2808437399479228,1.0,0.03869265205763,0.1462823576257548,-0.0668615069318782,-0.1461406337029461,22.649894674310204,22.63298497106416,0.2950712638427793,4.0,-0.0995472016629047,-0.02742414919658,-0.0356900144259436,-0.028720311285088,-0.1865356131941984,-0.0155774578724069,-0.3858938164977449,0.1221488087396686,21.53509648115817,22.55001664032101,25.03583175985292,0.2808437399479228,1.0,0.03869265205763,0.1462823576257548,-0.0668615069318782,-0.1461406337029461,22.64669659266365,22.157068290552328,0.2950712638427793,4.0,-0.0995472016629047,-0.02742414919658,-0.0356900144259436,-0.028720311285088,-0.1865356131941984,-0.0155774578724069,-0.3858938164977449,0.1221488087396686,21.53189839951162,22.546818558674456,24.849264184486938,0.2808437399479228,1.0,0.03869265205763,0.1462823576257548,-0.0668615069318782,-0.1461406337029461,165.10819628424505,2.1157092922446066,-19.499440840087203,2.792024836623707,-1.443368023236732,-1.096355030350448,2.0,0.0287788528935669,0.1682860441264426,0.3104645542973725,0.9000221706310658,0.342485222830566,0.960264995755986,-0.7662081449234153,-0.2457908681847876,0.0,18.05607281685047,0.0222859224610625,-0.0668615069318782,-0.1461406337029461,-0.0668615069318782,-0.1461406337029461,25.16555948458775,2.5050547950954827,7.848340586310767,0.6557824893118372,22.840115115568185,22.840115115568185,-1.202367279750982,0.8653845813896542,-1.4363859860170156,0.8128164577840303,134818790318.89977,<slsim.Lenses.lens.Lens object at 0x7fad5da82f10>,-21.55552053920927,-21.73289885356112,-22.043416809590457,-22.340119509104323,-22.630217984351496,-22.63341606599805,,,,,,,,,,,,,,,,,,,,,,,,,,,,,,,,,,,,,,,,,,,,,,,,,,,18.05607281685047,2.225731113505644,-0.4484046760883594,-0.6127948535637288,2.193310351758164,,,,,,,,,,,,,,,,,,,,,,,,,,18.05607281685047,,,,,,,,,,,,20.44470514551889,41.55953306251629,6.446668369205623,25.210895657525608,24.74322467709644,4.974256193351569,20.77532297601864,21.68414614700285,4.656623900102181,,,,"['u', 'g', 'r', 'i', 'z', 'y']","['r', 'i', 'z']",[22.32431702],[[9.04211342]],3.007010711584773,,,,,,,,
3,deblcdouble98,06062026,6.237018386666794,1.5356535118075079,0.3525673780128042,0.6451918940199863,84.24554078588324,0.3891209719634528,0.9256552202873468,0.0164390453818634,0.1155966982479873,2,-0.2912828574888785,2.126334924330127,0.2910447295837113,0.7123031153787379,1.3084145718831677,0.0,26.63121231318642,25.655906476344324,25.418414572616385,24.87150518725653,24.713127720954937,24.67865570276685,24.652222849971142,GAL-QSO-LENS_-0.0376_0.0123,0.7816190320678552,1.870207441696951,-0.037635703207098,0.0122617980764336,0.0407376891653336,0.1068629107942469,-0.0042617060037124,0.0067439167001614,0.0,0.0,-0.0024260818227366,25.655906476344324,21.662227323423643,0.6375472905867493,4.0,0.1602880918446466,0.0441379853123224,-0.037635703207098,0.0122617980764336,-0.1405546940157722,-0.1636104826882994,1.119305841767258,-0.4161745843324757,24.30614363062865,24.907338229557823,25.91109924015555,0.1101206133659238,1.0,-0.002199272783202,0.1053719833764066,-0.0162194023633033,0.2912485487232459,25.418414572616385,20.475254222753023,0.6375472905867493,4.0,0.1602880918446466,0.0441379853123224,-0.037635703207098,0.0122617980764336,-0.1405546940157722,-0.1636104826882994,1.119305841767258,-0.4161745843324757,24.068651726900715,24.669846325829887,25.683521270002352,0.1101206133659238,1.0,-0.002199272783202,0.1053719833764066,-0.0162194023633033,0.2912485487232459,24.87150518725653,19.184587970010675,0.6375472905867493,4.0,0.1602880918446466,0.0441379853123224,-0.037635703207098,0.0122617980764336,-0.1405546940157722,-0.1636104826882994,1.119305841767258,-0.4161745843324757,23.52174234154086,24.12293694047004,25.459486250041152,0.1101206133659238,1.0,-0.002199272783202,0.1053719833764066,-0.0162194023633033,0.2912485487232459,24.713127720954937,18.67413237474561,0.6375472905867493,4.0,0.1602880918446466,0.0441379853123224,-0.037635703207098,0.0122617980764336,-0.1405546940157722,-0.1636104826882994,1.119305841767258,-0.4161745843324757,23.363364875239267,23.96455947416844,25.23067079165361,0.1101206133659238,1.0,-0.002199272783202,0.1053719833764066,-0.0162194023633033,0.2912485487232459,24.67865570276685,18.36799426564477,0.6375472905867493,4.0,0.1602880918446466,0.0441379853123224,-0.037635703207098,0.0122617980764336,-0.1405546940157722,-0.1636104826882994,1.119305841767258,-0.4161745843324757,23.32889285705118,23.93008745598035,24.953104861386542,0.1101206133659238,1.0,-0.002199272783202,0.1053719833764066,-0.0162194023633033,0.2912485487232459,24.652222849971142,18.21810788276948,0.6375472905867493,4.0,0.1602880918446466,0.0441379853123224,-0.037635703207098,0.0122617980764336,-0.1405546940157722,-0.1636104826882994,1.119305841767258,-0.4161745843324757,23.30246000425548,23.90365460318465,24.6091484087028,0.1101206133659238,1.0,-0.002199272783202,0.1053719833764066,-0.0162194023633033,0.2912485487232459,203.7066625736248,1.3084145718831677,-28.01113298276845,3.466611219751476,-1.379920669582032,-1.992632909708832,2.0,0.0164390453818634,0.1155966982479873,0.3891209719634528,0.9256552202873468,0.2910447295837113,0.7123031153787379,0.1885323091256099,-0.5914110664595181,0.0,26.63121231318642,0.0079776281262537,-0.0162194023633033,0.2912485487232459,-0.0162194023633033,0.2912485487232459,25.23067079165361,6.518088703912362,6.237018386666794,0.853973720242417,23.96455947416844,23.96455947416844,0.6032942530558023,0.794744881982513,0.1343534975048668,0.7148921121421608,271002922569.05048,<slsim.Lenses.lens.Lens object at 0x7fad500e3090>,-18.4279687947533,-18.66546069848124,-19.21237008384109,-19.37074755014269,-19.40521956833077,-19.43165242112648,,,,,,,,,,,,,,,,,,,,,,,,,,,,,,,,,,,,,,,,,,,,,,,,,,,26.63121231318642,2.335095963764733,-0.2669823623165172,-0.2912828574888785,2.126334924330127,,,,,,,,,,,,,,,,,,,,,,,,,,26.63121231318642,,,,,,6.777965018416529,9.079731120019918,82.44151721185816,31.885058387307634,55.19170217375124,7.429111802480243,15.709666288879747,16.12500739534101,4.0155955218797885,8.537379376697194,33.96326783765256,5.827801286733493,20.949926722185534,33.398810212652144,5.779170374080707,36.445981921440975,83.39763863496036,9.132230758963571,"['u', 'g', 'r', 'i', 'z', 'y']","['u', 'g', 'r', 'i', 'z', 'y']",[18.02635962],[[6.11099549]],2.472042776809582,,,,,,,,
4,deblcdouble23,06062026,8.642332859869796,0.5991909153469501,0.91799749226776,0.428223067690222,62.363767849062064,0.2651295089493635,2.3051492217248817,0.0175214557801731,0.8228585113234373,2,-0.6431092191310823,2.379793812192579,0.3223747866496586,2.921319963435464,2.995327272921224,0.0,26.10534249606142,22.468392797789807,21.570051331193323,21.291631658262133,21.14927478676584,21.184737097432027,21.03293933655074,GAL-QSO-LENS_0.0300_-0.0373,0.2833724474750298,2.122833983626709,0.0300147056771489,-0.0372749867521116,0.004415790168663,0.0561468689798569,0.0700190830067562,0.0334656526386627,0.0,0.0,0.0411145801636103,22.468392797789807,27.7463788234718,0.2261611831063142,4.0,-0.0092113544207691,-0.0203513142787467,0.0300147056771489,-0.0372749867521116,0.2195306014223771,0.0119457254472582,0.4600834235950357,-0.1020004423010692,21.56738075855283,24.55455516575018,25.68416046860616,0.6237275933169021,1.0,0.296583983418505,-0.298256314142981,0.0941249600818862,0.220766924022797,21.570051331193323,26.963742322822835,0.2261611831063142,4.0,-0.0092113544207691,-0.0203513142787467,0.0300147056771489,-0.0372749867521116,0.2195306014223771,0.0119457254472582,0.4600834235950357,-0.1020004423010692,20.669039291956345,23.656213699153696,24.455922783252326,0.6237275933169021,1.0,0.296583983418505,-0.298256314142981,0.0941249600818862,0.220766924022797,21.291631658262133,25.11511060382309,0.2261611831063142,4.0,-0.0092113544207691,-0.0203513142787467,0.0300147056771489,-0.0372749867521116,0.2195306014223771,0.0119457254472582,0.4600834235950357,-0.1020004423010692,20.39061961902516,23.377794026222507,24.33193909712512,0.6237275933169021,1.0,0.296583983418505,-0.298256314142981,0.0941249600818862,0.220766924022797,21.14927478676584,24.0193254426795,0.2261611831063142,4.0,-0.0092113544207691,-0.0203513142787467,0.0300147056771489,-0.0372749867521116,0.2195306014223771,0.0119457254472582,0.4600834235950357,-0.1020004423010692,20.248262747528862,23.235437154726213,24.15636629043334,0.6237275933169021,1.0,0.296583983418505,-0.298256314142981,0.0941249600818862,0.220766924022797,21.184737097432027,23.13579219037852,0.2261611831063142,4.0,-0.0092113544207691,-0.0203513142787467,0.0300147056771489,-0.0372749867521116,0.2195306014223771,0.0119457254472582,0.4600834235950357,-0.1020004423010692,20.283725058195053,23.2708994653924,24.025467635488653,0.6237275933169021,1.0,0.296583983418505,-0.298256314142981,0.0941249600818862,0.220766924022797,21.03293933655074,22.78971167688832,0.2261611831063142,4.0,-0.0092113544207691,-0.0203513142787467,0.0300147056771489,-0.0372749867521116,0.2195306014223771,0.0119457254472582,0.4600834235950357,-0.1020004423010692,20.13192729731377,23.11910170451112,24.04012434068933,0.6237275933169021,1.0,0.296583983418505,-0.298256314142981,0.0941249600818862,0.220766924022797,138.53386402558195,2.995327272921224,-21.03081042435126,2.29300401776676,5.074532071710163,-0.1463979693644854,2.0,0.0175214557801731,0.8228585113234373,0.2651295089493635,2.3051492217248817,0.3223747866496586,2.921319963435464,-0.4988423146952389,-0.5156508687337786,0.0,26.10534249606142,0.0776055532268062,0.0941249600818862,0.220766924022797,0.0941249600818862,0.220766924022797,24.15636629043334,1.3964999095830646,8.642332859869796,-0.9918943522812272,23.235437154726213,23.235437154726213,0.7461553751983171,0.8933652060055088,-0.9979122833465164,0.956298505067774,59613501406.58975,<slsim.Lenses.lens.Lens object at 0x7fad7409f310>,-23.64564643011608,-24.54398789671256,-24.82240756964375,-24.964764441140044,-24.929302130473857,-25.081099891355144,,,,,,,,,,,,,,,,,,,,,,,,,,,,,,,,,,,,,,,,,,,,,,,,,,,26.10534249606142,2.3456435184269875,-0.6458102871507873,-0.6431092191310823,2.379793812192579,,,,,,,,,,,,,,,,,,,,,,,,,,26.10534249606142,,,,,,,,,34.43328013160705,64.69589736260103,8.043375992865249,19.598834173877236,88.81235844218872,9.424030902017922,21.020913485724947,47.17228210190638,6.868208070661982,,,,,,,"['u', 'g', 'r', 'i', 'z']","['g', 'r', 'i']",[25.01339578],[[20.87006705]],4.568376850433664,,,,,,,,
5,deblcdouble29,06062026,7.396164028353418,2.1849303576652304,0.2191464928071784,0.1169711372350856,81.51798979440866,0.3488036166991147,1.498004289733171,0.0256580933598631,0.4445446539512137,2,-0.3276775037820979,2.2703292216128768,0.2971643120693533,1.210201064337521,1.1824444839066195,0.0,47.0585164018206,25.051473895354768,24.42984284546445,23.72262662800442,23.44888315765286,23.384589403682543,23.1720407712056,GAL-QSO-LENS_-0.0065_-0.0336,1.162921223664905,1.8820648378184184,-0.006463557565254,-0.0336105273905181,0.1159685941657608,-0.0185391370448749,0.0088694715184528,0.0245323157347115,0.0,0.0,-0.0045839797351956,25.051473895354768,20.17267435685448,1.2108990063003278,4.0,0.0696159095868824,-0.0628089367902167,-0.006463557565254,-0.0336105273905181,-0.7723945947933155,0.2435701582489435,1.6202575982568057,-0.3140992169205011,23.86651427614624,25.26432409851296,25.74407000631856,0.4216779253257326,1.0,-0.1754978168445926,0.1995253828891221,-0.3599876816040426,0.4888325675522464,24.42984284546445,18.66055927682036,1.2108990063003278,4.0,0.0696159095868824,-0.0628089367902167,-0.006463557565254,-0.0336105273905181,-0.7723945947933155,0.2435701582489435,1.6202575982568057,-0.3140992169205011,23.24488322625591,24.64269304862264,25.484838216506883,0.4216779253257326,1.0,-0.1754978168445926,0.1995253828891221,-0.3599876816040426,0.4888325675522464,23.72262662800442,17.521584331452917,1.2108990063003278,4.0,0.0696159095868824,-0.0628089367902167,-0.006463557565254,-0.0336105273905181,-0.7723945947933155,0.2435701582489435,1.6202575982568057,-0.3140992169205011,22.53766700879589,23.93547683116261,25.083735058107745,0.4216779253257326,1.0,-0.1754978168445926,0.1995253828891221,-0.3599876816040426,0.4888325675522464,23.44888315765286,17.047609511936944,1.2108990063003278,4.0,0.0696159095868824,-0.0628089367902167,-0.006463557565254,-0.0336105273905181,-0.7723945947933155,0.2435701582489435,1.6202575982568057,-0.3140992169205011,22.263923538444324,23.66173336081105,24.531844570455657,0.4216779253257326,1.0,-0.1754978168445926,0.1995253828891221,-0.3599876816040426,0.4888325675522464,23.384589403682543,16.802861337297944,1.2108990063003278,4.0,0.0696159095868824,-0.0628089367902167,-0.006463557565254,-0.0336105273905181,-0.7723945947933155,0.2435701582489435,1.6202575982568057,-0.3140992169205011,22.19962978447401,23.597439606840734,23.80262776291573,0.4216779253257326,1.0,-0.1754978168445926,0.1995253828891221,-0.3599876816040426,0.4888325675522464,23.1720407712056,16.599956228484086,1.2108990063003278,4.0,0.0696159095868824,-0.0628089367902167,-0.006463557565254,-0.0336105273905181,-0.7723945947933155,0.2435701582489435,1.6202575982568057,-0.3140992169205011,21.987081151997064,23.38489097436379,23.38965771684633,0.4216779253257326,1.0,-0.1754978168445926,0.1995253828891221,-0.3599876816040426,0.4888325675522464,230.20289123150187,1.1824444839066195,-41.60458809438936,2.978405654257764,5.453928307431243,-0.8219774791466247,2.0,0.0256580933598631,0.4445446539512137,0.3488036166991147,1.498004289733171,0.2971643120693533,1.210201064337521,0.916640625298777,1.4733415343142735,0.0,47.0585164018206,0.026086434028518,-0.3599876816040426,0.4888325675522464,-0.3599876816040426,0.4888325675522464,24.531844570455657,3.9831260081783832,7.396164028353418,-0.1192951519604114,23.66173336081105,23.66173336081105,-0.0792610483349016,0.7898034905012122,-0.3670204145354742,0.8285511459738157,396147417428.25134,<slsim.Lenses.lens.Lens object at 0x7fad5e5a2fd0>,-18.80949092647351,-19.43112197636384,-20.13833819382386,-20.41208166417542,-20.476375418145736,-20.68892405062268,,,,,,,,,,,,,,,,,,,,,,,,,,,,,,,,,,,,,,,,,,,,,,,,,,,47.0585164018206,2.0774874082563786,-0.3647353006338254,-0.3276775037820979,2.2703292216128768,,,,,,,,,,,,,,,,,,,,,,,,,,47.0585164018206,,,,,,,,,73.7969177358617,89.4564373082967,9.458141324187153,51.38274635015382,2.7999913514778565,1.673317468825882,58.64813472619148,5.556828772497027,2.357292678582154,52.35399332434524,8.588594129222098,2.9306303296768936,44.007522834601446,33.19020689264121,5.761094244381114,"['u', 'g', 'r', 'i', 'z', 'y']","['g', 'r', 'i', 'z', 'y']",[53.4679688],[[1.43917154]],1.1996547572466416,,,,,,,,
6,deblcdouble112,06062026,8.824840328591348,0.7707168925954704,0.655057284848782,0.6669658133214389,84.86107581973401,0.2886814437539535,0.9415560619618486,0.0172664897945257,0.2837707069459014,2,-0.6691076975910796,2.3015882375351584,0.2961101528005313,1.1746766070701409,3.061453355239927,0.0,17.079388356081857,22.314996206813163,21.06378804010091,20.5610833191466,20.287780428421563,20.23876672495973,20.02969790484503,GAL-QSO-LENS_0.0308_0.0418,0.3608907465474899,2.125921275341069,0.0308301806366282,0.0417808117747446,0.0227995948683327,-0.048536568528636,-0.0029296530485036,0.0667536705357457,0.0,0.0,0.047685736090869,22.314996206813163,25.561742639810227,0.134246804861559,4.0,0.0335960358561078,-0.0247079880989874,0.0308301806366282,0.0417808117747446,0.1273061610066503,0.0626113111421173,0.6228907236656518,-0.1451060894351731,21.368697350810724,22.661896863276013,25.88466937324349,0.4475548794192073,1.0,0.0342586815189638,0.1348393943500049,0.0162890034817995,0.246341718750043,21.06378804010091,24.65634449715383,0.134246804861559,4.0,0.0335960358561078,-0.0247079880989874,0.0308301806366282,0.0417808117747446,0.1273061610066503,0.0626113111421173,0.6228907236656518,-0.1451060894351731,20.11748918409847,21.41068869656376,24.440114652089527,0.4475548794192073,1.0,0.0342586815189638,0.1348393943500049,0.0162890034817995,0.246341718750043,20.5610833191466,23.370625231361903,0.134246804861559,4.0,0.0335960358561078,-0.0247079880989874,0.0308301806366282,0.0417808117747446,0.1273061610066503,0.0626113111421173,0.6228907236656518,-0.1451060894351731,19.614784463144154,20.907983975609444,24.181361325013725,0.4475548794192073,1.0,0.0342586815189638,0.1348393943500049,0.0162890034817995,0.246341718750043,20.287780428421563,22.25498775268852,0.134246804861559,4.0,0.0335960358561078,-0.0247079880989874,0.0308301806366282,0.0417808117747446,0.1273061610066503,0.0626113111421173,0.6228907236656518,-0.1451060894351731,19.341481572419124,20.634681084884413,23.97108903465587,0.4475548794192073,1.0,0.0342586815189638,0.1348393943500049,0.0162890034817995,0.246341718750043,20.23876672495973,21.83573690506085,0.134246804861559,4.0,0.0335960358561078,-0.0247079880989874,0.0308301806366282,0.0417808117747446,0.1273061610066503,0.0626113111421173,0.6228907236656518,-0.1451060894351731,19.29246786895729,20.58566738142258,23.790348862162112,0.4475548794192073,1.0,0.0342586815189638,0.1348393943500049,0.0162890034817995,0.246341718750043,20.02969790484503,21.53096326703101,0.134246804861559,4.0,0.0335960358561078,-0.0247079880989874,0.0308301806366282,0.0417808117747446,0.1273061610066503,0.0626113111421173,0.6228907236656518,-0.1451060894351731,19.08339904884259,20.37659856130788,23.73718976474885,0.4475548794192073,1.0,0.0342586815189638,0.1348393943500049,0.0162890034817995,0.246341718750043,140.939061753038,3.061453355239927,-17.847247608491,2.3906695083692813,-0.7678592524091439,-0.726506890044842,2.0,0.0172664897945257,0.2837707069459014,0.2886814437539535,0.9415560619618486,0.2961101528005313,1.1746766070701409,-0.123045521822915,0.3842144880359367,0.0,17.079388356081857,0.066817927212534,0.0162890034817995,0.246341718750043,0.0162890034817995,0.246341718750043,23.97108903465587,2.1733356239795616,8.824840328591348,-0.0204353096667641,20.634681084884413,20.634681084884413,-0.5658239799622269,0.8982089119483097,-0.3170598548216529,0.9199321909962788,65944777475.22941,<slsim.Lenses.lens.Lens object at 0x7fad50115550>,-23.84892274277972,-25.10013090949197,-25.60283563044629,-25.87613852117132,-25.92515222463315,-26.13422104474785,,,,,,,,,,,,,,,,,,,,,,,,,,,,,,,,,,,,,,,,,,,,,,,,,,,17.079388356081857,2.418657271045796,-0.6276063009756803,-0.6691076975910796,2.3015882375351584,,,,,,,,,,,,,,,,,,,,,,,,,,17.079388356081857,,,,,,21.783772337602045,9.028792110442524,81.51908697358917,16.260604377205627,17.328299128469308,4.162727366579429,16.678385490810594,2.0358921422086778,1.4268469231871643,19.107771880106956,2.5494880503523705,1.5967116365682221,16.56596215480122,3.309175551669623,1.819113946862489,18.713596343856977,6.199843805519437,2.4899485547937408,"['u', 'g', 'r', 'i', 'z', 'y']","['u', 'g', 'r', 'i', 'z', 'y']",[17.5858045],[[0.70577539]],0.8401043950317773,,,,,,,,
7,deblcdouble125,06062026,6.530821227360601,1.0846884799449104,0.7100067119006578,0.6977074395734781,55.81199420825378,0.3137216258718348,0.5598601691877512,0.0445223545594685,0.119804965707651,2,-0.3579007107183284,1.9195849170263888,0.4503418272313967,0.8740394199417694,1.524903194762491,0.0,28.573167848803884,26.23122880326056,25.60840387965513,24.77294032803531,24.18542518597163,23.97612608276123,23.877788227501693,GAL-QSO-LENS_-0.0428_-0.0233,0.5173041112121287,2.2839108532036048,-0.0428066811727673,-0.0232940941843431,-0.0143109669234606,0.0648050500439331,0.0055456534952078,0.0260638916363817,0.0,0.0,0.0367519416748573,26.23122880326056,24.888871493559563,0.4359111772609053,4.0,-0.0278387376849631,0.0451053871431971,-0.0428066811727673,-0.0232940941843431,0.4333816113709695,-0.3093191544884118,0.4537748304404683,-0.3367595906425662,24.80225527697063,25.62133841532848,28.210425060843416,0.0417426209292482,1.0,-0.1018071325623045,0.0620421016407106,0.0660983574930634,0.0959080202113097,25.60840387965513,23.747712707598644,0.4359111772609053,4.0,-0.0278387376849631,0.0451053871431971,-0.0428066811727673,-0.0232940941843431,0.4333816113709695,-0.3093191544884118,0.4537748304404683,-0.3367595906425662,24.179430353365213,24.998513491723056,28.07066711898413,0.0417426209292482,1.0,-0.1018071325623045,0.0620421016407106,0.0660983574930634,0.0959080202113097,24.77294032803531,22.312081002789743,0.4359111772609053,4.0,-0.0278387376849631,0.0451053871431971,-0.0428066811727673,-0.0232940941843431,0.4333816113709695,-0.3093191544884118,0.4537748304404683,-0.3367595906425662,23.34396680174539,24.16304994010323,28.00041048320197,0.0417426209292482,1.0,-0.1018071325623045,0.0620421016407106,0.0660983574930634,0.0959080202113097,24.18542518597163,21.064871193287047,0.4359111772609053,4.0,-0.0278387376849631,0.0451053871431971,-0.0428066811727673,-0.0232940941843431,0.4333816113709695,-0.3093191544884118,0.4537748304404683,-0.3367595906425662,22.75645165968171,23.575534798039552,27.652580509593047,0.0417426209292482,1.0,-0.1018071325623045,0.0620421016407106,0.0660983574930634,0.0959080202113097,23.97612608276123,20.56612996683814,0.4359111772609053,4.0,-0.0278387376849631,0.0451053871431971,-0.0428066811727673,-0.0232940941843431,0.4333816113709695,-0.3093191544884118,0.4537748304404683,-0.3367595906425662,22.547152556471307,23.36623569482915,27.23570292375639,0.0417426209292482,1.0,-0.1018071325623045,0.0620421016407106,0.0660983574930634,0.0959080202113097,23.877788227501693,20.24776889276968,0.4359111772609053,4.0,-0.0278387376849631,0.0451053871431971,-0.0428066811727673,-0.0232940941843431,0.4333816113709695,-0.3093191544884118,0.4537748304404683,-0.3367595906425662,22.44881470121177,23.267897839569613,26.75563052703573,0.0417426209292482,1.0,-0.1018071325623045,0.0620421016407106,0.0660983574930634,0.0959080202113097,205.3956398877215,1.524903194762491,-54.49545696060595,3.728974474227082,-25.922289111802066,-1.753703445238216,2.0,0.0445223545594685,0.119804965707651,0.3137216258718348,0.5598601691877512,0.4503418272313967,0.8740394199417694,-1.560054360119186,-1.3990703912386644,0.0,28.573167848803884,0.0266473398282448,0.0660983574930634,0.0959080202113097,0.0660983574930634,0.0959080202113097,27.652580509593047,5.8745629491688405,6.530821227360601,0.1587919406020127,23.575534798039552,23.575534798039552,0.8940695863647762,0.8755279712376867,1.0618810238697625,0.8993268735108989,280290950633.0783,<slsim.Lenses.lens.Lens object at 0x7fad7409fbd0>,-18.14298465563813,-18.76580957924355,-19.601273130863376,-20.188788272927056,-20.398087376137457,-20.496425231396994,,,,,,,,,,,,,,,,,,,,,,,,,,,,,,,,,,,,,,,,,,,,,,,,,,,28.573167848803884,2.0475754616403585,-0.5305161418268634,-0.3579007107183284,1.9195849170263888,,,,,,,,,,,,,,,,,,,,,,,,,,28.573167848803884,,,,,,,,,,,,24.513124002454457,16.316107576697128,4.039320187444557,17.690669789514256,12.913309670954032,3.593509380946992,28.871175444376064,21.121092372833477,4.595768964257611,25.164903204405654,29.883163299805837,5.4665494875475,"['u', 'g', 'r', 'i', 'z', 'y']","['r', 'i', 'z', 'y']",[23.14580026],[[4.55501378]],2.134247824458536,,,,,,,,
8,deblcdouble107,06062026,7.976302545570714,0.6065071252861399,1.534854089800355,0.3650189398381173,60.06773843872182,0.3659945281948317,0.7024550300349236,0.040662162771628,0.1247218753894077,2,-0.528425861428494,2.266255750328804,0.3798579694197025,0.731504368938583,2.76802548170783,0.0,25.09694816836039,24.152461721351155,23.342284721476965,22.99660914449973,22.823444779183035,22.716232777416124,22.52234725031592,GAL-QSO-LENS_-0.0402_-0.0116,0.3053621685792045,2.018789013168656,-0.0401681382236908,-0.0116147077363646,-0.0306372972629995,0.0366833916194532,0.0079629743526308,-0.0011863680288783,0.0,0.0,-0.0059415350620724,24.152461721351155,26.709912479195747,0.3256851030969326,4.0,0.0064894038738734,-0.0249908119446434,-0.0401681382236908,-0.0116147077363646,-0.4250228279100062,0.1510159237564407,-0.1029973262398399,0.0868190313308891,22.68012499442992,23.27717496391429,24.9874133372668,0.5073578322678478,1.0,0.1124569485371464,0.1245456727667737,-0.1255915316922632,-0.0435092005248836,23.342284721476965,26.557054732451977,0.3256851030969326,4.0,0.0064894038738734,-0.0249908119446434,-0.0401681382236908,-0.0116147077363646,-0.4250228279100062,0.1510159237564407,-0.1029973262398399,0.0868190313308891,21.869947994555726,22.466997964040104,24.3198495804312,0.5073578322678478,1.0,0.1124569485371464,0.1245456727667737,-0.1255915316922632,-0.0435092005248836,22.99660914449973,26.22747297589351,0.3256851030969326,4.0,0.0064894038738734,-0.0249908119446434,-0.0401681382236908,-0.0116147077363646,-0.4250228279100062,0.1510159237564407,-0.1029973262398399,0.0868190313308891,21.52427241757849,22.121322387062868,24.2540572825489,0.5073578322678478,1.0,0.1124569485371464,0.1245456727667737,-0.1255915316922632,-0.0435092005248836,22.823444779183035,25.14765419692033,0.3256851030969326,4.0,0.0064894038738734,-0.0249908119446434,-0.0401681382236908,-0.0116147077363646,-0.4250228279100062,0.1510159237564407,-0.1029973262398399,0.0868190313308891,21.3511080522618,21.94815802174617,24.133633971926777,0.5073578322678478,1.0,0.1124569485371464,0.1245456727667737,-0.1255915316922632,-0.0435092005248836,22.716232777416124,24.3365212076752,0.3256851030969326,4.0,0.0064894038738734,-0.0249908119446434,-0.0401681382236908,-0.0116147077363646,-0.4250228279100062,0.1510159237564407,-0.1029973262398399,0.0868190313308891,21.24389605049489,21.840946019979263,24.084737661906743,0.5073578322678478,1.0,0.1124569485371464,0.1245456727667737,-0.1255915316922632,-0.0435092005248836,22.52234725031592,23.821370054789643,0.3256851030969326,4.0,0.0064894038738734,-0.0249908119446434,-0.0401681382236908,-0.0116147077363646,-0.4250228279100062,0.1510159237564407,-0.1029973262398399,0.0868190313308891,21.05001052339468,21.647060492879056,24.058238812400432,0.5073578322678478,1.0,0.1124569485371464,0.1245456727667737,-0.1255915316922632,-0.0435092005248836,195.540955126718,2.76802548170783,-34.17455981656603,3.880920003028248,-9.07761164820564,-2.239312492818673,2.0,0.040662162771628,0.1247218753894077,0.3659945281948317,0.7024550300349236,0.3798579694197025,0.731504368938583,-2.6642751059984344,-2.181979631153159,0.0,25.09694816836039,0.0080508651485787,-0.1255915316922632,-0.0435092005248836,-0.1255915316922632,-0.0435092005248836,24.133633971926777,2.058030140755423,7.976302545570714,-0.543287364871522,21.94815802174617,21.94815802174617,1.133312224702823,0.9087712147276108,-0.6583679540090052,0.949660496751105,238521698296.7169,<slsim.Lenses.lens.Lens object at 0x7fad500dd9d0>,-21.76219280648393,-22.57236980635812,-22.91804538333536,-23.09120974865205,-23.19842175041896,-23.39230727751917,,,,,,,,,,,,,,,,,,,,,,,,,,,,,,,,,,,,,,,,,,,,,,,,,,,25.09694816836039,1.9189886417852908,-0.5884879899728837,-0.528425861428494,2.266255750328804,,,,,,,,,,,,,,,,,,,,,,,,,,25.09694816836039,,,,,,26.969737598009154,8.784464689004963,77.16681987237507,35.10149531591214,68.43938185481925,8.27280979201258,20.838239488117296,6.753147533734397,2.598681883904684,24.475353032393244,5.477755758754685,2.3404605868834203,29.527548483138627,9.217455232491638,3.0360262239466307,28.101527143574657,24.027960829730112,4.901832395107988,"['u', 'g', 'r', 'i', 'z', 'y']","['u', 'g', 'r', 'i', 'z', 'y']",[25.1600364],[[1.96728788]],1.4026003986037312,,,,,,,,
9,deblcdouble221,06062026,7.396464255333144,1.7871621990956184,0.5975119066982756,0.2837700698697522,30.64203616993544,0.2754607372429953,0.7935829116640902,0.024321922981678,0.1782098911267892,2,-0.5564131601511028,2.2732027330215328,0.3194637588838145,0.9558287727597732,2.024998137191154,0.0,83.03403475095773,24.42504740278269,24.311830244800664,24.069521654735933,23.777689451949115,23.529197757302075,23.531226306711247,GAL-QSO-LENS_0.0427_-0.0369,0.8577536906973716,2.0954435498942456,0.042677250073627,-0.0368767426523182,0.0604451861956766,0.0226794180639006,-0.0080711653359725,-0.0063472445998601,0.0,0.0,0.0072436627558079,24.42504740278269,23.30570287058649,0.6471503564387877,4.0,0.0157104118559107,0.005369420918038,0.042677250073627,-0.0368767426523182,0.4853921725687168,-0.1517507707574203,-1.258790488635883,0.4109393085606553,23.490641744111063,24.27509357372492,25.293979531724844,0.151509110500649,1.0,-0.1022846910616541,-0.0649896923662056,0.2023803459777858,-0.4453670959505907,24.311830244800664,22.267108310620547,0.6471503564387877,4.0,0.0157104118559107,0.005369420918038,0.042677250073627,-0.0368767426523182,0.4853921725687168,-0.1517507707574203,-1.258790488635883,0.4109393085606553,23.37742458612903,24.16187641574288,25.21051510839313,0.151509110500649,1.0,-0.1022846910616541,-0.0649896923662056,0.2023803459777858,-0.4453670959505907,24.069521654735933,20.976525668245795,0.6471503564387877,4.0,0.0157104118559107,0.005369420918038,0.042677250073627,-0.0368767426523182,0.4853921725687168,-0.1517507707574203,-1.258790488635883,0.4109393085606553,23.1351159960643,23.91956782567815,25.100422217272964,0.151509110500649,1.0,-0.1022846910616541,-0.0649896923662056,0.2023803459777858,-0.4453670959505907,23.777689451949115,19.9635504628536,0.6471503564387877,4.0,0.0157104118559107,0.005369420918038,0.042677250073627,-0.0368767426523182,0.4853921725687168,-0.1517507707574203,-1.258790488635883,0.4109393085606553,22.84328379327748,23.627735622891333,25.119881183940947,0.151509110500649,1.0,-0.1022846910616541,-0.0649896923662056,0.2023803459777858,-0.4453670959505907,23.529197757302075,19.599529119259262,0.6471503564387877,4.0,0.0157104118559107,0.005369420918038,0.042677250073627,-0.0368767426523182,0.4853921725687168,-0.1517507707574203,-1.258790488635883,0.4109393085606553,22.59479209863044,23.379243928244293,25.04437833154099,0.151509110500649,1.0,-0.1022846910616541,-0.0649896923662056,0.2023803459777858,-0.4453670959505907,23.531226306711247,19.33315853303484,0.6471503564387877,4.0,0.0157104118559107,0.005369420918038,0.042677250073627,-0.0368767426523182,0.4853921725687168,-0.1517507707574203,-1.258790488635883,0.4109393085606553,22.59682064803961,23.381272477653464,24.95589755616752,0.151509110500649,1.0,-0.1022846910616541,-0.0649896923662056,0.2023803459777858,-0.4453670959505907,226.75203649691616,2.024998137191154,-90.2995244773026,2.3646249271292192,-7.265489726344864,-1.14810479729157,2.0,0.024321922981678,0.1782098911267892,0.2754607372429953,0.7935829116640902,0.3194637588838145,0.9558287727597732,0.6937102961123538,0.8176720468534519,0.0,83.03403475095773,0.0102679707776687,0.2023803459777858,-0.4453670959505907,0.2023803459777858,-0.4453670959505907,25.119881183940947,4.029363649798875,7.396464255333144,-0.5610814408888396,23.627735622891333,23.627735622891333,0.1794757865216548,0.8787106863446522,0.1646642134649106,0.9673370079461088,378875803367.8944,<slsim.Lenses.lens.Lens object at 0x7fad5da33a90>,-20.72766008330661,-20.84087724128864,-21.08318583135337,-21.37501803414019,-21.62350972878723,-21.62148117937806,,,,,,,,,,,,,,,,,,,,,,,,,,,,,,,,,,,,,,,,,,,,,,,,,,,83.03403475095773,2.374663380884426,-0.3716235700657394,-0.5564131601511028,2.2732027330215328,,,,,,,,,,,,,,,,,,,,,,,,,,83.03403475095773,,,,,,,,,,,,90.68825106188298,31.577759578450255,5.619409184109149,,,,94.26217080474999,21.792463132713166,4.668239832390059,,,,"['u', 'g', 'r', 'i', 'z']","['r', 'z']",[92.80284554],[[12.89402829]],3.5908255720631805,,,,,,,,
10,deblcquad119,06062026,7.135442907479987,0.3422400603874323,2.00633478653674,0.3394304651537995,42.56550883319021,0.4667915258038511,0.4970812515000404,0.0348226332937814,0.0428321438586101,4,-0.4085849907919195,2.1089442129139817,0.4535762658959728,0.4557152799028864,3.512735279662832,0.0,3.7693872197076814,29.449622606151195,26.903739902444663,25.89121967148015,25.528011609868507,25.24481665190964,25.10991655583068,GAL-QSO-LENS_-0.0510_-0.0072,0.4134905840364016,2.180049379163338,-0.0509611330311896,-0.0072162736631911,0.1231720994689042,-0.0008421359539496,0.0173887308063678,0.0099084790211078,0.0,0.0,0.1797443642514759,29.449622606151195,26.518799624140748,0.5249858297853522,4.0,0.1583043782182512,0.0014915640702625,-0.0509611330311896,-0.0072162736631911,0.0818602910274967,0.2759482062459967,-0.4905717420253755,0.3677107308019159,26.687900566753427,26.088689489988724,29.944434009685786,0.1813739597234354,1.0,0.0119033279319492,0.0043544901611336,-0.024208293529273,-0.0148321194793704,26.903739902444663,26.42844284458676,0.5249858297853522,4.0,0.1583043782182512,0.0014915640702625,-0.0509611330311896,-0.0072162736631911,0.0818602910274967,0.2759482062459967,-0.4905717420253755,0.3677107308019159,24.14201786304689,23.542806786282195,27.30566388887836,0.1813739597234354,1.0,0.0119033279319492,0.0043544901611336,-0.024208293529273,-0.0148321194793704,25.89121967148015,26.18699365361192,0.5249858297853522,4.0,0.1583043782182512,0.0014915640702625,-0.0509611330311896,-0.0072162736631911,0.0818602910274967,0.2759482062459967,-0.4905717420253755,0.3677107308019159,23.129497632082384,22.53028655531768,26.83028307039568,0.1813739597234354,1.0,0.0119033279319492,0.0043544901611336,-0.024208293529273,-0.0148321194793704,25.528011609868507,25.92615540422369,0.5249858297853522,4.0,0.1583043782182512,0.0014915640702625,-0.0509611330311896,-0.0072162736631911,0.0818602910274967,0.2759482062459967,-0.4905717420253755,0.3677107308019159,22.76628957047074,22.16707849370604,26.77931743654038,0.1813739597234354,1.0,0.0119033279319492,0.0043544901611336,-0.024208293529273,-0.0148321194793704,25.24481665190964,25.12860230367398,0.5249858297853522,4.0,0.1583043782182512,0.0014915640702625,-0.0509611330311896,-0.0072162736631911,0.0818602910274967,0.2759482062459967,-0.4905717420253755,0.3677107308019159,22.48309461251187,21.883883535747167,26.642012487648827,0.1813739597234354,1.0,0.0119033279319492,0.0043544901611336,-0.024208293529273,-0.0148321194793704,25.10991655583068,24.351758011632924,0.5249858297853522,4.0,0.1583043782182512,0.0014915640702625,-0.0509611330311896,-0.0072162736631911,0.0818602910274967,0.2759482062459967,-0.4905717420253755,0.3677107308019159,22.348194516432912,21.74898343966821,26.51449266928893,0.1813739597234354,1.0,0.0119033279319492,0.0043544901611336,-0.024208293529273,-0.0148321194793704,245.6305024575468,3.512735279662832,-91.91927678224036,12.72590906991875,-88.14988956253268,22.09903178057544,4.0,0.0348226332937814,0.0428321438586101,0.4667915258038511,0.4970812515000404,0.4535762658959728,0.4557152799028864,0.5246311964652989,-1.3712220748376671,0.0,3.7693872197076814,0.0200136432357544,-0.024208293529273,-0.0148321194793704,-0.024208293529273,-0.0148321194793704,26.77931743654038,9.029115186119176,7.135442907479987,-0.8368154776893815,22.16707849370604,22.15433138934589,-0.0034184804672853,0.7806664487998728,0.0047109244570267,0.7266513922870586,474807049941.6861,<slsim.Lenses.lens.Lens object at 0x7fad5da45d50>,-16.996079205731952,-19.54196190943848,-20.554482140403,-20.91769020201464,-21.20088515997351,-21.335785256052468,0.4446020113436885,-0.5030986261024071,0.0699118843299003,0.0926274122065362,26.07594238562858,27.25493755492504,0.4446020113436885,-0.5030986261024071,0.0699118843299003,0.0926274122065362,23.53005968192205,24.70905485121851,0.4446020113436885,-0.5030986261024071,0.0699118843299003,0.0926274122065362,22.517539450957536,23.696534620253995,0.4446020113436885,-0.5030986261024071,0.0699118843299003,0.0926274122065362,22.15433138934589,23.33332655864235,0.4446020113436885,-0.5030986261024071,0.0699118843299003,0.0926274122065362,21.871136431387026,23.05013160068348,0.4446020113436885,-0.5030986261024071,0.0699118843299003,0.0926274122065362,21.736236335308064,22.915231504604524,-87.5225350035155,-22.360014879127032,-77.33853897942863,-7.5487322337970815,0.0606270001788878,0.0686305983457379,0.5540764535189051,0.5879863588729674,0.4935286199275145,0.5497525041985921,-2.8341904696120617,2.668017012868564,4.396741778724859,14.580737802811726,10.183996024086866,1.92568274832378,-0.287215574390168,-0.4085849907919195,2.1089442129139817,,,,,,,,,,,,,,,,,,,,,,,,,,3.7693872197076814,4.396741778724859,14.580737802811726,0.6273545590171778,10.811350583104044,10.183996024086866,,,,,,,,,,,,,[-1.71095455  7.1259393  18.61834999  6.21559664 19.5745074  11.3884718 ],"[[ 33.75536534   4.14341668  13.61550629 -19.65013894 -15.42280878
    4.97502995]
 [  4.14341668  31.66949911  12.21200309  25.30640648   8.48299879
  -16.11288742]
 [ 13.61550629  12.21200309  33.73353072   4.05897782  14.24053735
   11.94852038]
 [-19.65013894  25.30640648   4.05897782  63.98110569  27.62110841
  -27.0110453 ]
 [-15.42280878   8.48299879  14.24053735  27.62110841  38.74139554
    3.79937191]
 [  4.97502995 -16.11288742  11.94852038 -27.0110453    3.79937191
   37.0643726 ]]",2.505746133596031,,,,"['g', 'r', 'i', 'z', 'y']",['z'],[-1.71095455  7.1259393  18.61834999  6.21559664 19.5745074  11.3884718 ],"[[ 33.75536534   4.14341668  13.61550629 -19.65013894 -15.42280878
    4.97502995]
 [  4.14341668  31.66949911  12.21200309  25.30640648   8.48299879
  -16.11288742]
 [ 13.61550629  12.21200309  33.73353072   4.05897782  14.24053735
   11.94852038]
 [-19.65013894  25.30640648   4.05897782  63.98110569  27.62110841
  -27.0110453 ]
 [-15.42280878   8.48299879  14.24053735  27.62110841  38.74139554
    3.79937191]
 [  4.97502995 -16.11288742  11.94852038 -27.0110453    3.79937191
   37.0643726 ]]",2.505746133596031,0.5540764535189051,0.5879863588729674,0.0606270001788878,0.0686305983457379,0.4935286199275145,0.5497525041985921,4.396741778724859,14.580737802811726
11,deblcdouble11,06062026,6.845217069231877,1.8369093470900828,0.4505500192755759,0.6040423656306144,1.9387016749265984,0.3505475829742175,0.4624558975558456,0.0554216425942732,0.0896100516002947,2,-0.2261659732856549,2.262328648433096,0.5335869990288468,0.7014234289747809,3.254451386485446,0.0,15.591727828098833,28.03584006180396,26.217178705215545,25.64959579304677,25.487021704398742,25.370874949540827,25.305137146583704,GAL-QSO-LENS_0.0380_0.0125,0.9118321136551016,2.2131708964461985,0.0380197379547888,0.0125225759549938,-0.0258285941608968,0.0447351317024585,-0.0026882900734121,0.0239993819371618,0.0,0.0,0.0253781405552115,28.03584006180396,22.780722144161828,0.7548737028320572,4.0,-0.0180746814023885,0.0144518496076246,0.0380197379547888,0.0125225759549938,-0.5859905630582419,0.4262337820944633,0.8287079083006824,-0.7041449302024437,25.87822267995758,26.304800301471253,29.661031259813857,0.196273772875055,1.0,0.298301281906618,0.1738047490457522,-0.0344105808588313,0.1189617457189202,26.217178705215545,21.57278092761717,0.7548737028320572,4.0,-0.0180746814023885,0.0144518496076246,0.0380197379547888,0.0125225759549938,-0.5859905630582419,0.4262337820944633,0.8287079083006824,-0.7041449302024437,24.059561323369167,24.48613894488284,27.476121420513504,0.196273772875055,1.0,0.298301281906618,0.1738047490457522,-0.0344105808588313,0.1189617457189202,25.64959579304677,20.17218870898689,0.7548737028320572,4.0,-0.0180746814023885,0.0144518496076246,0.0380197379547888,0.0125225759549938,-0.5859905630582419,0.4262337820944633,0.8287079083006824,-0.7041449302024437,23.4919784112004,23.91855603271407,27.273198095711425,0.196273772875055,1.0,0.298301281906618,0.1738047490457522,-0.0344105808588313,0.1189617457189202,25.487021704398742,19.44807459718568,0.7548737028320572,4.0,-0.0180746814023885,0.0144518496076246,0.0380197379547888,0.0125225759549938,-0.5859905630582419,0.4262337820944633,0.8287079083006824,-0.7041449302024437,23.329404322552367,23.75598194406604,27.15466917179702,0.196273772875055,1.0,0.298301281906618,0.1738047490457522,-0.0344105808588313,0.1189617457189202,25.370874949540827,19.08067406303504,0.7548737028320572,4.0,-0.0180746814023885,0.0144518496076246,0.0380197379547888,0.0125225759549938,-0.5859905630582419,0.4262337820944633,0.8287079083006824,-0.7041449302024437,23.21325756769445,23.63983518920812,27.056054859847134,0.196273772875055,1.0,0.298301281906618,0.1738047490457522,-0.0344105808588313,0.1189617457189202,25.305137146583704,18.859432769656287,0.7548737028320572,4.0,-0.0180746814023885,0.0144518496076246,0.0380197379547888,0.0125225759549938,-0.5859905630582419,0.4262337820944633,0.8287079083006824,-0.7041449302024437,23.147519764737325,23.574097386251,27.03042614978101,0.196273772875055,1.0,0.298301281906618,0.1738047490457522,-0.0344105808588313,0.1189617457189202,206.93985293516047,3.254451386485446,-50.177315981321215,7.295363781211633,-34.58558815322238,-4.925109653315711,2.0,0.0554216425942732,0.0896100516002947,0.3505475829742175,0.4624558975558456,0.5335869990288468,0.7014234289747809,1.329119535869184,1.0236991068126031,0.0,15.591727828098833,0.0241494769484677,-0.0344105808588313,0.1189617457189202,-0.0344105808588313,0.1189617457189202,27.15466917179702,8.82845158775495,6.845217069231877,0.3329151184115188,23.75598194406604,23.75598194406604,1.0472038702632898,0.901762449408819,1.2335590631197344,0.9547629641384648,285677020344.26465,<slsim.Lenses.lens.Lens object at 0x7fad9fcce290>,-18.270560854648043,-20.089222211236457,-20.656805123405228,-20.819379212053256,-20.93552596691117,-21.0012637698683,,,,,,,,,,,,,,,,,,,,,,,,,,,,,,,,,,,,,,,,,,,,,,,,,,,15.591727828098833,1.804793937484682,-0.3887578889217543,-0.2261659732856549,2.262328648433096,,,,,,,,,,,,,,,,,,,,,,,,,,15.591727828098833,,,,,,,,,24.46370593606456,65.57648972174951,8.097931200112132,20.553831181432603,35.849427077584565,5.987439108465702,,,,,,,,,,"['g', 'r']","['g', 'r']",[21.93579325],[[23.17829269]],4.814383937070512,,,,,,,,
12,deblcdouble86,06062026,7.69760957398554,2.5302233540092316,0.5797447743124691,0.2000997407799724,46.80905769351289,0.4089259313825422,0.703370606376168,0.0437286634292706,0.1392575307524466,2,-0.4502543394859554,2.501162351966299,0.4574158369516459,0.7437515563165238,2.9723535888748893,0.0,76.02483811553769,26.710275324308952,25.29627279655203,24.666041603726832,24.342954274336527,24.1674611810046,23.831957992519246,GAL-QSO-LENS_0.0004_-0.0153,1.368999074289308,1.9791547335597983,0.0004351246723574,-0.0153499157496177,-0.0168389087022068,0.0188079928634473,0.0104517670555322,-0.0288908515586222,0.0,0.0,-0.0394989411000763,26.710275324308952,22.81137001358745,0.6883097874323822,4.0,-0.025543569796582,-0.0316026203932267,0.0004351246723574,-0.0153499157496177,1.21470950933941,-0.6067655744318681,1.0058074378505395,-0.7503983417704425,24.57667523582323,25.879321795904342,30.626630674113382,0.1471692673799519,1.0,-0.0363772548482948,0.0619396716692683,0.22195692689888,0.2264163738586566,25.29627279655203,21.72064377729264,0.6883097874323822,4.0,-0.025543569796582,-0.0316026203932267,0.0004351246723574,-0.0153499157496177,1.21470950933941,-0.6067655744318681,1.0058074378505395,-0.7503983417704425,23.16267270806631,24.46531926814742,29.52999201108664,0.1471692673799519,1.0,-0.0363772548482948,0.0619396716692683,0.22195692689888,0.2264163738586566,24.666041603726832,20.41581098944049,0.6883097874323822,4.0,-0.025543569796582,-0.0316026203932267,0.0004351246723574,-0.0153499157496177,1.21470950933941,-0.6067655744318681,1.0058074378505395,-0.7503983417704425,22.53244151524111,23.835088075322226,29.47065424153487,0.1471692673799519,1.0,-0.0363772548482948,0.0619396716692683,0.22195692689888,0.2264163738586566,24.342954274336527,19.41555420757736,0.6883097874323822,4.0,-0.025543569796582,-0.0316026203932267,0.0004351246723574,-0.0153499157496177,1.21470950933941,-0.6067655744318681,1.0058074378505395,-0.7503983417704425,22.20935418585081,23.51200074593192,29.31552821335005,0.1471692673799519,1.0,-0.0363772548482948,0.0619396716692683,0.22195692689888,0.2264163738586566,24.1674611810046,19.04140330636292,0.6883097874323822,4.0,-0.025543569796582,-0.0316026203932267,0.0004351246723574,-0.0153499157496177,1.21470950933941,-0.6067655744318681,1.0058074378505395,-0.7503983417704425,22.033861092518872,23.336507652599984,29.08558847079864,0.1471692673799519,1.0,-0.0363772548482948,0.0619396716692683,0.22195692689888,0.2264163738586566,23.831957992519246,18.78927979227495,0.6883097874323822,4.0,-0.025543569796582,-0.0316026203932267,0.0004351246723574,-0.0153499157496177,1.21470950933941,-0.6067655744318681,1.0058074378505395,-0.7503983417704425,21.698357904033525,23.00100446411464,29.07125554687785,0.1471692673799519,1.0,-0.0363772548482948,0.0619396716692683,0.22195692689888,0.2264163738586566,267.91683513862057,2.9723535888748893,-112.89272498384808,7.135756723531392,-36.86788686831039,-2.1497175963771977,2.0,0.0437286634292706,0.1392575307524466,0.4089259313825422,0.703370606376168,0.4574158369516459,0.7437515563165238,-1.7092640560174897,-1.3740496589017828,0.0,76.02483811553769,0.0307232930911621,0.22195692689888,0.2264163738586566,0.22195692689888,0.2264163738586566,29.31552821335005,9.691418697353974,7.69760957398554,-0.7234994024723314,23.51200074593192,23.51200074593192,1.150505996240992,0.9507540102773394,-1.1252809708140823,0.9219035361563314,589691918621.2887,<slsim.Lenses.lens.Lens object at 0x7fad500a8a50>,-19.380878403277887,-20.794880931034808,-21.425112123860007,-21.74819945325031,-21.923692546582245,-22.2591957350676,,,,,,,,,,,,,,,,,,,,,,,,,,,,,,,,,,,,,,,,,,,,,,,,,,,76.02483811553769,2.417344100897425,-0.3142030492339279,-0.4502543394859554,2.501162351966299,,,,,,,,,,,,,,,,,,,,,,,,,,76.02483811553769,,,,,,,,,,,,72.74816654283059,21.71914611491058,4.660380468900644,,,,60.490019661943045,64.91165223272384,8.056776789307486,,,,"['g', 'r', 'i', 'z', 'y']","['r', 'z']",[69.67493522],[[16.27395437]],4.03409895399886,,,,,,,,
13,deblcdouble402,06062026,8.699454464095261,1.088991134734706,0.867218248086168,0.836259190011476,24.85407269960283,0.2716261819884047,5.424974327700589,0.019400161564664,3.119787942799027,2,-0.7408809012172978,2.465902922496712,0.3349071385862412,5.925552716828941,3.0676431062676035,0.0,87.62674270777772,22.351075928394224,21.09986776168197,20.59716304072765,20.323860150002623,20.274846446540792,20.06577762642609,GAL-QSO-LENS_-0.0275_-0.0083,0.572842615950377,2.052763410577976,-0.0274905543242829,-0.0082886441850824,0.1572544277770866,-0.1395990630023956,0.0305654814860795,0.0168983892662396,0.0,0.0,-0.0175758677495583,22.351075928394224,26.009145595428123,0.2826130309979073,4.0,0.0579771384636091,-0.1398047165260499,-0.0274905543242829,-0.0082886441850824,0.6962670126851648,-0.0809239795329586,-0.7314820081844926,0.0313258661493999,21.404965918161565,25.329128808476607,25.86315901000781,0.6549754480050738,1.0,-0.2639871412297144,0.0131266322542069,0.3705767368029012,-0.3634870587144594,21.09986776168197,25.13832956347317,0.2826130309979073,4.0,0.0579771384636091,-0.1398047165260499,-0.0274905543242829,-0.0082886441850824,0.6962670126851648,-0.0809239795329586,-0.7314820081844926,0.0313258661493999,20.153757751449312,24.077920641764354,24.45807965864612,0.6549754480050738,1.0,-0.2639871412297144,0.0131266322542069,0.3705767368029012,-0.3634870587144594,20.59716304072765,23.36906700632528,0.2826130309979073,4.0,0.0579771384636091,-0.1398047165260499,-0.0274905543242829,-0.0082886441850824,0.6962670126851648,-0.0809239795329586,-0.7314820081844926,0.0313258661493999,19.651053030495,23.57521592081004,24.3249087100179,0.6549754480050738,1.0,-0.2639871412297144,0.0131266322542069,0.3705767368029012,-0.3634870587144594,20.323860150002623,22.26704553156829,0.2826130309979073,4.0,0.0579771384636091,-0.1398047165260499,-0.0274905543242829,-0.0082886441850824,0.6962670126851648,-0.0809239795329586,-0.7314820081844926,0.0313258661493999,19.377750139769965,23.301913030085007,24.17956260117056,0.6549754480050738,1.0,-0.2639871412297144,0.0131266322542069,0.3705767368029012,-0.3634870587144594,20.274846446540792,21.42882403560955,0.2826130309979073,4.0,0.0579771384636091,-0.1398047165260499,-0.0274905543242829,-0.0082886441850824,0.6962670126851648,-0.0809239795329586,-0.7314820081844926,0.0313258661493999,19.328736436308134,23.252899326623176,24.05415095392103,0.6549754480050738,1.0,-0.2639871412297144,0.0131266322542069,0.3705767368029012,-0.3634870587144594,20.06577762642609,21.150461699601976,0.2826130309979073,4.0,0.0579771384636091,-0.1398047165260499,-0.0274905543242829,-0.0082886441850824,0.6962670126851648,-0.0809239795329586,-0.7314820081844926,0.0313258661493999,19.119667616193432,23.04383050650848,24.06494481754233,0.6549754480050738,1.0,-0.2639871412297144,0.0131266322542069,0.3705767368029012,-0.3634870587144594,192.20130297634336,3.0676431062676035,-66.32562501550632,2.3902537272971984,21.3011176922714,-0.0643841324260902,2.0,0.019400161564664,3.119787942799027,0.2716261819884047,5.424974327700589,0.3349071385862412,5.925552716828941,1.4707083966641423,1.8530925732419152,0.0,87.62674270777772,0.0349256956733754,0.3705767368029012,-0.3634870587144594,0.3705767368029012,-0.3634870587144594,24.17956260117056,1.8319593271215489,8.699454464095261,0.1945812967062742,23.301913030085007,23.301913030085007,-0.362996564989544,0.6525128412573561,-0.5888406841301611,0.7370918146718871,225013985697.21204,<slsim.Lenses.lens.Lens object at 0x7facc80830d0>,-23.817495736368915,-25.06870390308117,-25.571408624035485,-25.844711514760515,-25.893725218222347,-26.10279403833705,,,,,,,,,,,,,,,,,,,,,,,,,,,,,,,,,,,,,,,,,,,,,,,,,,,87.62674270777772,2.253877462737039,-0.7732615574547089,-0.7408809012172978,2.4659029224967117,,,,,,,,,,,,,,,,,,,,,,,,,,87.62674270777772,,,,,,,,,,,,89.51293960126264,33.47937174991081,5.786136167591531,,,,,,,,,,"['u', 'g', 'r', 'i', 'z', 'y']",['r'],[89.5129396],[[33.47937175]],5.786136167591531,,,,,,,,
14,deblcdouble89,06062026,8.266153774282257,0.6969209505212578,0.6610138326668908,0.7527565242194674,48.65635157487185,0.3935800310225692,1.0722737924541803,0.0376996685440552,0.2643289279281289,2,-0.7679059424817805,2.2846192827016063,0.2949993096159967,0.7870997628695608,2.307565210842636,0.0,11.916606173672882,22.45797478095445,21.646215048516947,21.236434034186072,20.950601108979185,20.636570162901343,20.445977207133023,GAL-QSO-LENS_0.0218_0.0298,0.4035052241690572,1.7903158258837255,0.0217782136806373,0.0297933547519921,-0.1403361167169043,0.0946621874234655,0.014737777040925,0.0424928216918796,0.0,0.0,-0.0402164492050827,22.45797478095445,24.99558673732342,0.5319993348758865,4.0,-0.115804942567683,0.0123764726069472,0.0217782136806373,0.0297933547519921,-0.4082266004876363,0.0783959028112201,0.343457636879085,-0.1554384951550369,21.07866043582256,21.928930550815352,24.189778389280843,0.5174475404582483,1.0,-0.2455302428188156,0.3640419455839666,-0.0507660460606347,0.1398383500311285,21.646215048516947,24.04523564539842,0.5319993348758865,4.0,-0.115804942567683,0.0123764726069472,0.0217782136806373,0.0297933547519921,-0.4082266004876363,0.0783959028112201,0.343457636879085,-0.1554384951550369,20.26690070338505,21.117170818377843,23.93424289048324,0.5174475404582483,1.0,-0.2455302428188156,0.3640419455839666,-0.0507660460606347,0.1398383500311285,21.236434034186072,22.720296803033563,0.5319993348758865,4.0,-0.115804942567683,0.0123764726069472,0.0217782136806373,0.0297933547519921,-0.4082266004876363,0.0783959028112201,0.343457636879085,-0.1554384951550369,19.857119689054176,20.70738980404697,23.72378049866648,0.5174475404582483,1.0,-0.2455302428188156,0.3640419455839666,-0.0507660460606347,0.1398383500311285,20.950601108979185,21.628852037615687,0.5319993348758865,4.0,-0.115804942567683,0.0123764726069472,0.0217782136806373,0.0297933547519921,-0.4082266004876363,0.0783959028112201,0.343457636879085,-0.1554384951550369,19.57128676384729,20.42155687884008,23.595444016468416,0.5174475404582483,1.0,-0.2455302428188156,0.3640419455839666,-0.0507660460606347,0.1398383500311285,20.636570162901343,21.235294391606708,0.5319993348758865,4.0,-0.115804942567683,0.0123764726069472,0.0217782136806373,0.0297933547519921,-0.4082266004876363,0.0783959028112201,0.343457636879085,-0.1554384951550369,19.25725581776945,20.107525932762243,23.48863734735813,0.5174475404582483,1.0,-0.2455302428188156,0.3640419455839666,-0.0507660460606347,0.1398383500311285,20.445977207133023,20.95090082285104,0.5319993348758865,4.0,-0.115804942567683,0.0123764726069472,0.0217782136806373,0.0297933547519921,-0.4082266004876363,0.0783959028112201,0.343457636879085,-0.1554384951550369,19.06666286200113,19.916932976993923,23.27446855211529,0.5174475404582483,1.0,-0.2455302428188156,0.3640419455839666,-0.0507660460606347,0.1398383500311285,156.31528533615776,2.307565210842636,-11.949858934921185,3.5622610150912646,-0.0332527612483025,-1.6278624000283035,2.0,0.0376996685440552,0.2643289279281289,0.3935800310225692,1.0722737924541803,0.2949993096159967,0.7870997628695608,1.7469684383918591,0.5698524181094689,0.0,11.916606173672882,0.0449760154687572,-0.0507660460606347,0.1398383500311285,-0.0507660460606347,0.1398383500311285,23.595444016468416,2.5109487674210182,8.266153774282257,-0.7123848378969555,20.42155687884008,20.42155687884008,1.2740798697272588,0.7104567293221491,1.5175616738807458,0.7913692178715657,108221282172.62874,<slsim.Lenses.lens.Lens object at 0x7fad50081450>,-23.077177947734857,-23.888937680172365,-24.29871869450324,-24.58455161971013,-24.898582565787965,-25.089175521556285,,,,,,,,,,,,,,,,,,,,,,,,,,,,,,,,,,,,,,,,,,,,,,,,,,,11.916606173672882,2.039633285487568,-0.7425421134318656,-0.7679059424817805,2.2846192827016063,,,,,,,,,,,,,,,,,,,,,,,,,,11.916606173672882,,,,,,18.7888375290762,7.730363413219594,59.7585185004441,,,,13.796581134693245,8.305312552732454,2.8818939176750513,11.329296472330425,8.529205161090486,2.9204802963023884,14.385034124503782,6.974031966948372,2.6408392542804213,8.490772186299687,24.826274605052134,4.982597174672275,"['u', 'g', 'r', 'i', 'z', 'y']","['u', 'r', 'i', 'z', 'y']",[13.03166268],[[2.2828336]],1.5109048936209701,,,,,,,,
15,deblcdouble87,06062026,7.614967319408436,0.9283895250420742,0.8603783221241325,0.4284971662122769,36.18106337474684,0.2668277369740948,0.6147833474722121,0.0397338852969159,0.1555445728392766,2,-0.5881501477534052,2.333442570232833,0.4392451993697884,1.059527839118466,2.187080450891772,0.0,27.453447549540503,23.99395534119925,23.657507235715126,23.30816129324961,23.0108584940888,22.68766632172549,22.6477723003331,GAL-QSO-LENS_-0.0296_0.0427,0.4747825013408351,2.312085483865893,-0.0296434924902376,0.0427103745908202,-0.0487369048887837,-0.1287899106442329,-0.0093284728908136,0.0482628582765509,0.0,0.0,0.0258790985373261,23.99395534119925,25.722079902981427,0.3745046392216323,4.0,-0.0322096376546419,-0.1272344574981555,-0.0296434924902376,0.0427103745908202,0.0838890653101446,0.1080479719951299,0.6420516727799231,-0.2860234628829359,22.837259977204152,23.965583870815728,28.167483621907905,0.0832737734578003,1.0,-0.0055807943529238,-0.2938765170795113,-0.0601028122191206,0.1911810723457561,23.657507235715126,24.933394498225063,0.3745046392216323,4.0,-0.0322096376546419,-0.1272344574981555,-0.0296434924902376,0.0427103745908202,0.0838890653101446,0.1080479719951299,0.6420516727799231,-0.2860234628829359,22.50081187172003,23.629135765331604,28.03340734058756,0.0832737734578003,1.0,-0.0055807943529238,-0.2938765170795113,-0.0601028122191206,0.1911810723457561,23.30816129324961,23.34887445162629,0.3745046392216323,4.0,-0.0322096376546419,-0.1272344574981555,-0.0296434924902376,0.0427103745908202,0.0838890653101446,0.1080479719951299,0.6420516727799231,-0.2860234628829359,22.15146592925452,23.279789822866093,27.96170676163076,0.0832737734578003,1.0,-0.0055807943529238,-0.2938765170795113,-0.0601028122191206,0.1911810723457561,23.0108584940888,22.22065125215397,0.3745046392216323,4.0,-0.0322096376546419,-0.1272344574981555,-0.0296434924902376,0.0427103745908202,0.0838890653101446,0.1080479719951299,0.6420516727799231,-0.2860234628829359,21.854163130093696,22.98248702370527,27.90835511188972,0.0832737734578003,1.0,-0.0055807943529238,-0.2938765170795113,-0.0601028122191206,0.1911810723457561,22.68766632172549,21.42803557890948,0.3745046392216323,4.0,-0.0322096376546419,-0.1272344574981555,-0.0296434924902376,0.0427103745908202,0.0838890653101446,0.1080479719951299,0.6420516727799231,-0.2860234628829359,21.5309709577304,22.65929485134197,27.67277989756336,0.0832737734578003,1.0,-0.0055807943529238,-0.2938765170795113,-0.0601028122191206,0.1911810723457561,22.6477723003331,21.14970105858444,0.3745046392216323,4.0,-0.0322096376546419,-0.1272344574981555,-0.0296434924902376,0.0427103745908202,0.0838890653101446,0.1080479719951299,0.6420516727799231,-0.2860234628829359,21.491076936338,22.619400829949576,27.04494702156643,0.0832737734578003,1.0,-0.0055807943529238,-0.2938765170795113,-0.0601028122191206,0.1911810723457561,189.6716714984408,2.187080450891772,-51.61007611365865,2.901871288841225,-24.156628564118147,-1.026475500233534,2.0,0.0397338852969159,0.1555445728392766,0.2668277369740948,0.6147833474722121,0.4392451993697884,1.059527839118466,-0.3156615062687516,0.8180618745599406,0.0,27.453447549540503,0.0491561175795758,-0.0601028122191206,0.1911810723457561,-0.0601028122191206,0.1911810723457561,27.90835511188972,5.597350309397606,7.614967319408436,0.2136114990182173,22.98248702370527,22.98248702370527,-0.9662817589366764,0.757927975259112,-0.9093696126072588,0.7679587456130359,216312748253.9983,<slsim.Lenses.lens.Lens object at 0x7fad74144f90>,-21.385242192000668,-21.72169029748479,-22.071036239950303,-22.368339039111124,-22.691531211474427,-22.73142523286682,,,,,,,,,,,,,,,,,,,,,,,,,,,,,,,,,,,,,,,,,,,,,,,,,,,27.453447549540503,2.423197843198793,-0.6078320924554017,-0.5881501477534052,2.333442570232833,,,,,,,,,,,,,,,,,,,,,,,,,,27.453447549540503,,,,,,,,,21.43277460742011,33.23012645612731,5.764557784958644,31.088786988975247,14.215214307552536,3.770306924847437,21.07053668253361,31.252004486839954,5.590349227627908,31.026783796205557,19.533748496585044,4.419700045996905,,,,"['u', 'g', 'r', 'i', 'z', 'y']","['g', 'r', 'i', 'z']",[27.74340844],[[5.44568177]],2.3335984594053794,,,,,,,,
16,deblcdouble52,06062026,6.878547244344663,1.382033937667842,0.509185994862705,0.6080020345456111,71.80349091982687,0.3919708996666244,0.6231782700288404,0.0322630349478721,0.0709424891906017,2,-0.3363414694537889,2.160276396647011,0.4364017001455108,0.6877367187970646,2.705544179930479,0.0,16.809286918900135,26.581650168135813,25.6450568214422,25.188956433926272,24.9644290651377,24.72668919216885,24.472457122143005,GAL-QSO-LENS_0.0528_-0.0199,0.7492050115899108,1.9931215287983128,0.0527539179873662,-0.019916495252019,0.0689738808031922,0.0574384620827408,-0.006207754415803,0.0674999482715809,0.0,0.0,-0.007158367262935,26.581650168135813,23.34055536374937,0.6940391405326519,4.0,-0.0031142814950035,-0.0058751725045438,0.0527539179873662,-0.019916495252019,-0.2527999723629248,0.5140855602535086,0.7894085845150074,-0.3603324231598908,24.715315904673066,25.38117809409013,28.375316363279595,0.1831816428196014,1.0,0.2563771264593995,0.0959924941931034,-0.0383159734196974,0.0856868583729242,25.6450568214422,22.06342379106904,0.6940391405326519,4.0,-0.0031142814950035,-0.0058751725045438,0.0527539179873662,-0.019916495252019,-0.2527999723629248,0.5140855602535086,0.7894085845150074,-0.3603324231598908,23.77872255797944,24.444584747396515,27.82452239513063,0.1831816428196014,1.0,0.2563771264593995,0.0959924941931034,-0.0383159734196974,0.0856868583729242,25.188956433926272,20.62795986011273,0.6940391405326519,4.0,-0.0031142814950035,-0.0058751725045438,0.0527539179873662,-0.019916495252019,-0.2527999723629248,0.5140855602535086,0.7894085845150074,-0.3603324231598908,23.32262217046352,23.98848435988059,27.72622764155041,0.1831816428196014,1.0,0.2563771264593995,0.0959924941931034,-0.0383159734196974,0.0856868583729242,24.9644290651377,19.8657838629892,0.6940391405326519,4.0,-0.0031142814950035,-0.0058751725045438,0.0527539179873662,-0.019916495252019,-0.2527999723629248,0.5140855602535086,0.7894085845150074,-0.3603324231598908,23.098094801674947,23.76395699109202,27.551779236938195,0.1831816428196014,1.0,0.2563771264593995,0.0959924941931034,-0.0383159734196974,0.0856868583729242,24.72668919216885,19.496778325511745,0.6940391405326519,4.0,-0.0031142814950035,-0.0058751725045438,0.0527539179873662,-0.019916495252019,-0.2527999723629248,0.5140855602535086,0.7894085845150074,-0.3603324231598908,22.8603549287061,23.52621711812317,27.511161789213,0.1831816428196014,1.0,0.2563771264593995,0.0959924941931034,-0.0383159734196974,0.0856868583729242,24.472457122143005,19.2255437092296,0.6940391405326519,4.0,-0.0031142814950035,-0.0058751725045438,0.0527539179873662,-0.019916495252019,-0.2527999723629248,0.5140855602535086,0.7894085845150074,-0.3603324231598908,22.60612285868025,23.271985048097324,27.41754085870859,0.1831816428196014,1.0,0.2563771264593995,0.0959924941931034,-0.0383159734196974,0.0856868583729242,194.991740898528,2.705544179930479,-29.67772382735907,5.578708965521397,-12.868436908458934,-3.0212650696269336,2.0,0.0322630349478721,0.0709424891906017,0.3919708996666244,0.6231782700288404,0.4364017001455108,0.6877367187970646,0.8478295341811014,1.850555992322932,0.0,16.809286918900135,0.0677848008889383,-0.0383159734196974,0.0856868583729242,-0.0383159734196974,0.0856868583729242,27.551779236938195,8.645476260121084,6.878547244344663,-0.0523875684934481,23.76395699109202,23.76395699109202,0.3471989388160885,0.8352691490955865,-1.0291066906400124,0.986788765795313,236032895070.611,<slsim.Lenses.lens.Lens object at 0x7fad9fe36cd0>,-19.290685260386905,-20.22727860708052,-20.683378994596445,-20.907906363385017,-21.145646236353866,-21.399878306379712,,,,,,,,,,,,,,,,,,,,,,,,,,,,,,,,,,,,,,,,,,,,,,,,,,,16.809286918900135,2.000493233840757,-0.3210132563937382,-0.3363414694537889,2.160276396647011,,,,,,,,,,,,,,,,,,,,,,,,,,16.809286918900135,,,,,,,,,22.729804478672982,17.645920072633483,4.200704711430391,35.504473619984964,55.63101549926882,7.458620214172915,24.50320354035723,94.99114967568727,9.746340322176692,37.20991663322426,65.60502442375548,8.099692859840765,,,,"['u', 'g', 'r', 'i', 'z', 'y']","['g', 'r', 'i', 'z']",[27.4005545],[[9.95857837]],3.155721529089384,,,,,,,,
17,deblcdouble74,06062026,8.217933657364915,1.7406317313828172,0.1207054431209794,0.9004242203871624,58.24016735077591,0.2875318767582052,1.27416194041954,0.0268418931050246,0.3143372464299424,2,-0.7143838295994296,1.988069624115632,0.329006357145695,1.2531811495184435,2.3786518032593964,0.0,15.230805268608629,21.97925328880092,21.28208884256357,21.0569969846561,20.92887693872293,20.729488556091184,20.53011386477823,GAL-QSO-LENS_0.0442_0.0179,0.9042104317342065,1.971932264496552,0.0442387224592817,0.0178587348550931,0.0319435038723477,-0.1094804841183183,-0.0053201765030674,-0.0477854807121333,0.0,0.0,-0.01233955034337,21.97925328880092,19.044110002677577,1.1740450930515471,4.0,-0.0349520763000958,0.0432573307846816,0.0442387224592817,0.0178587348550931,1.1567732457852082,-0.2283387160481463,0.901512318871836,-0.1526526006179467,20.98268004104159,22.416072832479543,25.37025605359155,0.4950302755647112,1.0,-0.3131730978153114,0.1686299698212734,0.5013562722643685,0.3501919467796609,21.28208884256357,17.596730712538964,1.1740450930515471,4.0,-0.0349520763000958,0.0432573307846816,0.0442387224592817,0.0178587348550931,1.1567732457852082,-0.2283387160481463,0.901512318871836,-0.1526526006179467,20.28551559480425,21.7189083862422,25.091363711378765,0.4950302755647112,1.0,-0.3131730978153114,0.1686299698212734,0.5013562722643685,0.3501919467796609,21.0569969846561,16.702966758602997,1.1740450930515471,4.0,-0.0349520763000958,0.0432573307846816,0.0442387224592817,0.0178587348550931,1.1567732457852082,-0.2283387160481463,0.901512318871836,-0.1526526006179467,20.060423736896773,21.49381652833473,24.87125257732097,0.4950302755647112,1.0,-0.3131730978153114,0.1686299698212734,0.5013562722643685,0.3501919467796609,20.92887693872293,16.256784250887527,1.1740450930515471,4.0,-0.0349520763000958,0.0432573307846816,0.0442387224592817,0.0178587348550931,1.1567732457852082,-0.2283387160481463,0.901512318871836,-0.1526526006179467,19.932303690963604,21.36569648240156,24.70528089382904,0.4950302755647112,1.0,-0.3131730978153114,0.1686299698212734,0.5013562722643685,0.3501919467796609,20.729488556091184,15.950641215525678,1.1740450930515471,4.0,-0.0349520763000958,0.0432573307846816,0.0442387224592817,0.0178587348550931,1.1567732457852082,-0.2283387160481463,0.901512318871836,-0.1526526006179467,19.73291530833185,21.16630809976981,24.582413497609405,0.4950302755647112,1.0,-0.3131730978153114,0.1686299698212734,0.5013562722643685,0.3501919467796609,20.53011386477823,15.766794376352266,1.1740450930515471,4.0,-0.0349520763000958,0.0432573307846816,0.0442387224592817,0.0178587348550931,1.1567732457852082,-0.2283387160481463,0.901512318871836,-0.1526526006179467,19.533540617018904,20.966933408456857,24.34759061384933,0.4950302755647112,1.0,-0.3131730978153114,0.1686299698212734,0.5013562722643685,0.3501919467796609,185.45798778336345,2.3786518032593964,-13.486230102350357,2.5039710251543355,1.744575166258272,-0.6687629156471744,2.0,0.0268418931050246,0.3143372464299424,0.2875318767582052,1.27416194041954,0.329006357145695,1.2531811495184435,-1.783963396585836,-2.0137642540731737,0.0,15.230805268608629,0.0480807284149633,0.5013562722643685,0.3501919467796609,0.5013562722643685,0.3501919467796609,24.70528089382904,3.098726208156385,8.217933657364915,-0.855562487048651,21.36569648240156,21.36569648240156,-0.6434518820828008,0.7952588976328245,1.1251992287675023,0.8946331123133434,202376709005.14645,<slsim.Lenses.lens.Lens object at 0x7fad50090f50>,-23.6372944144226,-24.33445886065994,-24.55955071856741,-24.687670764500584,-24.88705914713233,-25.086433838445284,,,,,,,,,,,,,,,,,,,,,,,,,,,,,,,,,,,,,,,,,,,,,,,,,,,15.230805268608629,1.9782974471392825,-0.6776720864737771,-0.7143838295994296,1.9880696241156317,,,,,,,,,,,,,,,,,,,,,,,,,,15.230805268608629,,,,,,24.01209695089252,7.126777750074882,50.79096109896239,17.932927522218705,16.205878324065576,4.025652533945966,15.659976875905212,1.1539592906064475,1.074224972064254,14.861666981346572,3.046981715989935,1.7455605735665363,13.16965405948359,4.7788033319881205,2.186047422172749,16.700980918610508,19.627078760761314,4.430245902967612,"['u', 'g', 'r', 'i', 'z', 'y']","['u', 'g', 'r', 'i', 'z', 'y']",[15.38310233],[[0.65088178]],0.8067724488864577,,,,,,,,
18,deblcdouble104,06062026,6.974063990945326,1.0267593929249614,0.5362489255094178,0.6646024102663987,35.52634923069628,0.3193472797648103,0.6161373578089697,0.0433764893382485,0.1315487563313097,2,-0.5723576019753364,1.6269859736816166,0.45872884243825,0.8436621014736533,1.558413815558494,0.0,14.496640540338674,23.64846726375925,23.53302364209309,23.38384193511528,23.18431732697394,23.213796760965263,23.28304752536328,GAL-QSO-LENS_0.0243_0.0043,0.522659384292186,2.19690961863802,0.0243070043789415,0.004313826561264,-0.0965794944578481,-0.1084215502633089,-0.0218166716850372,-0.0099147484252345,0.0,0.0,0.0030072122336924,23.64846726375925,24.52295824282221,0.3679086711962483,4.0,-0.0903221172566783,-0.0956784190577596,0.0243070043789415,0.004313826561264,0.2086409585790745,0.0750030087040257,0.6145465846645998,-0.403478832165859,22.15565031360838,23.027464042072808,25.64309335365341,0.7691811574917932,1.0,0.062049464451119,0.0773038570671713,0.0346842385053771,0.1365936689755526,23.53302364209309,22.829472697136183,0.3679086711962483,4.0,-0.0903221172566783,-0.0956784190577596,0.0243070043789415,0.004313826561264,0.2086409585790745,0.0750030087040257,0.6145465846645998,-0.403478832165859,22.04020669194222,22.912020420406648,25.4336963763645,0.7691811574917932,1.0,0.062049464451119,0.0773038570671713,0.0346842385053771,0.1365936689755526,23.38384193511528,21.3719430036052,0.3679086711962483,4.0,-0.0903221172566783,-0.0956784190577596,0.0243070043789415,0.004313826561264,0.2086409585790745,0.0750030087040257,0.6145465846645998,-0.403478832165859,21.89102498496441,22.76283871342884,25.29154004511276,0.7691811574917932,1.0,0.062049464451119,0.0773038570671713,0.0346842385053771,0.1365936689755526,23.18431732697394,20.43741278574806,0.3679086711962483,4.0,-0.0903221172566783,-0.0956784190577596,0.0243070043789415,0.004313826561264,0.2086409585790745,0.0750030087040257,0.6145465846645998,-0.403478832165859,21.69150037682307,22.563314105287496,25.00826626204572,0.7691811574917932,1.0,0.062049464451119,0.0773038570671713,0.0346842385053771,0.1365936689755526,23.213796760965263,20.052687671117845,0.3679086711962483,4.0,-0.0903221172566783,-0.0956784190577596,0.0243070043789415,0.004313826561264,0.2086409585790745,0.0750030087040257,0.6145465846645998,-0.403478832165859,21.72097981081439,22.59279353927882,24.76072746181437,0.7691811574917932,1.0,0.062049464451119,0.0773038570671713,0.0346842385053771,0.1365936689755526,23.28304752536328,19.82439630057322,0.3679086711962483,4.0,-0.0903221172566783,-0.0956784190577596,0.0243070043789415,0.004313826561264,0.2086409585790745,0.0750030087040257,0.6145465846645998,-0.403478832165859,21.790230575212405,22.66204430367684,24.301915812039603,0.7691811574917932,1.0,0.062049464451119,0.0773038570671713,0.0346842385053771,0.1365936689755526,181.31956677640432,1.558413815558494,-27.414232511104306,3.9548205308187128,-12.917591970765631,-1.7717452972047982,2.0,0.0433764893382485,0.1315487563313097,0.3193472797648103,0.6161373578089697,0.45872884243825,0.8436621014736533,-0.6591975956572805,0.2264794370641087,0.0,14.496640540338674,0.0239639187060129,0.0346842385053771,0.1365936689755526,0.0346842385053771,0.1365936689755526,25.00826626204572,2.07618895452957,6.974063990945326,-0.2809802457263133,22.563314105287496,22.563314105287496,-1.1492463915640363,0.7464209352298766,-1.163702604045331,0.7674452712382301,187709144143.2291,<slsim.Lenses.lens.Lens object at 0x7fad500f0e10>,-20.77893315223345,-20.894376773899605,-21.04355848087741,-21.24308308901876,-21.21360365502744,-21.14435289062942,,,,,,,,,,,,,,,,,,,,,,,,,,,,,,,,,,,,,,,,,,,,,,,,,,,14.496640540338674,2.421454141648672,-0.3726518692346831,-0.5723576019753364,1.6269859736816166,,,,,,,,,,,,,,,,,,,,,,,,,,14.496640540338674,,,,,,21.66959205173123,7.797974666040959,60.80840889221661,,,,11.418115599510235,33.53781709589756,5.791184429449434,20.3180933195421,34.47087907545707,5.871190601186191,29.601038202124016,40.94074946881773,6.398495875502126,20.614426034729977,40.952929285451596,6.399447576584373,"['u', 'g', 'r', 'i', 'z', 'y']","['u', 'r', 'i', 'z', 'y']",[20.24421897],[[8.0569793]],2.8384818658838395,,,,,,,,
19,deblcdouble96,06062026,8.334315643002158,1.2600921883473706,0.3137880687027178,0.8763841608412543,48.07868709789726,0.0613480926517588,1.0955542501774354,0.010471460354884,0.5614768704368617,2,-0.6409205077161084,1.986974562859644,0.2170710032290762,3.088454578530792,2.4213310258042275,0.0,33.78962183813694,21.51288954838672,20.89445703780748,20.7546389115472,20.71140611071079,20.56111969476752,20.384963703895096,GAL-QSO-LENS_0.0523_0.0012,0.5345949901598289,2.4446115201830096,0.0522808511904851,0.0011931846649749,-0.0641611419726792,-0.0193517469454549,0.0273445390961675,0.0364785203058819,0.0,0.0,-0.0311889316905773,21.51288954838672,22.6550821539851,0.2239180990508253,4.0,0.0079167117878277,-0.0091019880619697,0.0522808511904851,0.0011931846649749,-0.9900440530964584,0.238275897449218,-0.2429353667813583,0.0382450418987853,21.315736433828683,23.96055584137543,25.91434827933358,0.4131332803931272,1.0,-0.213550135324226,-0.2465045818928534,-0.5996651643017114,-0.1326463396335132,20.89445703780748,21.180878655836374,0.2239180990508253,4.0,0.0079167117878277,-0.0091019880619697,0.0522808511904851,0.0011931846649749,-0.9900440530964584,0.238275897449218,-0.2429353667813583,0.0382450418987853,20.69730392324945,23.3421233307962,25.49183121902628,0.4131332803931272,1.0,-0.213550135324226,-0.2465045818928534,-0.5996651643017114,-0.1326463396335132,20.7546389115472,19.914548517348003,0.2239180990508253,4.0,0.0079167117878277,-0.0091019880619697,0.0522808511904851,0.0011931846649749,-0.9900440530964584,0.238275897449218,-0.2429353667813583,0.0382450418987853,20.55748579698916,23.20230520453591,25.1522708086733,0.4131332803931272,1.0,-0.213550135324226,-0.2465045818928534,-0.5996651643017114,-0.1326463396335132,20.71140611071079,19.40555479315833,0.2239180990508253,4.0,0.0079167117878277,-0.0091019880619697,0.0522808511904851,0.0011931846649749,-0.9900440530964584,0.238275897449218,-0.2429353667813583,0.0382450418987853,20.51425299615276,23.159072403699508,24.890326087179808,0.4131332803931272,1.0,-0.213550135324226,-0.2465045818928534,-0.5996651643017114,-0.1326463396335132,20.56111969476752,19.123813296258056,0.2239180990508253,4.0,0.0079167117878277,-0.0091019880619697,0.0522808511904851,0.0011931846649749,-0.9900440530964584,0.238275897449218,-0.2429353667813583,0.0382450418987853,20.363966580209485,23.00878598775624,24.69613727431554,0.4131332803931272,1.0,-0.213550135324226,-0.2465045818928534,-0.5996651643017114,-0.1326463396335132,20.384963703895096,18.95117953989208,0.2239180990508253,4.0,0.0079167117878277,-0.0091019880619697,0.0522808511904851,0.0011931846649749,-0.9900440530964584,0.238275897449218,-0.2429353667813583,0.0382450418987853,20.187810589337065,22.832629996883814,24.388230620217605,0.4131332803931272,1.0,-0.213550135324226,-0.2465045818928534,-0.5996651643017114,-0.1326463396335132,153.87096185179456,2.4213310258042275,-30.4921768597676,1.1991161323732995,3.29744497836934,-0.1049381691466431,2.0,0.010471460354884,0.5614768704368617,0.0613480926517588,1.0955542501774354,0.2170710032290762,3.088454578530792,-2.779700342106941,-2.757620659761158,0.0,33.78962183813694,0.0455895411480361,-0.5996651643017114,-0.1326463396335132,-0.5996651643017114,-0.1326463396335132,24.890326087179808,1.2781438234680131,8.334315643002158,-0.233375252479294,23.159072403699508,23.159072403699508,-1.424328975678396,0.8743861648429089,-0.4274657045547218,0.9761611953685962,100884043771.88837,<slsim.Lenses.lens.Lens object at 0x7fad5009b0d0>,-24.15158929463931,-24.770021805218544,-24.90983993147883,-24.953072732315235,-25.10335914825851,-25.27951513913093,,,,,,,,,,,,,,,,,,,,,,,,,,,,,,,,,,,,,,,,,,,,,,,,,,,33.78962183813694,2.3164093072120875,-0.6554430770660136,-0.6409205077161084,1.986974562859644,,,,,,,,,,,,,,,,,,,,,,,,,,33.78962183813694,,,,,,,,,,,,25.081784550011797,32.06663379160427,5.662740837404116,28.1119446546706,38.71762925866323,6.222349175244284,,,,,,,"['u', 'g', 'r', 'i', 'z', 'y']","['r', 'i']",[26.45450541],[[17.53983139]],4.188058188046328,,,,,,,,
20,deblcdouble99,06062026,7.658714393477386,1.5868731654314203,0.5063247879657855,0.3451342349676388,65.59993149834186,0.1908125658328015,1.0385038903878905,0.013566761750322,0.3125761359315028,2,-0.5423480516076656,2.298563231930518,0.3744507680626544,1.6748340551126288,1.6776269659812224,0.0,81.64165095406393,23.26599559553048,22.88456455577365,22.66403285997723,22.37459088573892,22.330223014999465,22.347702702512468,GAL-QSO-LENS_0.0293_0.0056,0.8002525077325772,2.210825748193612,0.0292578642266724,0.0055512580734084,0.062268260644366,-0.0215024042775629,0.0051872021738448,0.0242333266121989,0.0,0.0,-0.0360163801172332,23.26599559553048,23.98817012123381,0.2554565267448342,4.0,-0.0050992832304254,0.0961359282313996,0.0292578642266724,0.0055512580734084,0.6277605423356929,-0.1759929843330881,-1.080680087570395,0.2875840358845148,22.54460870609969,24.385280519957952,24.44085565323043,0.362680997658756,1.0,0.1328440686542525,-0.0930613412575927,0.3432283392006691,-0.4871472427802959,22.88456455577365,22.03904811047359,0.2554565267448342,4.0,-0.0050992832304254,0.0961359282313996,0.0292578642266724,0.0055512580734084,0.6277605423356929,-0.1759929843330881,-1.080680087570395,0.2875840358845148,22.163177666342868,24.00384948020113,24.287352315759698,0.362680997658756,1.0,0.1328440686542525,-0.0930613412575927,0.3432283392006691,-0.4871472427802959,22.66403285997723,20.530260135766408,0.2554565267448342,4.0,-0.0050992832304254,0.0961359282313996,0.0292578642266724,0.0055512580734084,0.6277605423356929,-0.1759929843330881,-1.080680087570395,0.2875840358845148,21.942645970546447,23.783317784404705,24.021654082510054,0.362680997658756,1.0,0.1328440686542525,-0.0930613412575927,0.3432283392006691,-0.4871472427802959,22.37459088573892,19.65839744291409,0.2554565267448342,4.0,-0.0050992832304254,0.0961359282313996,0.0292578642266724,0.0055512580734084,0.6277605423356929,-0.1759929843330881,-1.080680087570395,0.2875840358845148,21.65320399630814,23.4938758101664,23.698238242985653,0.362680997658756,1.0,0.1328440686542525,-0.0930613412575927,0.3432283392006691,-0.4871472427802959,22.330223014999465,19.275035932981734,0.2554565267448342,4.0,-0.0050992832304254,0.0961359282313996,0.0292578642266724,0.0055512580734084,0.6277605423356929,-0.1759929843330881,-1.080680087570395,0.2875840358845148,21.608836125568683,23.44950793942694,23.49627982867129,0.362680997658756,1.0,0.1328440686542525,-0.0930613412575927,0.3432283392006691,-0.4871472427802959,22.347702702512468,19.06296573891576,0.2554565267448342,4.0,-0.0050992832304254,0.0961359282313996,0.0292578642266724,0.0055512580734084,0.6277605423356929,-0.1759929843330881,-1.080680087570395,0.2875840358845148,21.626315813081685,23.466987626939943,23.325096354807272,0.362680997658756,1.0,0.1328440686542525,-0.0930613412575927,0.3432283392006691,-0.4871472427802959,216.5397089907705,1.6776269659812224,-80.06856339760584,1.9433666957161444,1.5730875564580846,-0.3566859726550333,2.0,0.013566761750322,0.3125761359315028,0.1908125658328015,1.0385038903878905,0.3744507680626544,1.6748340551126288,1.018191188868939,1.2469086823659403,0.0,81.64165095406393,0.0247822756236357,0.3432283392006691,-0.4871472427802959,0.3432283392006691,-0.4871472427802959,23.698238242985653,2.505670018166517,7.658714393477386,0.1476362046309974,23.4938758101664,23.4938758101664,-0.1662492300025552,0.876390309575402,0.8118945477576363,0.824366299815802,328912695294.5005,<slsim.Lenses.lens.Lens object at 0x7fad5da3aa10>,-21.35386155078601,-21.73529259054284,-21.95582428633925,-22.24526626057757,-22.289634131317023,-22.27215444380402,,,,,,,,,,,,,,,,,,,,,,,,,,,,,,,,,,,,,,,,,,,,,,,,,,,81.64165095406393,2.1671692196693315,-0.594411568340275,-0.5423480516076656,2.298563231930518,,,,,,,,,,,,,,,,,,,,,,,,,,81.64165095406393,,,,,,69.27781860298697,9.654636986562245,93.21201534229571,,,,91.11042844240758,32.20484594714977,5.6749313605672596,,,,,,,79.55831861183727,93.73751380701485,9.681813559814858,"['u', 'g', 'r', 'i', 'z', 'y']","['u', 'r', 'y']",[84.29477696],[[19.06666911]],4.3665397185453765,,,,,,,,
21,deblcdouble37,06062026,8.716469564679274,1.3443633255273881,1.5792479009514169,0.8621010774395276,72.57417432902115,0.2928509246150066,1.2391576320161517,0.0253607095218585,0.2883507447909746,2,-0.8284501893708689,1.9995339492653896,0.3449777518905233,1.3911876589445222,2.9197709013270035,0.0,255.47125108750225,21.796995228889664,20.865506584882084,20.47108206796783,20.21637408380399,20.15401984638564,19.945858544932097,GAL-QSO-LENS_-0.0518_-0.0121,0.6806211997032878,2.051581754235288,-0.0517985166134487,-0.0121391008372264,0.0124255286619015,0.0372108525052081,0.0240813844633711,0.0072775729372105,0.0,0.0,-0.007158367262935,21.796995228889664,25.8794396882272,0.7176015348339025,4.0,0.0203196498425454,0.0282915630564356,-0.0517985166134487,-0.0121391008372264,-0.451425359360898,0.0526572953419694,-1.0030512963897174,0.24322853906088,20.7494506154124,22.481353709520683,25.99765579688096,0.3928746096755416,1.0,0.1825706001076432,0.0779981204534179,-0.2033337348073078,-0.4120474624794484,20.865506584882084,25.74037284244957,0.7176015348339025,4.0,0.0203196498425454,0.0282915630564356,-0.0517985166134487,-0.0121391008372264,-0.451425359360898,0.0526572953419694,-1.0030512963897174,0.24322853906088,19.81796197140482,21.549865065513103,24.946750301554548,0.3928746096755416,1.0,0.1825706001076432,0.0779981204534179,-0.2033337348073078,-0.4120474624794484,20.47108206796783,25.35152265004689,0.7176015348339025,4.0,0.0203196498425454,0.0282915630564356,-0.0517985166134487,-0.0121391008372264,-0.451425359360898,0.0526572953419694,-1.0030512963897174,0.24322853906088,19.423537454490567,21.15544054859885,24.834610856172045,0.3928746096755416,1.0,0.1825706001076432,0.0779981204534179,-0.2033337348073078,-0.4120474624794484,20.21637408380399,24.169042150283712,0.7176015348339025,4.0,0.0203196498425454,0.0282915630564356,-0.0517985166134487,-0.0121391008372264,-0.451425359360898,0.0526572953419694,-1.0030512963897174,0.24322853906088,19.168829470326727,20.90073256443501,24.66734276618765,0.3928746096755416,1.0,0.1825706001076432,0.0779981204534179,-0.2033337348073078,-0.4120474624794484,20.15401984638564,23.27497018814591,0.7176015348339025,4.0,0.0203196498425454,0.0282915630564356,-0.0517985166134487,-0.0121391008372264,-0.451425359360898,0.0526572953419694,-1.0030512963897174,0.24322853906088,19.106475232908377,20.83837832701666,24.551070682023653,0.3928746096755416,1.0,0.1825706001076432,0.0779981204534179,-0.2033337348073078,-0.4120474624794484,19.945858544932097,22.770500544900404,0.7176015348339025,4.0,0.0203196498425454,0.0282915630564356,-0.0517985166134487,-0.0121391008372264,-0.451425359360898,0.0526572953419694,-1.0030512963897174,0.24322853906088,18.89831393145484,20.63021702556312,24.546404224832816,0.3928746096755416,1.0,0.1825706001076432,0.0779981204534179,-0.2033337348073078,-0.4120474624794484,289.2765048789576,2.9197709013270035,-236.6833458921749,2.6243263761334914,18.787905195327347,-0.5324227542800439,2.0,0.0253607095218585,0.2883507447909746,0.2928509246150066,1.2391576320161517,0.3449777518905233,1.3911876589445222,-0.7008709932124296,-0.7584918684944035,0.0,255.47125108750225,0.0251570297437736,-0.2033337348073078,-0.4120474624794484,-0.2033337348073078,-0.4120474624794484,24.66734276618765,2.894445236164972,8.716469564679274,-0.9043453614691884,20.90073256443501,20.90073256443501,0.6242579559701904,0.924500652087754,0.4739723024614276,0.932679989364081,769580318341.7742,<slsim.Lenses.lens.Lens object at 0x7fad5e58f250>,-24.24425058290121,-25.17573922690879,-25.57016374382304,-25.82487172798688,-25.887225965405232,-26.095387266858776,,,,,,,,,,,,,,,,,,,,,,,,,,,,,,,,,,,,,,,,,,,,,,,,,,,255.47125108750225,2.133021054682301,-0.800478246072271,-0.8284501893708689,1.9995339492653896,,,,,,,,,,,,,,,,,,,,,,,,,,255.47125108750225,,,,,,,,,250.25789028933778,48.326653139337225,6.951737418756352,259.9886416013404,25.753647307453985,5.074805149703187,261.55777079045225,17.261536273993137,4.15470050352527,255.46575705215932,35.190216842948985,5.932134256989552,,,,"['u', 'g', 'r', 'i', 'z', 'y']","['g', 'r', 'i', 'z']",[258.35036607],[[6.85536156]],2.6182745387947763,,,,,,,,
22,deblcdouble71,06062026,7.10605534972672,1.5407135001608354,0.2664255511155876,0.5178595023798596,76.07562285308676,0.2564211948947438,0.4268592776540184,0.0364990407960484,0.0824201382878556,2,-0.5151302023471688,1.8355796748491813,0.4091218321841884,0.6692155657199932,1.6282050940489703,0.0,11.573359308453762,24.31882193353129,23.88451544429238,23.5817960592958,23.24400141024315,23.168276806371683,23.172211554487085,GAL-QSO-LENS_0.0359_-0.0301,0.7554520271757785,2.171837313217133,0.0358502135544069,-0.0300953880726318,-0.1731891963475851,-0.0523852715842916,-0.008423524695192,-0.0044353319169143,0.0,0.0,-0.0045255411996662,24.31882193353129,21.32178187678465,0.7731645565279998,4.0,-0.0804899172385277,-0.1117559490158916,0.0358502135544069,-0.0300953880726318,0.9571101978380412,-0.5529978763817955,0.1176407068994518,-0.1879271149566924,23.283963903610456,22.01096155252253,26.40490885531315,0.6169730910014641,1.0,-0.2092029296597999,0.3402283754806642,0.2257024534297589,0.0037525030476911,23.88451544429238,19.96942763570162,0.7731645565279998,4.0,-0.0804899172385277,-0.1117559490158916,0.0358502135544069,-0.0300953880726318,0.9571101978380412,-0.5529978763817955,0.1176407068994518,-0.1879271149566924,22.84965741437155,21.576655063283624,26.25723323147912,0.6169730910014641,1.0,-0.2092029296597999,0.3402283754806642,0.2257024534297589,0.0037525030476911,23.5817960592958,18.770321237814024,0.7731645565279998,4.0,-0.0804899172385277,-0.1117559490158916,0.0358502135544069,-0.0300953880726318,0.9571101978380412,-0.5529978763817955,0.1176407068994518,-0.1879271149566924,22.546938029374967,21.27393567828704,26.11380527465082,0.6169730910014641,1.0,-0.2092029296597999,0.3402283754806642,0.2257024534297589,0.0037525030476911,23.24400141024315,18.271120198537645,0.7731645565279998,4.0,-0.0804899172385277,-0.1117559490158916,0.0358502135544069,-0.0300953880726318,0.9571101978380412,-0.5529978763817955,0.1176407068994518,-0.1879271149566924,22.20914338032232,20.936141029234395,25.84346647946469,0.6169730910014641,1.0,-0.2092029296597999,0.3402283754806642,0.2257024534297589,0.0037525030476911,23.168276806371683,17.996455051736177,0.7731645565279998,4.0,-0.0804899172385277,-0.1117559490158916,0.0358502135544069,-0.0300953880726318,0.9571101978380412,-0.5529978763817955,0.1176407068994518,-0.1879271149566924,22.133418776450853,20.860416425362928,25.518038316331623,0.6169730910014641,1.0,-0.2092029296597999,0.3402283754806642,0.2257024534297589,0.0037525030476911,23.172211554487085,17.77971312042606,0.7731645565279998,4.0,-0.0804899172385277,-0.1117559490158916,0.0358502135544069,-0.0300953880726318,0.9571101978380412,-0.5529978763817955,0.1176407068994518,-0.1879271149566924,22.13735352456625,20.86435117347833,25.11825810577121,0.6169730910014641,1.0,-0.2092029296597999,0.3402283754806642,0.2257024534297589,0.0037525030476911,184.797361497175,1.6282050940489703,-22.20793086743565,2.5938401712823937,-10.634571558981888,-8.378073236473748,2.0,0.0364990407960484,0.0824201382878556,0.2564211948947438,0.4268592776540184,0.4091218321841884,0.6692155657199932,-2.820464523525668,-2.6254945046509817,0.0,11.573359308453762,0.009519870666333,0.2257024534297589,0.0037525030476911,0.2257024534297589,0.0037525030476911,25.84346647946469,3.042412932942407,7.10605534972672,0.7369007403789448,20.936141029234395,20.936141029234395,-1.4239337286374822,0.6935683978621529,-1.097485213263496,0.7578949219661463,200424399092.86816,<slsim.Lenses.lens.Lens object at 0x7fad5da6a790>,-20.223837422776807,-20.65814391201572,-20.96086329701229,-21.298657946064942,-21.37438254993641,-21.37044780182101,,,,,,,,,,,,,,,,,,,,,,,,,,,,,,,,,,,,,,,,,,,,,,,,,,,11.573359308453762,1.7374126372228598,-0.5536437471397138,-0.5151302023471688,1.8355796748491813,,,,,,,,,,,,,,,,,,,,,,,,,,11.573359308453762,,,,,,16.827223954036526,4.381339584372904,19.196136553592932,31.03601838415066,12.179243101355775,3.4898772329919825,16.649977113548005,0.9153228353003147,0.9567250573180963,,,,12.949645244829622,2.2209295347533358,1.4902783413689322,14.16441728853041,19.012695743910474,4.36035500205092,"['u', 'g', 'r', 'i', 'z', 'y']","['u', 'g', 'r', 'z', 'y']",[16.29935623],[[0.57817846]],0.7603804716023238,,,,,,,,
23,deblcquad281,06062026,7.043636517434998,1.6198975595379113,2.03250823676131,0.4121412784699348,88.69437126104562,0.4706486548906919,0.495376728628087,0.0604193726397119,0.0674160088550054,4,-0.3751743636719515,1.8481188557464747,0.3983511329030655,0.4196001038992362,3.452151934382396,0.0,75.6229531761652,29.456463931904125,26.9105812281976,25.89806099723308,25.53485293562144,25.251657977662568,25.11675788158361,GAL-QSO-LENS_0.0354_-0.0028,1.5074660688435766,1.9258093624170387,0.0354404344725642,-0.0027568914296244,0.0829025523517637,-0.0217477816681373,0.0,0.0,0.0,0.0,0.0,29.456463931904125,26.50762313286252,1.8519857874058776,4.0,0.0791280242044374,-0.0271775046486252,0.0354404344725642,-0.0027568914296244,-0.3580337501994752,-0.0588314081841817,-1.5523938302468554,1.5118451083977376,27.16816572145904,26.694749503527177,31.629721813499906,0.3632937208489091,1.0,0.0199610558082327,-0.0130720471092441,0.0053855856996709,-0.0371912089604292,26.9105812281976,26.12314157097485,1.8519857874058776,4.0,0.0791280242044374,-0.0271775046486252,0.0354404344725642,-0.0027568914296244,-0.3580337501994752,-0.0588314081841817,-1.5523938302468554,1.5118451083977376,24.62228301775251,24.14886679982065,28.921332499782487,0.3632937208489091,1.0,0.0199610558082327,-0.0130720471092441,0.0053855856996709,-0.0371912089604292,25.89806099723308,25.3908402113058,1.8519857874058776,4.0,0.0791280242044374,-0.0271775046486252,0.0354404344725642,-0.0027568914296244,-0.3580337501994752,-0.0588314081841817,-1.5523938302468554,1.5118451083977376,23.609762786788,23.136346568856133,28.188845061815947,0.3632937208489091,1.0,0.0199610558082327,-0.0130720471092441,0.0053855856996709,-0.0371912089604292,25.53485293562144,24.66399167297961,1.8519857874058776,4.0,0.0791280242044374,-0.0271775046486252,0.0354404344725642,-0.0027568914296244,-0.3580337501994752,-0.0588314081841817,-1.5523938302468554,1.5118451083977376,23.24655472517635,22.77313850724449,27.886695497646382,0.3632937208489091,1.0,0.0199610558082327,-0.0130720471092441,0.0053855856996709,-0.0371912089604292,25.251657977662568,23.433398276583816,1.8519857874058776,4.0,0.0791280242044374,-0.0271775046486252,0.0354404344725642,-0.0027568914296244,-0.3580337501994752,-0.0588314081841817,-1.5523938302468554,1.5118451083977376,22.96335976721748,22.48994354928562,27.603280475024413,0.3632937208489091,1.0,0.0199610558082327,-0.0130720471092441,0.0053855856996709,-0.0371912089604292,25.11675788158361,22.465005072756988,1.8519857874058776,4.0,0.0791280242044374,-0.0271775046486252,0.0354404344725642,-0.0027568914296244,-0.3580337501994752,-0.0588314081841817,-1.5523938302468554,1.5118451083977376,22.82845967113852,22.35504345320666,27.40579499451121,0.3632937208489091,1.0,0.0199610558082327,-0.0130720471092441,0.0053855856996709,-0.0371912089604292,480.3564835261488,3.452151934382396,-713.8570158835997,8.228473677276515,-638.2340627074345,12.725819861491324,4.0,0.0604193726397119,0.0674160088550054,0.4706486548906919,0.495376728628087,0.3983511329030655,0.4196001038992362,-0.4997238529524491,0.1280678696183549,0.0,75.6229531761652,0.0,0.0053855856996709,-0.0371912089604292,0.0053855856996709,-0.0371912089604292,27.886695497646382,13.680488715925916,7.043636517434998,0.7909060742342017,22.77313850724449,22.968395553624426,-0.1282743880500425,0.8421165424179532,-0.1654194433696074,0.8455885194370525,3342686231289.79,<slsim.Lenses.lens.Lens object at 0x7facc803b090>,-16.978911225928638,-19.52479392963517,-20.53731416059968,-20.900522222211325,-21.183717180170195,-21.31861727624916,-1.3421584593764129,1.454364677356358,0.5233412980484132,0.0685041093720327,26.89000654990712,27.278793733026184,-1.3421584593764129,1.454364677356358,0.5233412980484132,0.0685041093720327,24.34412384620059,24.732911029319656,-1.3421584593764129,1.454364677356358,0.5233412980484132,0.0685041093720327,23.33160361523607,23.72039079835514,-1.3421584593764129,1.454364677356358,0.5233412980484132,0.0685041093720327,22.968395553624426,23.357182736743496,-1.3421584593764129,1.454364677356358,0.5233412980484132,0.0685041093720327,22.68520059566556,23.073987778784627,-1.3421584593764129,1.454364677356358,0.5233412980484132,0.0685041093720327,22.5503004995866,22.93908768270567,-605.7426484192014,-10.631216263634697,-559.2249931880974,-7.431356219334973,0.0937421059423926,0.0999019607992902,0.5874521946970057,0.6107271520188071,0.5140606058002258,0.5348815660196341,2.416186600510842,-3.0444437057080824,108.11436746439836,154.63202269550231,75.6229531761652,1.894527585826228,-0.3240097402188696,-0.3751743636719515,1.8481188557464747,,,,,,,,,,,,,,,,,,,,,,,,,,75.6229531761652,108.11436746439836,154.63202269550231,32.49141428823316,79.00906951933712,46.51765523110396,,,,,,,,,,"[ 87.93535757 131.88592993 159.5266892   43.8767855   71.83441989
  31.2418261 ]","[[ 11.6345136    6.78522501   4.72977022  -3.56213279  -5.45761529
   -2.44471728]
 [  6.78522501  42.08625728  23.29623408  30.81046745  13.40449434
  -13.72914233]
 [  4.72977022  23.29623408  37.97773237  16.84747992  27.72840568
   12.42450314]
 [ -3.56213279  30.81046745  16.84747992  35.93434169  18.73563246
  -10.74760404]
 [ -5.45761529  13.40449434  27.72840568  18.73563246  34.14232421
   13.16251436]
 [ -2.44471728 -13.72914233  12.42450314 -10.74760404  13.16251436
   28.36527119]]",2.092365342190007,,,,,,,"['g', 'r', 'i', 'z', 'y']",['i'],"[ 87.93535757 131.88592993 159.5266892   43.8767855   71.83441989
  31.2418261 ]","[[ 11.6345136    6.78522501   4.72977022  -3.56213279  -5.45761529
   -2.44471728]
 [  6.78522501  42.08625728  23.29623408  30.81046745  13.40449434
  -13.72914233]
 [  4.72977022  23.29623408  37.97773237  16.84747992  27.72840568
   12.42450314]
 [ -3.56213279  30.81046745  16.84747992  35.93434169  18.73563246
  -10.74760404]
 [ -5.45761529  13.40449434  27.72840568  18.73563246  34.14232421
   13.16251436]
 [ -2.44471728 -13.72914233  12.42450314 -10.74760404  13.16251436
   28.36527119]]",2.092365342190007,0.5874521946970057,0.6107271520188071,0.0937421059423926,0.0999019607992902,0.5140606058002258,0.5348815660196341,108.11436746439836,154.63202269550231
24,deblcdouble49,06062026,8.158135271274515,1.0411406164222818,1.4226007065989126,0.691640777208516,7.598708106342357,0.3775103822132543,1.1480159755058024,0.0295150768534533,0.2943443498770883,2,-0.5171777677794737,2.2294174877970776,0.342888204398679,1.114595435911456,3.698996224702912,0.0,82.5728388059513,26.5021620268185,23.81973284285168,22.617481220419386,22.352020275470863,22.194603625070155,22.214082334205493,GAL-QSO-LENS_0.0399_-0.0391,0.5154889613404456,2.000891767841551,0.0399376341859639,-0.0390951904083145,-0.0703109821259615,0.0509318433448164,0.0017340261478255,0.0002865771194551,0.0,0.0,0.036938025019582,26.5021620268185,24.972321835889016,0.4167192415707587,4.0,-0.0048779709297944,0.0461086676440492,0.0399376341859639,-0.0390951904083145,0.1437675137031653,0.0461546829140168,-0.8268594118076379,0.2096952266121119,25.08025372658616,26.71843020777353,29.2175409107905,0.3354472656885023,1.0,-0.4533063191078492,-0.1643043872113826,0.0487644231271566,-0.3002580744706621,23.81973284285168,24.74637956129094,0.4167192415707587,4.0,-0.0048779709297944,0.0461086676440492,0.0399376341859639,-0.0390951904083145,0.1437675137031653,0.0461546829140168,-0.8268594118076379,0.2096952266121119,22.397824542619343,24.03600102380671,26.62030082459192,0.3354472656885023,1.0,-0.4533063191078492,-0.1643043872113826,0.0487644231271566,-0.3002580744706621,22.617481220419386,24.644569391262483,0.4167192415707587,4.0,-0.0048779709297944,0.0461086676440492,0.0399376341859639,-0.0390951904083145,0.1437675137031653,0.0461546829140168,-0.8268594118076379,0.2096952266121119,21.195572920187047,22.83374940137441,25.99431059959225,0.3354472656885023,1.0,-0.4533063191078492,-0.1643043872113826,0.0487644231271566,-0.3002580744706621,22.352020275470863,23.95303159447333,0.4167192415707587,4.0,-0.0048779709297944,0.0461086676440492,0.0399376341859639,-0.0390951904083145,0.1437675137031653,0.0461546829140168,-0.8268594118076379,0.2096952266121119,20.930111975238525,22.56828845642589,25.84122884433556,0.3354472656885023,1.0,-0.4533063191078492,-0.1643043872113826,0.0487644231271566,-0.3002580744706621,22.194603625070155,23.43419924312889,0.4167192415707587,4.0,-0.0048779709297944,0.0461086676440492,0.0399376341859639,-0.0390951904083145,0.1437675137031653,0.0461546829140168,-0.8268594118076379,0.2096952266121119,20.772695324837816,22.41087180602518,25.63956427638588,0.3354472656885023,1.0,-0.4533063191078492,-0.1643043872113826,0.0487644231271566,-0.3002580744706621,22.214082334205493,22.78359757934441,0.4167192415707587,4.0,-0.0048779709297944,0.0461086676440492,0.0399376341859639,-0.0390951904083145,0.1437675137031653,0.0461546829140168,-0.8268594118076379,0.2096952266121119,20.79217403397316,22.43035051516052,25.47375343744719,0.3354472656885023,1.0,-0.4533063191078492,-0.1643043872113826,0.0487644231271566,-0.3002580744706621,213.1929744253908,3.698996224702912,-81.34263223491988,3.704787648600428,1.230206571031433,-0.8193939020863807,2.0,0.0295150768534533,0.2943443498770883,0.3775103822132543,1.1480159755058024,0.342888204398679,1.114595435911456,0.2616708611030203,-0.0495786263572501,0.0,82.5728388059513,0.0017575474749598,0.0487644231271566,-0.3002580744706621,0.0487644231271566,-0.3002580744706621,25.84122884433556,4.062112623738532,8.158135271274515,-0.2776201716184837,22.56828845642589,22.56828845642589,1.2573456066820483,0.8402313819434677,0.8380986002090954,0.9113771316856129,314798089614.1901,<slsim.Lenses.lens.Lens object at 0x7fad50080190>,-20.061335105266973,-22.74376428923379,-23.946015911666088,-24.21147685661461,-24.36889350701532,-24.34941479787998,,,,,,,,,,,,,,,,,,,,,,,,,,,,,,,,,,,,,,,,,,,,,,,,,,,82.5728388059513,2.347747617470631,-0.5166257375930761,-0.5171777677794737,2.2294174877970776,,,,,,,,,,,,,,,,,,,,,,,,,,82.5728388059513,,,,,,,,,,,,88.4357078667892,45.679662708509824,6.7586731470392785,,,,,,,,,,"['g', 'r', 'i', 'z', 'y']",['r'],[88.43570787],[[45.67966271]],6.7586731470392785,,,,,,,,
25,deblcdouble108,06062026,8.402331115011386,0.7774857048514674,1.123874117478853,0.6927947883909612,21.39443270558189,0.2070317965322248,1.3898805006361612,0.0207561969935346,0.5533839367484625,2,-0.7714400725425845,2.309152420709077,0.2056471542223608,1.434552771529147,3.373611398022724,0.0,45.51143698017903,23.906324444684792,22.1659077879167,21.65963048467417,21.525067733578183,21.4101205114909,21.45820127189309,GAL-QSO-LENS_0.0225_0.0161,0.373860242162459,2.019425452594652,0.0224942912711123,0.0161203926676427,-0.1072788301427854,-0.0653911029038246,0.0493573546516533,-0.0375163968104785,0.0,0.0,-0.0444752797229871,23.906324444684792,25.025088567789904,0.2882178778459541,4.0,-0.040548603750812,-0.0395669248691923,0.0224942912711123,0.0161203926676427,0.6717204563638373,-0.0946270900704251,-0.0817679141165828,0.0493635440563865,23.32700896159113,24.60659457240922,26.22406860024924,0.3677011639132728,1.0,0.2275688474536472,0.2934123141504555,0.2881019977767975,-0.0293405592350198,22.1659077879167,24.917090290214336,0.2882178778459541,4.0,-0.040548603750812,-0.0395669248691923,0.0224942912711123,0.0161203926676427,0.6717204563638373,-0.0946270900704251,-0.0817679141165828,0.0493635440563865,21.58659230482304,22.86617791564113,23.6145483365382,0.3677011639132728,1.0,0.2275688474536472,0.2934123141504555,0.2881019977767975,-0.0293405592350198,21.65963048467417,24.476670093286906,0.2882178778459541,4.0,-0.040548603750812,-0.0395669248691923,0.0224942912711123,0.0161203926676427,0.6717204563638373,-0.0946270900704251,-0.0817679141165828,0.0493635440563865,21.08031500158051,22.3599006123986,23.354437284999246,0.3677011639132728,1.0,0.2275688474536472,0.2934123141504555,0.2881019977767975,-0.0293405592350198,21.525067733578183,23.808645737896644,0.2882178778459541,4.0,-0.040548603750812,-0.0395669248691923,0.0224942912711123,0.0161203926676427,0.6717204563638373,-0.0946270900704251,-0.0817679141165828,0.0493635440563865,20.94575225048452,22.225337861302613,23.327954946500583,0.3677011639132728,1.0,0.2275688474536472,0.2934123141504555,0.2881019977767975,-0.0293405592350198,21.4101205114909,23.06623380522728,0.2882178778459541,4.0,-0.040548603750812,-0.0395669248691923,0.0224942912711123,0.0161203926676427,0.6717204563638373,-0.0946270900704251,-0.0817679141165828,0.0493635440563865,20.83080502839724,22.11039063921533,23.29923163067441,0.3677011639132728,1.0,0.2275688474536472,0.2934123141504555,0.2881019977767975,-0.0293405592350198,21.45820127189309,22.498271247593127,0.2882178778459541,4.0,-0.040548603750812,-0.0395669248691923,0.0224942912711123,0.0161203926676427,0.6717204563638373,-0.0946270900704251,-0.0817679141165828,0.0493635440563865,20.878885788799423,22.15847139961752,23.239420716179094,0.3677011639132728,1.0,0.2275688474536472,0.2934123141504555,0.2881019977767975,-0.0293405592350198,167.3586205807785,3.373611398022724,-39.39769972164552,1.7050071055500722,6.113737258533502,-0.5246769060594486,2.0,0.0207561969935346,0.5533839367484625,0.2070317965322248,1.3898805006361612,0.2056471542223608,1.434552771529147,2.949177821955739,2.595663376984903,0.0,45.51143698017903,0.0619970038618833,0.2881019977767975,-0.0293405592350198,0.2881019977767975,-0.0293405592350198,23.327954946500583,2.021993109361642,8.402331115011386,0.2019468347530465,22.225337861302613,22.225337861302613,-1.297092740898706,0.7767711775495015,-1.18422358397311,0.8927662978460893,141424041031.43872,<slsim.Lenses.lens.Lens object at 0x7fad501058d0>,-22.499861307908223,-24.24027796467632,-24.746555267918843,-24.88111801901483,-24.99606524110212,-24.94798448069993,,,,,,,,,,,,,,,,,,,,,,,,,,,,,,,,,,,,,,,,,,,,,,,,,,,45.51143698017903,1.997294367858918,-0.6997527511574402,-0.7714400725425845,2.309152420709077,,,,,,,,,,,,,,,,,,,,,,,,,,45.51143698017903,,,,,,,,,,,,42.74537500804397,27.077876585732522,5.2036407049038775,42.53253419606697,15.329251634279903,3.915258820854619,39.633794804869424,23.065812586465785,4.802688058417472,46.245309770489726,50.47265350532852,7.104410848573478,"['u', 'g', 'r', 'i', 'z', 'y']","['r', 'i', 'z', 'y']",[42.26487862],[[6.04842893]],2.4593553891743904,,,,,,,,
26,deblcdouble25,06062026,7.268609302541888,1.5404446503336655,0.5899479923718863,0.7128566164090347,34.393365623630515,0.248318364241017,0.6485652427046392,0.0407797473887392,0.1405855050705536,2,-0.4987103232389185,2.3017177314548336,0.4196478998131938,0.9027839008072106,2.652969910601945,0.0,40.05964889807421,25.7500628982266,24.68170790542557,24.0805660665732,23.792245676860524,23.42398314131888,23.13239663280248,GAL-QSO-LENS_0.0199_0.0060,0.8545044092452755,2.1477627820455707,0.0198999005190302,0.0060409232153978,0.2081426645181331,-0.0780972723152799,-0.0036264926859924,-0.0305501869422869,0.0,0.0,-0.0250534636353524,25.7500628982266,24.07291951833395,0.5636225441199642,4.0,0.0768245834008347,0.1497319515528862,0.0198999005190302,0.0060409232153978,-0.4585991435367095,0.6026146368514012,-0.907345027302714,0.2092547367380923,24.724716164060087,25.34956280180665,27.54117082289444,0.1188592305724375,1.0,0.5223848891441769,-0.0720988717321928,-0.1503553467313591,-0.1543809814705264,24.68170790542557,22.572733559521293,0.5636225441199642,4.0,0.0768245834008347,0.1497319515528862,0.0198999005190302,0.0060409232153978,-0.4585991435367095,0.6026146368514012,-0.907345027302714,0.2092547367380923,23.65636117125906,24.28120780900563,27.118917061776926,0.1188592305724375,1.0,0.5223848891441769,-0.0720988717321928,-0.1503553467313591,-0.1543809814705264,24.0805660665732,21.15159046446017,0.5636225441199642,4.0,0.0768245834008347,0.1497319515528862,0.0198999005190302,0.0060409232153978,-0.4585991435367095,0.6026146368514012,-0.907345027302714,0.2092547367380923,23.055219332406683,23.68006597015325,27.090987682870725,0.1188592305724375,1.0,0.5223848891441769,-0.0720988717321928,-0.1503553467313591,-0.1543809814705264,23.792245676860524,20.117901666569825,0.5636225441199642,4.0,0.0768245834008347,0.1497319515528862,0.0198999005190302,0.0060409232153978,-0.4585991435367095,0.6026146368514012,-0.907345027302714,0.2092547367380923,22.766898942694013,23.39174558044058,26.97324563923524,0.1188592305724375,1.0,0.5223848891441769,-0.0720988717321928,-0.1503553467313591,-0.1543809814705264,23.42398314131888,19.74260170185926,0.5636225441199642,4.0,0.0768245834008347,0.1497319515528862,0.0198999005190302,0.0060409232153978,-0.4585991435367095,0.6026146368514012,-0.907345027302714,0.2092547367380923,22.398636407152367,23.02348304489893,26.985416224460685,0.1188592305724375,1.0,0.5223848891441769,-0.0720988717321928,-0.1503553467313591,-0.1543809814705264,23.13239663280248,19.479254933149807,0.5636225441199642,4.0,0.0768245834008347,0.1497319515528862,0.0198999005190302,0.0060409232153978,-0.4585991435367095,0.6026146368514012,-0.907345027302714,0.2092547367380923,22.10704989863597,22.73189653638254,26.91960915265527,0.1188592305724375,1.0,0.5223848891441769,-0.0720988717321928,-0.1503553467313591,-0.1543809814705264,215.5928994065601,2.652969910601945,-65.29143289414081,2.5712167799519268,-25.231783996066603,-1.4461057020776644,2.0,0.0407797473887392,0.1405855050705536,0.248318364241017,0.6485652427046392,0.4196478998131938,0.9027839008072106,-0.9946657996564436,-2.4174965374328705,0.0,40.05964889807421,0.0307646773331077,-0.1503553467313591,-0.1543809814705264,-0.1503553467313591,-0.1543809814705264,26.97324563923524,5.705890230657679,7.268609302541888,0.3258738579367358,23.39174558044058,23.39174558044058,-0.1794775165755726,0.636243665449376,0.5483694776765311,0.7119030702457299,322707154564.28754,<slsim.Lenses.lens.Lens object at 0x7fad5e78cc90>,-20.09646836582928,-21.1648233586303,-21.76596519748268,-22.05428558719535,-22.422548122736995,-22.71413463125339,,,,,,,,,,,,,,,,,,,,,,,,,,,,,,,,,,,,,,,,,,,,,,,,,,,40.05964889807421,1.797287575600577,-0.5470543952095187,-0.4987103232389185,2.3017177314548336,,,,,,,,,,,,,,,,,,,,,,,,,,40.05964889807421,,,,,,38.959100862585196,5.554744856576522,30.855190421663327,37.09378288400654,48.36224613475787,6.954296954743726,43.12803863627263,5.817831426280292,2.412018123124346,44.492409652286426,5.104557319726369,2.2593267403645645,44.14637731492997,18.003865162093792,4.243096176389806,39.68470944173736,22.22515292263169,4.7143560453822,"['u', 'g', 'r', 'i', 'z', 'y']","['u', 'g', 'r', 'i', 'z', 'y']",[42.95357561],[[1.91786489]],1.3848699898552954,,,,,,,,
27,deblcdouble35,06062026,6.99292353259071,0.6073611901856305,0.501445222651555,0.6268861772387992,37.23466684709027,0.1860810268969617,0.8367604351182834,0.021585976293096,0.2283917002555827,2,-0.3724692072907916,2.493382241905365,0.3248298934991604,1.1903158594408614,1.0117087358894288,0.0,12.505676076912115,23.975796421271625,23.2538743764128,22.566571515377863,22.358745192009906,22.15344385274624,21.91840332450468,GAL-QSO-LENS_-0.0432_-0.0306,0.3119436181593995,2.2135199695625447,-0.0431549032466785,-0.0305623980126669,-0.0564691202558203,0.345963188054625,0.0069499670330285,0.0168261820029944,0.0,0.0,0.0048770917154711,23.975796421271625,23.25404328230188,0.2043816090278323,4.0,-0.012313076950029,0.2085083803456741,-0.0431549032466785,-0.0305623980126669,0.3914692619431689,-0.2149785743081563,-0.1334800773379376,-0.1001838726023903,23.340336230562777,24.33349329431653,24.446851628063783,0.2220549386759185,1.0,0.113185388940742,0.2827939534294054,0.1128483541341092,-0.0343770686987572,23.2538743764128,22.528218038980555,0.2043816090278323,4.0,-0.012313076950029,0.2085083803456741,-0.0431549032466785,-0.0305623980126669,0.3914692619431689,-0.2149785743081563,-0.1334800773379376,-0.1001838726023903,22.618414185703948,23.6115712494577,24.17918684778123,0.2220549386759185,1.0,0.113185388940742,0.2827939534294054,0.1128483541341092,-0.0343770686987572,22.566571515377863,21.35663632207097,0.2043816090278323,4.0,-0.012313076950029,0.2085083803456741,-0.0431549032466785,-0.0305623980126669,0.3914692619431689,-0.2149785743081563,-0.1334800773379376,-0.1001838726023903,21.93111132466901,22.924268388422767,23.751810198412777,0.2220549386759185,1.0,0.113185388940742,0.2827939534294054,0.1128483541341092,-0.0343770686987572,22.358745192009906,20.626923741078954,0.2043816090278323,4.0,-0.012313076950029,0.2085083803456741,-0.0431549032466785,-0.0305623980126669,0.3914692619431689,-0.2149785743081563,-0.1334800773379376,-0.1001838726023903,21.723285001301058,22.71644206505481,23.29582552860445,0.2220549386759185,1.0,0.113185388940742,0.2827939534294054,0.1128483541341092,-0.0343770686987572,22.15344385274624,20.289386383537696,0.2043816090278323,4.0,-0.012313076950029,0.2085083803456741,-0.0431549032466785,-0.0305623980126669,0.3914692619431689,-0.2149785743081563,-0.1334800773379376,-0.1001838726023903,21.517983662037388,22.51114072579114,22.82448260988391,0.2220549386759185,1.0,0.113185388940742,0.2827939534294054,0.1128483541341092,-0.0343770686987572,21.91840332450468,20.061282554055552,0.2043816090278323,4.0,-0.012313076950029,0.2085083803456741,-0.0431549032466785,-0.0305623980126669,0.3914692619431689,-0.2149785743081563,-0.1334800773379376,-0.1001838726023903,21.28294313379583,22.27610019754958,22.677818088519025,0.2220549386759185,1.0,0.113185388940742,0.2827939534294054,0.1128483541341092,-0.0343770686987572,158.2699210521231,1.0117087358894288,-15.077272517759916,1.7954944882596564,-2.571596440847801,-0.7193185344672904,2.0,0.021585976293096,0.2283917002555827,0.1860810268969617,0.8367604351182834,0.3248298934991604,1.1903158594408614,2.5623435435951847,-2.439408456312799,0.0,12.505676076912115,0.0182050114682216,0.1128483541341092,-0.0343770686987572,0.1128483541341092,-0.0343770686987572,23.29582552860445,2.74669096793642,6.99292353259071,0.054476255574514,22.71644206505481,22.71644206505481,0.8662962339350723,0.4808875658145989,0.8148904883009407,0.6544353887031995,113983443539.62663,<slsim.Lenses.lens.Lens object at 0x7fad5e7aa9d0>,-19.608984154833063,-20.33090619969189,-21.018209060726825,-21.226035384094786,-21.43133672335845,-21.66637725160001,,,,,,,,,,,,,,,,,,,,,,,,,,,,,,,,,,,,,,,,,,,,,,,,,,,12.505676076912115,2.03047871379972,-0.6079813576422473,-0.3724692072907916,2.493382241905365,,,,,,,,,,,,,,,,,,,,,,,,,,12.505676076912115,,,,,,,,,,,,21.881448782339152,36.927523596776595,6.076802086358959,18.321606796617083,61.42035615124756,7.837114019283346,35.1305121685487,80.81210117279467,8.989555115398908,,,,"['u', 'g', 'r', 'i', 'z', 'y']","['r', 'i', 'z']",[23.78310837],[[17.94182069]],4.23577864093238,,,,,,,,
28,deblcdouble66,06062026,8.060929242225233,0.5445451497793772,0.8962453616688291,0.8347289887231718,31.215579953746506,0.2353254578269615,1.9967165933301645,0.0073439189154136,0.5346203105177477,2,-0.6048199631731717,2.0173416647076348,0.2364986098275059,2.002645985846119,2.187126610820348,0.0,22.110636193491352,23.789424269305453,22.881120146283266,21.96062185657272,21.1928637796262,20.602653127628308,20.36531953599484,GAL-QSO-LENS_0.0166_0.0399,0.2724696681918093,1.9983297668551327,0.0166468795990767,0.039930766033614,-0.0726301310786677,0.2057368457096187,-0.001234634541738,-0.0151290103158115,0.0,0.0,-0.0053793323006029,23.789424269305453,25.7869024557558,0.170836110762566,4.0,-0.0944183572174046,0.2131181991702416,0.0166468795990767,0.039930766033614,0.4928093777901142,-0.0478485959156116,-0.0387179661121812,0.0262310571034383,23.09764377537311,24.988415436551605,24.0578637641062,0.531441961615967,1.0,0.4161391250113282,-0.003471131555078,0.2221665584656204,0.0427536785551579,22.881120146283266,25.43835705342739,0.170836110762566,4.0,-0.0944183572174046,0.2131181991702416,0.0166468795990767,0.039930766033614,0.4928093777901142,-0.0478485959156116,-0.0387179661121812,0.0262310571034383,22.189339652350924,24.08011131352941,23.84255673080676,0.531441961615967,1.0,0.4161391250113282,-0.003471131555078,0.2221665584656204,0.0427536785551579,21.96062185657272,24.254003198819667,0.170836110762566,4.0,-0.0944183572174046,0.2131181991702416,0.0166468795990767,0.039930766033614,0.4928093777901142,-0.0478485959156116,-0.0387179661121812,0.0262310571034383,21.26884136264038,23.15961302381888,23.684315400346016,0.531441961615967,1.0,0.4161391250113282,-0.003471131555078,0.2221665584656204,0.0427536785551579,21.1928637796262,23.22935296987312,0.170836110762566,4.0,-0.0944183572174046,0.2131181991702416,0.0166468795990767,0.039930766033614,0.4928093777901142,-0.0478485959156116,-0.0387179661121812,0.0262310571034383,20.50108328569385,22.391854946872343,23.624156625495026,0.531441961615967,1.0,0.4161391250113282,-0.003471131555078,0.2221665584656204,0.0427536785551579,20.602653127628308,22.480096324368056,0.170836110762566,4.0,-0.0944183572174046,0.2131181991702416,0.0166468795990767,0.039930766033614,0.4928093777901142,-0.0478485959156116,-0.0387179661121812,0.0262310571034383,19.910872633695966,21.80164429487446,23.513259662754564,0.531441961615967,1.0,0.4161391250113282,-0.003471131555078,0.2221665584656204,0.0427536785551579,20.36531953599484,22.205066725016323,0.170836110762566,4.0,-0.0944183572174046,0.2131181991702416,0.0166468795990767,0.039930766033614,0.4928093777901142,-0.0478485959156116,-0.0387179661121812,0.0262310571034383,19.673539042062497,21.56431070324099,23.344396337470123,0.531441961615967,1.0,0.4161391250113282,-0.003471131555078,0.2221665584656204,0.0427536785551579,146.46824507991735,2.187126610820348,-18.4404220870117,1.8910899976770217,3.6702141064796527,-0.3314389413425522,2.0,0.0073439189154136,0.5346203105177477,0.2353254578269615,1.9967165933301645,0.2364986098275059,2.002645985846119,2.8769165144133555,-2.7158383299519806,0.0,22.110636193491352,0.0151793041865424,0.2221665584656204,0.0427536785551579,0.2221665584656204,0.0427536785551579,23.624156625495026,1.7569902277752885,8.060929242225233,-0.6862317110748215,22.391854946872343,22.391854946872343,0.9550814819824708,0.6417926513382064,0.9939206308027776,0.6219324708894568,80249541110.93361,<slsim.Lenses.lens.Lens object at 0x7fad9fbe7450>,-21.589833790682484,-22.49813791370467,-23.41863620341521,-24.186394280361743,-24.77660493235963,-25.013938523993097,,,,,,,,,,,,,,,,,,,,,,,,,,,,,,,,,,,,,,,,,,,,,,,,,,,22.110636193491352,2.35513946125922,-0.5862425728097205,-0.6048199631731717,2.0173416647076348,,,,,,,,,,,,,,,,,,,,,,,,,,22.110636193491352,,,,,,,,,,,,29.2703143010295,32.79337797881942,5.726550268601457,15.560115493887407,36.195715362532205,6.016287506638309,17.565921538705542,11.808859020271393,3.4364020457844267,13.464534402312983,55.36841289859324,7.440995423906216,"['u', 'g', 'r', 'i', 'z', 'y']","['r', 'i', 'z', 'y']",[18.97967751],[[6.21640939]],2.4932728270063778,,,,,,,,
29,deblcdouble106,06062026,8.31393840389407,1.6189872223523942,1.9797761824766045,0.3618529409978181,34.08381012180949,0.3555009810962826,1.2997178647934824,0.0279333397001627,0.4415523780036984,2,-0.4289594489434056,2.0550326547691045,0.2548863772575291,1.0394589192067043,4.1774497773520185,0.0,315.7772408367095,28.72245776032556,24.985584783927173,23.412965132957904,22.959584613239755,22.88209561728449,22.74850762768227,GAL-QSO-LENS_-0.0395_-0.0152,0.8820572003690065,1.8634078524186013,-0.0394562344466655,-0.0152054218499468,0.10702463210255,-0.1605818721806831,-0.0239500168762711,-0.0223195466434233,0.0,0.0,-0.0294455116910466,28.72245776032556,25.59433369602914,0.6837703035308373,4.0,0.1178951173180917,-0.1491586424739096,-0.0394562344466655,-0.0152054218499468,-0.2805961327976888,0.2095744501298108,1.2472623063933397,-0.2957388037076339,27.58390493847392,28.71225184476616,28.76700103831913,0.3146677387334164,1.0,-0.1304078295679188,0.1887928815975216,-0.2130240912223872,0.3044180038570077,24.985584783927173,25.554574314742496,0.6837703035308373,4.0,0.1178951173180917,-0.1491586424739096,-0.0394562344466655,-0.0152054218499468,-0.2805961327976888,0.2095744501298108,1.2472623063933397,-0.2957388037076339,23.847031962075537,24.97537886836778,26.58767218218213,0.3146677387334164,1.0,-0.1304078295679188,0.1887928815975216,-0.2130240912223872,0.3044180038570077,23.412965132957904,25.37134001471612,0.6837703035308373,4.0,0.1178951173180917,-0.1491586424739096,-0.0394562344466655,-0.0152054218499468,-0.2805961327976888,0.2095744501298108,1.2472623063933397,-0.2957388037076339,22.274412311106268,23.40275921739851,25.613508710822007,0.3146677387334164,1.0,-0.1304078295679188,0.1887928815975216,-0.2130240912223872,0.3044180038570077,22.959584613239755,25.15406396536333,0.6837703035308373,4.0,0.1178951173180917,-0.1491586424739096,-0.0394562344466655,-0.0152054218499468,-0.2805961327976888,0.2095744501298108,1.2472623063933397,-0.2957388037076339,21.82103179138812,22.949378697680363,25.54922946731832,0.3146677387334164,1.0,-0.1304078295679188,0.1887928815975216,-0.2130240912223872,0.3044180038570077,22.88209561728449,24.37119525761048,0.6837703035308373,4.0,0.1178951173180917,-0.1491586424739096,-0.0394562344466655,-0.0152054218499468,-0.2805961327976888,0.2095744501298108,1.2472623063933397,-0.2957388037076339,21.74354279543285,22.8718897017251,25.45013261926562,0.3146677387334164,1.0,-0.1304078295679188,0.1887928815975216,-0.2130240912223872,0.3044180038570077,22.74850762768227,23.643485317723098,0.6837703035308373,4.0,0.1178951173180917,-0.1491586424739096,-0.0394562344466655,-0.0152054218499468,-0.2805961327976888,0.2095744501298108,1.2472623063933397,-0.2957388037076339,21.60995480583064,22.73830171212288,25.38421686582441,0.3146677387334164,1.0,-0.1304078295679188,0.1887928815975216,-0.2130240912223872,0.3044180038570077,322.8103580659163,4.1774497773520185,-301.8011318076506,2.8537841972929585,13.976109029058874,-1.009444314326106,2.0,0.0279333397001627,0.4415523780036984,0.3555009810962826,1.2997178647934824,0.2548863772575291,1.0394589192067043,0.3820884194766231,1.4992586438081428,0.0,315.7772408367095,0.0327378293529309,-0.2130240912223872,0.3044180038570077,-0.2130240912223872,0.3044180038570077,25.54922946731832,4.806000259283239,8.31393840389407,0.8262754525405768,22.949378697680363,22.949378697680363,-0.4914614266669718,0.6764757541752008,-0.450967997670105,0.6804955840160561,875393099490.9325,<slsim.Lenses.lens.Lens object at 0x7fad500e1390>,-18.18056494256588,-21.917437918964254,-23.490057569933523,-23.94343808965167,-24.02092708560693,-24.15451507520916,,,,,,,,,,,,,,,,,,,,,,,,,,,,,,,,,,,,,,,,,,,,,,,,,,,315.7772408367095,2.17295491069589,-0.5682154057272446,-0.4289594489434056,2.0550326547691045,,,,,,,,,,,,,,,,,,,,,,,,,,315.7772408367095,,,,,,,,,,,,311.60291177118324,24.47057436094067,4.946774136843188,319.24374728340877,28.65996203040532,5.35349997949055,315.871873362188,12.35836656608024,3.515446851551057,,,,"['g', 'r', 'i', 'z', 'y']","['r', 'i', 'z']",[315.50932576],[[6.38267459]],2.5263955732791707,,,,,,,,
30,deblcquad270,06062026,8.194510756163872,0.26136054452006935,1.3883597954309757,0.24964917550301,48.60719144641483,0.1881406889685565,0.251874984127766,0.041171704724865,0.0626659266001759,4,-0.5766330944185922,1.9958048354961344,0.5819157410171714,0.7200495374965691,2.8393090137476134,0.0,26.494501374342406,27.801613631761622,25.521519055008948,23.87084489915564,22.740845557173493,21.865388865050605,21.07047563343309,GAL-QSO-LENS_-0.0177_-0.0402,0.6106599868853831,2.2671066053449533,-0.0177442840993068,-0.0402155023623568,0.040093875938218,-0.2348460454515368,0.0264264808229202,-0.0462538081500895,0.0,0.0,-0.0804373104302923,27.801613631761622,23.34052180091793,0.7770666869233187,4.0,-0.086238540533466,-0.1641931185706674,-0.0177442840993068,-0.0402155023623568,0.4558951659434465,-0.2755499344257971,0.3564032091606282,-0.4951863288619164,26.566148522612,24.33937577537072,25.32422882844102,0.4237760002016284,1.0,-0.416003650519128,0.3486057482981847,0.0313115710306712,-0.0037911165349177,25.521519055008948,23.217520633672887,0.7770666869233187,4.0,-0.086238540533466,-0.1641931185706674,-0.0177442840993068,-0.0402155023623568,0.4558951659434465,-0.2755499344257971,0.3564032091606282,-0.4951863288619164,24.286053945859315,22.05928119861804,24.496742591734897,0.4237760002016284,1.0,-0.416003650519128,0.3486057482981847,0.0313115710306712,-0.0037911165349177,23.87084489915564,23.23514525049826,0.7770666869233187,4.0,-0.086238540533466,-0.1641931185706674,-0.0177442840993068,-0.0402155023623568,0.4558951659434465,-0.2755499344257971,0.3564032091606282,-0.4951863288619164,22.63537979000601,20.40860704276473,24.429522522703333,0.4237760002016284,1.0,-0.416003650519128,0.3486057482981847,0.0313115710306712,-0.0037911165349177,22.740845557173493,22.93429326242894,0.7770666869233187,4.0,-0.086238540533466,-0.1641931185706674,-0.0177442840993068,-0.0402155023623568,0.4558951659434465,-0.2755499344257971,0.3564032091606282,-0.4951863288619164,21.50538044802386,19.278607700782587,24.30804591419953,0.4237760002016284,1.0,-0.416003650519128,0.3486057482981847,0.0313115710306712,-0.0037911165349177,21.865388865050605,22.60289567285678,0.7770666869233187,4.0,-0.086238540533466,-0.1641931185706674,-0.0177442840993068,-0.0402155023623568,0.4558951659434465,-0.2755499344257971,0.3564032091606282,-0.4951863288619164,20.62992375590097,18.40315100865969,24.247552216045715,0.4237760002016284,1.0,-0.416003650519128,0.3486057482981847,0.0313115710306712,-0.0037911165349177,21.07047563343309,22.07458091718779,0.7770666869233187,4.0,-0.086238540533466,-0.1641931185706674,-0.0177442840993068,-0.0402155023623568,0.4558951659434465,-0.2755499344257971,0.3564032091606282,-0.4951863288619164,19.83501052428346,17.608237777042188,24.25998166041511,0.4237760002016284,1.0,-0.416003650519128,0.3486057482981847,0.0313115710306712,-0.0037911165349177,253.2964583438498,2.8393090137476134,-124.3367826824664,3.1202259444643774,-97.842281308124,24.26024277332099,4.0,0.041171704724865,0.0626659266001759,0.1881406889685565,0.251874984127766,0.5819157410171714,0.7200495374965691,-1.671853679406888,-1.0504859762138066,0.0,26.49450137434241,0.0532707579922555,0.0313115710306712,-0.0037911165349177,0.0313115710306712,-0.0037911165349177,24.30804591419953,3.1620879863556315,8.194510756163872,-0.2116579417192287,19.278607700782587,19.598191258937256,-0.7008512542083565,0.6151905976411669,-1.0272103488989517,0.6871047558747663,527584393737.3447,<slsim.Lenses.lens.Lens object at 0x7facc81ee4d0>,-18.170552385680782,-20.45064696243346,-22.10132111828677,-23.231320460268915,-24.106777152391803,-24.90169038400932,-0.0257884091922817,-0.5430301317023193,-0.5721831777900068,0.1043252677819142,24.658959333525388,26.0688678270002,-0.0257884091922817,-0.5430301317023193,-0.5721831777900068,0.1043252677819142,22.37886475677271,23.78877325024752,-0.0257884091922817,-0.5430301317023193,-0.5721831777900068,0.1043252677819142,20.7281906009194,22.138099094394207,-0.0257884091922817,-0.5430301317023193,-0.5721831777900068,0.1043252677819142,19.598191258937256,21.00809975241206,-0.0257884091922817,-0.5430301317023193,-0.5721831777900068,0.1043252677819142,18.722734566814367,20.132643060289173,-0.0257884091922817,-0.5430301317023193,-0.5721831777900068,0.1043252677819142,17.927821335196857,19.337729828671662,-97.70769775135354,-18.074309688736115,-95.48415422120377,-4.932854684568746,0.082085352928225,0.0690101566510882,0.3042128482163213,0.4102138304210567,0.7344704951132116,0.7420041087101104,-0.1438928260030696,2.684977596016563,26.62908493111287,28.85262846126264,26.49450137434241,1.8887585312132944,-0.6346247248606366,-0.5766330944185922,1.9958048354961344,,,,,,,,,,,,,,,,,,,,,,,,,,26.494501374342406,26.62908493111287,28.85262846126264,0.1345835567704654,2.358127086920234,2.223543530149769,,,,,,,,,,,,,[23.74668515 21.10751936 29.88110178 -2.71585333  5.94138096  8.3862804 ],"[[14.65159898 11.35742904 11.10248443 -1.09370822 -1.92161538 -0.73188265]
 [11.35742904 14.4904988  12.06242044  1.27334752  0.35063799 -1.10862093]
 [11.10248443 12.06242044 24.79982776  0.91001955  6.1036748   5.04345911]
 [-1.09370822  1.27334752  0.91001955  2.51910495  1.97915782 -0.43168902]
 [-1.92161538  0.35063799  6.1036748   1.97915782 10.78857823  6.03600422]
 [-0.73188265 -1.10862093  5.04345911 -0.43168902  6.03600422  9.75064022]]",1.139753859300114,,,,"['g', 'z']",['z'],[23.74668515 21.10751936 29.88110178 -2.71585333  5.94138096  8.3862804 ],"[[14.65159898 11.35742904 11.10248443 -1.09370822 -1.92161538 -0.73188265]
 [11.35742904 14.4904988  12.06242044  1.27334752  0.35063799 -1.10862093]
 [11.10248443 12.06242044 24.79982776  0.91001955  6.1036748   5.04345911]
 [-1.09370822  1.27334752  0.91001955  2.51910495  1.97915782 -0.43168902]
 [-1.92161538  0.35063799  6.1036748   1.97915782 10.78857823  6.03600422]
 [-0.73188265 -1.10862093  5.04345911 -0.43168902  6.03600422  9.75064022]]",1.1397538593001137,0.3042128482163213,0.4102138304210567,0.082085352928225,0.0690101566510882,0.7344704951132116,0.7420041087101104,26.62908493111287,28.85262846126264
31,deblcdouble127,06062026,8.131473030871986,2.161048323674132,0.5962086589581834,0.3807217309937624,66.71115491700851,0.2972533479761097,1.1177957904985154,0.0206779014267994,0.2557672842670014,2,-0.5675765544650232,1.748204847800952,0.3016811064908102,1.4361667450036275,2.861114435898028,0.0,133.90128121201784,23.994924443463173,23.044463567861843,22.6686756540487,22.45357669238509,22.379516258677825,22.15506434400973,GAL-QSO-LENS_0.0417_-0.0154,0.9886540539069714,2.1727298508075177,0.0417232141767836,-0.0153921528141182,0.0525070121643078,-0.1063131622693293,-0.019201793359218,0.0084288362232896,0.0,0.0,0.0761462805390489,23.994924443463173,23.93005382097648,0.7212872455657494,4.0,-0.0631265938683852,-0.090079054218262,0.0417232141767836,-0.0153921528141182,0.5529510792806756,-0.213277280264806,-1.6301335545218647,0.3905158357195537,23.007759595817653,24.77361986982558,26.61208132834949,0.3003701596697555,1.0,0.1114734919192016,0.0371238996482663,0.3246399842384195,-0.6079652065487935,23.044463567861843,22.4937402971466,0.7212872455657494,4.0,-0.0631265938683852,-0.090079054218262,0.0417232141767836,-0.0153921528141182,0.5529510792806756,-0.213277280264806,-1.6301335545218647,0.3905158357195537,22.057298720216323,23.82315899422425,25.71767931409785,0.3003701596697555,1.0,0.1114734919192016,0.0371238996482663,0.3246399842384195,-0.6079652065487935,22.6686756540487,21.068650940832903,0.7212872455657494,4.0,-0.0631265938683852,-0.090079054218262,0.0417232141767836,-0.0153921528141182,0.5529510792806756,-0.213277280264806,-1.6301335545218647,0.3905158357195537,21.681510806403185,23.44737108041111,25.63551280573283,0.3003701596697555,1.0,0.1114734919192016,0.0371238996482663,0.3246399842384195,-0.6079652065487935,22.45357669238509,19.992174738957296,0.7212872455657494,4.0,-0.0631265938683852,-0.090079054218262,0.0417232141767836,-0.0153921528141182,0.5529510792806756,-0.213277280264806,-1.6301335545218647,0.3905158357195537,21.46641184473957,23.2322721187475,25.506075579589982,0.3003701596697555,1.0,0.1114734919192016,0.0371238996482663,0.3246399842384195,-0.6079652065487935,22.379516258677825,19.601853205192484,0.7212872455657494,4.0,-0.0631265938683852,-0.090079054218262,0.0417232141767836,-0.0153921528141182,0.5529510792806756,-0.213277280264806,-1.6301335545218647,0.3905158357195537,21.392351411032305,23.158211685040232,25.4207391546068,0.3003701596697555,1.0,0.1114734919192016,0.0371238996482663,0.3246399842384195,-0.6079652065487935,22.15506434400973,19.32277234379328,0.7212872455657494,4.0,-0.0631265938683852,-0.090079054218262,0.0417232141767836,-0.0153921528141182,0.5529510792806756,-0.213277280264806,-1.6301335545218647,0.3905158357195537,21.16789949636421,22.93375977037213,25.415251699206365,0.3003701596697555,1.0,0.1114734919192016,0.0371238996482663,0.3246399842384195,-0.6079652065487935,230.1656245903545,2.861114435898028,-133.93080180003756,2.4823667133603635,-0.0295205880197331,-0.4881146353117728,2.0,0.0206779014267994,0.2557672842670014,0.2972533479761097,1.1177957904985154,0.3016811064908102,1.4361667450036275,0.6516698406382269,1.1202847088332093,0.0,133.90128121201784,0.0209703158843435,0.3246399842384195,-0.6079652065487935,0.3246399842384195,-0.6079652065487935,25.506075579589982,3.2726496644559333,8.131473030871986,-0.1398857985071864,23.2322721187475,23.2322721187475,-0.5560243102306482,0.7879929291279567,-1.091026495802388,0.801807683507468,396055399387.3229,<slsim.Lenses.lens.Lens object at 0x7fad50106110>,-21.99509681172721,-22.94555768732853,-23.32134560114168,-23.53644456280529,-23.61050499651256,-23.83495691118065,,,,,,,,,,,,,,,,,,,,,,,,,,,,,,,,,,,,,,,,,,,,,,,,,,,133.90128121201784,1.7785219408099524,-0.5792224851814551,-0.5675765544650232,1.748204847800952,,,,,,,,,,,,,,,,,,,,,,,,,,133.90128121201784,,,,,,,,,,,,139.2957647925566,68.41752787443774,8.27148885476114,131.5759559720941,38.603447006599495,6.213167228282166,,,,,,,"['u', 'g', 'r', 'i', 'z', 'y']","['r', 'i']",[134.3605618],[[24.67882968]],4.967779150006549,,,,,,,,
32,deblcdouble80,06062026,8.310924778632607,1.1591414813149286,0.6380663553625014,0.5187952089501026,32.61691263495991,0.1981786351020934,1.2566314759878652,0.0128275666900403,0.2849010344840125,2,-0.5166245199265079,2.1143053401926872,0.2718545503274697,1.6598330063236164,3.000842562894268,0.0,51.172204979522974,24.08294434083455,22.75331697757282,22.148077094872622,21.80018101912971,21.65151941750525,21.352779551570546,GAL-QSO-LENS_-0.0266_0.0340,0.5540690152838066,2.120660561482804,-0.0265640972291068,0.033954078769969,-0.0431303047377646,-0.0834250902114374,0.0248607383696018,0.0043969089489536,0.0,0.0,-0.0155346964410187,24.08294434083455,24.231453090128653,0.464699654086608,4.0,-0.0508614423335246,-0.0919842132256693,-0.0265640972291068,0.033954078769969,0.7177017888772242,-0.1632678080856269,0.6448154193565683,-0.1085115633886927,23.47074905813723,25.15699640229424,25.2819885041701,0.5350978873820069,1.0,-0.0738557395847143,-0.1995902854430898,0.2938867425651287,0.337737467259005,22.75331697757282,23.42808091986747,0.464699654086608,4.0,-0.0508614423335246,-0.0919842132256693,-0.0265640972291068,0.033954078769969,0.7177017888772242,-0.1632678080856269,0.6448154193565683,-0.1085115633886927,22.141121694875498,23.8273690390325,24.06755228247357,0.5350978873820069,1.0,-0.0738557395847143,-0.1995902854430898,0.2938867425651287,0.337737467259005,22.148077094872622,22.187994978194705,0.464699654086608,4.0,-0.0508614423335246,-0.0919842132256693,-0.0265640972291068,0.033954078769969,0.7177017888772242,-0.1632678080856269,0.6448154193565683,-0.1085115633886927,21.535881812175305,23.222129156332308,24.009047146052914,0.5350978873820069,1.0,-0.0738557395847143,-0.1995902854430898,0.2938867425651287,0.337737467259005,21.80018101912971,21.119175481688032,0.464699654086608,4.0,-0.0508614423335246,-0.0919842132256693,-0.0265640972291068,0.033954078769969,0.7177017888772242,-0.1632678080856269,0.6448154193565683,-0.1085115633886927,21.18798573643239,22.87423308058939,23.8836107372764,0.5350978873820069,1.0,-0.0738557395847143,-0.1995902854430898,0.2938867425651287,0.337737467259005,21.65151941750525,20.733731510881213,0.464699654086608,4.0,-0.0508614423335246,-0.0919842132256693,-0.0265640972291068,0.033954078769969,0.7177017888772242,-0.1632678080856269,0.6448154193565683,-0.1085115633886927,21.03932413480793,22.72557147896493,23.79244880496481,0.5350978873820069,1.0,-0.0738557395847143,-0.1995902854430898,0.2938867425651287,0.337737467259005,21.352779551570546,20.44733903188152,0.464699654086608,4.0,-0.0508614423335246,-0.0919842132256693,-0.0265640972291068,0.033954078769969,0.7177017888772242,-0.1632678080856269,0.6448154193565683,-0.1085115633886927,20.74058426887322,22.426831613030224,23.8535227606546,0.5350978873820069,1.0,-0.0738557395847143,-0.1995902854430898,0.2938867425651287,0.337737467259005,173.98936183655078,3.000842562894268,-44.97827464260296,1.757430313120561,6.19393033692001,-0.3718597520823539,2.0,0.0128275666900403,0.2849010344840125,0.1981786351020934,1.2566314759878652,0.2718545503274697,1.6598330063236164,-1.6840018787054951,-1.520674691338353,0.0,51.172204979522974,0.0252465665108581,0.2938867425651287,0.337737467259005,0.2938867425651287,0.337737467259005,23.8836107372764,1.8807233651877704,8.310924778632607,0.5308442588742682,22.87423308058939,22.87423308058939,-1.023973421319447,0.8282961364259948,-1.03794568204838,0.8097756076404135,163382228920.09534,<slsim.Lenses.lens.Lens object at 0x7fad500a2450>,-22.035816993886733,-23.365444357148466,-23.97068423984866,-24.31858031559157,-24.467241917216032,-24.765981783150743,,,,,,,,,,,,,,,,,,,,,,,,,,,,,,,,,,,,,,,,,,,,,,,,,,,51.172204979522974,1.6933867838259813,-0.5970394381719293,-0.5166245199265079,2.1143053401926872,,,,,,,,,,,,,,,,,,,,,,,,,,51.172204979522974,,,,,,,,,49.264445577870255,28.984264786078658,5.383703630966201,48.56519012970733,29.338300691479475,5.416484163318441,58.244713024726494,18.4578256474549,4.296257167285834,40.74213743163608,29.106456321012956,5.395039973995833,,,,"['u', 'g', 'r', 'i', 'z', 'y']","['g', 'r', 'i', 'z']",[50.34575946],[[6.36452903]],2.522801821011679,,,,,,,,
33,deblcdouble31,06062026,8.457694379877179,3.106213791811948,0.4190400816476989,0.6827255696794493,1.992020719317542,0.2582730074943116,1.358801795546159,0.0286257928382023,0.4291458404394938,2,-0.7459231289045114,2.2241108356598374,0.338012306230759,1.7935561412169834,1.817430959129212,0.0,229.82143549323456,20.4268964476376,20.2215870469108,20.11414312509334,19.8599638131878,19.85743360377292,19.85591998713797,GAL-QSO-LENS_0.0098_0.0275,1.5191865586779996,2.152160495495673,0.0097922957147354,0.0275254267479346,0.0646882710990208,-0.0397804950327717,0.0046309253918612,0.0008733351851447,0.0,0.0,-0.0003243424625322,20.4268964476376,20.6500117529406,1.2470349878379487,4.0,0.0712055049022624,-0.0413000280497183,0.0097922957147354,0.0275254267479346,2.490886135813584,-0.5752532665450001,-0.3585201252221913,0.1388261181002066,19.52538008979113,21.6511265599829,23.62687440258477,0.7926133319214487,1.0,-0.3222667016874851,0.1953309191427135,1.1155005944695,-0.1663731682586663,20.2215870469108,19.93284850706056,1.2470349878379487,4.0,0.0712055049022624,-0.0413000280497183,0.0097922957147354,0.0275254267479346,2.490886135813584,-0.5752532665450001,-0.3585201252221913,0.1388261181002066,19.32007068906433,21.44581715925609,23.486647750865004,0.7926133319214487,1.0,-0.3222667016874851,0.1953309191427135,1.1155005944695,-0.1663731682586663,20.11414312509334,18.752588510587245,1.2470349878379487,4.0,0.0712055049022624,-0.0413000280497183,0.0097922957147354,0.0275254267479346,2.490886135813584,-0.5752532665450001,-0.3585201252221913,0.1388261181002066,19.21262676724687,21.33837323743864,23.255107690875143,0.7926133319214487,1.0,-0.3222667016874851,0.1953309191427135,1.1155005944695,-0.1663731682586663,19.8599638131878,18.16632503397005,1.2470349878379487,4.0,0.0712055049022624,-0.0413000280497183,0.0097922957147354,0.0275254267479346,2.490886135813584,-0.5752532665450001,-0.3585201252221913,0.1388261181002066,18.95844745534133,21.0841939255331,23.088833299170552,0.7926133319214487,1.0,-0.3222667016874851,0.1953309191427135,1.1155005944695,-0.1663731682586663,19.85743360377292,17.82900448343206,1.2470349878379487,4.0,0.0712055049022624,-0.0413000280497183,0.0097922957147354,0.0275254267479346,2.490886135813584,-0.5752532665450001,-0.3585201252221913,0.1388261181002066,18.955917245926454,21.08166371611822,22.793713320092493,0.7926133319214487,1.0,-0.3222667016874851,0.1953309191427135,1.1155005944695,-0.1663731682586663,19.85591998713797,17.6043554976293,1.2470349878379487,4.0,0.0712055049022624,-0.0413000280497183,0.0097922957147354,0.0275254267479346,2.490886135813584,-0.5752532665450001,-0.3585201252221913,0.1388261181002066,18.9544036292915,21.08015009948327,22.62675891037214,0.7926133319214487,1.0,-0.3222667016874851,0.1953309191427135,1.1155005944695,-0.1663731682586663,280.3402521384856,1.817430959129212,-211.5789387457261,2.294069353164223,18.24249674750845,-0.3238231962134845,2.0,0.0286257928382023,0.4291458404394938,0.2582730074943116,1.358801795546159,0.338012306230759,1.7935561412169834,2.829138633073831,2.7662725472539944,0.0,229.82143549323456,0.0047125560294384,1.1155005944695,-0.1663731682586663,1.1155005944695,-0.1663731682586663,23.088833299170552,2.2376411020199525,8.457694379877179,-0.6217139887924674,21.0841939255331,21.0841939255331,-0.2756723256340125,0.858837703403175,-0.2627962852300335,0.8478892351451429,691873725283.3506,<slsim.Lenses.lens.Lens object at 0x7fad7409f0d0>,-24.39369341086561,-24.59900281159241,-24.70644673340987,-24.960626045315408,-24.963156254730286,-24.96466987136524,,,,,,,,,,,,,,,,,,,,,,,,,,,,,,,,,,,,,,,,,,,,,,,,,,,229.82143549323456,2.310244655872608,-0.7344504194668251,-0.7459231289045114,2.2241108356598374,,,,,,,,,,,,,,,,,,,,,,,,,,229.82143549323456,,,,,,,,,,,,229.86750317793027,85.91497987361916,9.26903338399529,219.64088686850494,86.93975552489266,9.324149050980077,225.16296792686612,37.357799869875535,6.112102737182641,,,,"['u', 'g', 'r', 'i', 'z', 'y']","['r', 'i', 'z']",[224.98748844],[[20.03614392]],4.476175144245954,,,,,,,,
34,deblcdouble15,06062026,7.903900689834469,0.8153027308814217,0.4035928499603059,0.2393483359774796,4.701146313036858,0.2170715037039943,1.2323144829733197,0.0187519641732169,0.386103553311365,2,-0.4284433398053195,2.069960996808873,0.3160373781215284,1.5597043159354196,2.02505272706296,0.0,14.893776009330288,24.07815370549977,23.67472282766328,23.179699695325247,22.692973350230226,22.339589222222592,22.25152568052399,GAL-QSO-LENS_0.0519_0.0073,0.4111474602092915,2.095745550099476,0.0519002783128932,0.00730782604908,-0.0404262718351868,-0.1359073484516666,0.0258744498436106,-0.006333337466859,0.0,0.0,-0.0214986344986061,24.07815370549977,24.521207837900253,0.2855303081874139,4.0,0.023719309457411,-0.1164792372570944,0.0519002783128932,0.00730782604908,0.3695397780771926,0.0154180950091438,0.5911312145975683,-0.1432504140967748,23.35365325301451,25.019006325816136,25.334590206355323,0.4651466183810008,1.0,-0.0220349614548165,-0.2610392799899539,0.1583057392739902,0.2811655030188333,23.67472282766328,22.83984592910392,0.2855303081874139,4.0,0.023719309457411,-0.1164792372570944,0.0519002783128932,0.00730782604908,0.3695397780771926,0.0154180950091438,0.5911312145975683,-0.1432504140967748,22.950222375178026,24.61557544797965,25.021695841145903,0.4651466183810008,1.0,-0.0220349614548165,-0.2610392799899539,0.1583057392739902,0.2811655030188333,23.179699695325247,21.305305833396137,0.2855303081874139,4.0,0.023719309457411,-0.1164792372570944,0.0519002783128932,0.00730782604908,0.3695397780771926,0.0154180950091438,0.5911312145975683,-0.1432504140967748,22.455199242839992,24.120552315641618,24.70853494946624,0.4651466183810008,1.0,-0.0220349614548165,-0.2610392799899539,0.1583057392739902,0.2811655030188333,22.692973350230226,20.654825985740143,0.2855303081874139,4.0,0.023719309457411,-0.1164792372570944,0.0519002783128932,0.00730782604908,0.3695397780771926,0.0154180950091438,0.5911312145975683,-0.1432504140967748,21.96847289774497,23.6338259705466,24.5245099150247,0.4651466183810008,1.0,-0.0220349614548165,-0.2610392799899539,0.1583057392739902,0.2811655030188333,22.339589222222592,20.30235613867781,0.2855303081874139,4.0,0.023719309457411,-0.1164792372570944,0.0519002783128932,0.00730782604908,0.3695397780771926,0.0154180950091438,0.5911312145975683,-0.1432504140967748,21.615088769737337,23.280441842538963,24.19037956990124,0.4651466183810008,1.0,-0.0220349614548165,-0.2610392799899539,0.1583057392739902,0.2811655030188333,22.25152568052399,20.10551054605477,0.2855303081874139,4.0,0.023719309457411,-0.1164792372570944,0.0519002783128932,0.00730782604908,0.3695397780771926,0.0154180950091438,0.5911312145975683,-0.1432504140967748,21.52702522803873,23.19237830084036,23.962321044658022,0.4651466183810008,1.0,-0.0220349614548165,-0.2610392799899539,0.1583057392739902,0.2811655030188333,142.69495181815338,2.02505272706296,-13.445064317547835,1.9489476820942453,1.4487116917824534,-0.4203963646829765,2.0,0.0187519641732169,0.386103553311365,0.2170715037039943,1.2323144829733197,0.3160373781215284,1.5597043159354196,-0.9499786221616892,-0.4866516642958619,0.0,14.893776009330288,0.0266382866975082,0.1583057392739902,0.2811655030188333,0.1583057392739902,0.2811655030188333,24.5245099150247,1.8931661843935264,7.903900689834469,-0.0918801640829884,23.6338259705466,23.6338259705466,-0.929958149337852,0.7516318747602033,-0.68495376799035,0.7875181568925088,70551191486.4924,<slsim.Lenses.lens.Lens object at 0x7fad5e7be490>,-21.074630863251844,-21.47806174108833,-21.97308487342636,-22.459811218521384,-22.813195346529017,-22.90125888822762,,,,,,,,,,,,,,,,,,,,,,,,,,,,,,,,,,,,,,,,,,,,,,,,,,,14.893776009330288,2.514003180853403,-0.3836243798438568,-0.4284433398053195,2.069960996808873,,,,,,,,,,,,,,,,,,,,,,,,,,14.893776009330288,,,,,,,,,14.178235970809942,84.80576350633851,9.209004479656773,2.344498662308129,77.21811847798706,8.787384052036593,2.9158516322064068,77.23157624609516,8.788149762384297,10.510157322450981,52.40166029106977,7.238899107673056,,,,"['g', 'r', 'i', 'z', 'y']","['g', 'r', 'i', 'z']",[7.67737249],[[17.61387741]],4.196889016262011,,,,,,,,
35,deblcdouble230,06062026,7.916799106065295,0.7354839997360387,0.6944769966488917,0.1595175569108778,34.284533697349765,0.4591171643695479,0.8785431908434786,0.0308499823876539,0.179750902722006,2,-0.5434855012886901,2.095420784697028,0.284998143434468,0.5439645049897096,1.4919690493109452,0.0,13.127844723961612,23.07317490085881,22.88173271695296,22.54175548486364,22.28139601730243,22.263988212735484,22.2909371562624,GAL-QSO-LENS_-0.0504_-0.0202,0.3814619144097143,1.7588116178604474,-0.0503917306972615,-0.0201917340020855,0.0289710839256702,0.0591343695457225,8.673702038318009e-06,0.0037569044941064,0.0,0.0,-0.019378770777021,23.07317490085881,24.278264923830378,0.2489624642192441,4.0,0.0194485818630833,0.0917929469130079,-0.0503917306972615,-0.0201917340020855,-0.4655332783090861,0.1657581701499483,0.2789219662361942,-0.0984476416685969,21.38557932535036,21.69550322973117,26.42531273135738,0.1967006717789337,1.0,-0.0471956180780851,0.0809033618990646,-0.1446068210003841,0.0301312521678387,22.88173271695296,23.66313993638274,0.2489624642192441,4.0,0.0194485818630833,0.0917929469130079,-0.0503917306972615,-0.0201917340020855,-0.4655332783090861,0.1657581701499483,0.2789219662361942,-0.0984476416685969,21.194137141444507,21.50406104582532,26.21222595829841,0.1967006717789337,1.0,-0.0471956180780851,0.0809033618990646,-0.1446068210003841,0.0301312521678387,22.54175548486364,22.50437897558222,0.2489624642192441,4.0,0.0194485818630833,0.0917929469130079,-0.0503917306972615,-0.0201917340020855,-0.4655332783090861,0.1657581701499483,0.2789219662361942,-0.0984476416685969,20.85415990935519,21.164083813736,26.085560940341644,0.1967006717789337,1.0,-0.0471956180780851,0.0809033618990646,-0.1446068210003841,0.0301312521678387,22.28139601730243,21.393133986494,0.2489624642192441,4.0,0.0194485818630833,0.0917929469130079,-0.0503917306972615,-0.0201917340020855,-0.4655332783090861,0.1657581701499483,0.2789219662361942,-0.0984476416685969,20.59380044179398,20.903724346174787,25.45939751179882,0.1967006717789337,1.0,-0.0471956180780851,0.0809033618990646,-0.1446068210003841,0.0301312521678387,22.263988212735484,20.951029215085462,0.2489624642192441,4.0,0.0194485818630833,0.0917929469130079,-0.0503917306972615,-0.0201917340020855,-0.4655332783090861,0.1657581701499483,0.2789219662361942,-0.0984476416685969,20.57639263722704,20.88631654160784,24.89943913889552,0.1967006717789337,1.0,-0.0471956180780851,0.0809033618990646,-0.1446068210003841,0.0301312521678387,22.2909371562624,20.65706544791508,0.2489624642192441,4.0,0.0194485818630833,0.0917929469130079,-0.0503917306972615,-0.0201917340020855,-0.4655332783090861,0.1657581701499483,0.2789219662361942,-0.0984476416685969,20.60334158075395,20.913265485134755,24.31948847316258,0.1967006717789337,1.0,-0.0471956180780851,0.0809033618990646,-0.1446068210003841,0.0301312521678387,175.88995297731665,1.4919690493109452,-14.120572302538095,4.73192911494023,-0.9927275785764832,-3.55687553643452,2.0,0.0308499823876539,0.179750902722006,0.4591171643695479,0.8785431908434786,0.284998143434468,0.5439645049897096,1.9121098655304256,2.473194275936063,0.0,13.127844723961612,0.0037569145067387,-0.1446068210003841,0.0301312521678387,-0.1446068210003841,0.0301312521678387,25.45939751179882,5.724232194189373,7.916799106065295,-0.4624497970277358,20.903724346174787,20.903724346174787,0.5576227733028758,0.8764369827964775,0.6810047574488792,0.8284365909842851,168560716568.48267,<slsim.Lenses.lens.Lens object at 0x7facc8213510>,-21.259110229394487,-21.45055241330034,-21.790529645389658,-22.050889112950863,-22.068296917517813,-22.0413479739909,,,,,,,,,,,,,,,,,,,,,,,,,,,,,,,,,,,,,,,,,,,,,,,,,,,13.127844723961612,2.7260684403679023,-0.4475175717587163,-0.5434855012886901,2.095420784697028,,,,,,,,,,,,,,,,,,,,,,,,,,13.127844723961612,,,,,,22.670095950192223,8.453317716028678,71.4585804081243,19.773851775087447,15.897799242451411,3.987204439510396,16.463520234996672,3.1106326097556236,1.7636985597759112,13.611110219858089,2.586408061101424,1.6082313456407396,14.906049515539523,4.757218111712808,2.181104791547808,9.103030938626294,34.427679978255796,5.867510543514668,"['u', 'g', 'r', 'i', 'z', 'y']","['u', 'g', 'r', 'i', 'z', 'y']",[15.14652407],[[0.97631099]],0.9880845043327218,,,,,,,,
36,deblcdouble633,06062026,7.609342101232449,0.754313027204445,0.7666449299446322,0.2044491031862058,80.8082709807429,0.3420073702627585,0.7808600936925714,0.0238932894272499,0.1199548629829931,2,-0.4875988189417015,2.090037495798614,0.4163805369511038,0.9087571140250073,2.433316103248882,0.0,16.069592371035387,25.0439222966032,24.33715582176308,24.20360291375165,24.12935981789841,23.91098150137888,23.705300913131705,GAL-QSO-LENS_0.0278_0.0262,0.3882734339463031,2.057133742808308,0.0278316727041491,0.0261784189411999,-0.0078847051900281,0.0067986734772482,0.0234521486489153,0.0053576350742079,0.0,0.0,-0.0115407080339844,25.0439222966032,24.824891507842025,0.253236599566628,4.0,-0.0102782348949093,-0.076121280956085,0.0278316727041491,0.0261784189411999,-0.058791971157345,0.0570252330339226,-0.4811855187083514,0.264183194227503,23.579606846764165,24.771116144243223,26.18590017587732,0.2878068485512773,1.0,0.1355423992340772,0.1035991244651842,0.0076754697984552,-0.1220450664546051,24.33715582176308,24.37886177706664,0.253236599566628,4.0,-0.0102782348949093,-0.076121280956085,0.0278316727041491,0.0261784189411999,-0.058791971157345,0.0570252330339226,-0.4811855187083514,0.264183194227503,22.872840371924045,24.064349669403107,25.84815528235019,0.2878068485512773,1.0,0.1355423992340772,0.1035991244651842,0.0076754697984552,-0.1220450664546051,24.20360291375165,23.29584394299724,0.253236599566628,4.0,-0.0102782348949093,-0.076121280956085,0.0278316727041491,0.0261784189411999,-0.058791971157345,0.0570252330339226,-0.4811855187083514,0.264183194227503,22.73928746391262,23.930796761391683,25.530758426303507,0.2878068485512773,1.0,0.1355423992340772,0.1035991244651842,0.0076754697984552,-0.1220450664546051,24.12935981789841,22.179397495265547,0.253236599566628,4.0,-0.0102782348949093,-0.076121280956085,0.0278316727041491,0.0261784189411999,-0.058791971157345,0.0570252330339226,-0.4811855187083514,0.264183194227503,22.665044368059384,23.85655366553845,25.303233727372906,0.2878068485512773,1.0,0.1355423992340772,0.1035991244651842,0.0076754697984552,-0.1220450664546051,23.91098150137888,21.64298130141708,0.253236599566628,4.0,-0.0102782348949093,-0.076121280956085,0.0278316727041491,0.0261784189411999,-0.058791971157345,0.0570252330339226,-0.4811855187083514,0.264183194227503,22.446666051539843,23.638175349018905,25.17908144088536,0.2878068485512773,1.0,0.1355423992340772,0.1035991244651842,0.0076754697984552,-0.1220450664546051,23.705300913131705,21.37689092275124,0.253236599566628,4.0,-0.0102782348949093,-0.076121280956085,0.0278316727041491,0.0261784189411999,-0.058791971157345,0.0570252330339226,-0.4811855187083514,0.264183194227503,22.24098546329268,23.432494760771736,24.912204768044724,0.2878068485512773,1.0,0.1355423992340772,0.1035991244651842,0.0076754697984552,-0.1220450664546051,159.21010277159033,2.433316103248882,-19.521119721812685,3.852353924768377,-3.451527350777296,-1.285649131993163,2.0,0.0238932894272499,0.1199548629829931,0.3420073702627585,0.7808600936925714,0.4163805369511038,0.9087571140250073,-0.3071239571633152,-0.2318251931213408,0.0,16.069592371035387,0.024056340740836,0.0076754697984552,-0.1220450664546051,0.0076754697984552,-0.1220450664546051,25.303233727372906,3.1881654026046244,7.609342101232449,0.5011093757517208,23.85655366553845,23.85655366553845,1.215011698038754,0.9793923921859764,-0.8525045386860035,0.8573343360466749,114233388085.7124,<slsim.Lenses.lens.Lens object at 0x7fe6b1b96450>,-20.63358061293381,-21.340347087773928,-21.473899995785352,-21.54814309163859,-21.76652140815813,-21.9722019964053,,,,,,,,,,,,,,,,,,,,,,,,,,,,,,,,,,,,,,,,,,,,,,,,,,,16.069592371035387,,,-0.4875988189417015,2.090037495798614,,,,,,,,,,,,,,,,,,,,,,,,,,16.069592371035387,,,,,,,,,21.446092280124887,50.95236034751052,7.138092206430968,6.826648973414987,91.94607036218723,9.588851357810654,,,,16.114948217357274,44.30724130800565,6.6563684774812195,,,,"['g', 'r', 'i', 'z']","['g', 'r', 'z']",[16.18298778],[[18.84240163]],4.340783526883465,,,,,,,,
37,deblcdouble10,06062026,8.503652228829289,1.2469947846346687,0.9875847809051148,0.2941257117903759,17.52380028711952,0.3493708876217268,1.0986192538899795,0.0205960092807561,0.1615784621957428,2,-0.6717125247333676,2.039302217446328,0.3391516873092096,1.042882770181548,2.742383599755678,0.0,77.1036355742972,22.7704878276769,22.0748961516256,21.82439367819366,21.70415588767783,21.686432810008128,21.539326478356763,GAL-QSO-LENS_-0.0229_0.0332,0.651675316130848,1.961554270481296,-0.0228870549455482,0.0332086901778146,0.0250924947269025,0.0446401489620758,-0.0213012999156201,0.0093724073157259,0.0,0.0,-0.0281138579770903,22.7704878276769,24.6237982582206,0.6694698347810489,4.0,0.0019039024831253,-0.0068651520350896,-0.0228870549455482,0.0332086901778146,0.5932960879666247,-0.2554286061920632,0.7488407055773597,-0.1647578859448173,21.49290182936146,22.85191256764105,23.893018376555048,1.100220169978204,1.0,0.530086189644239,0.3733627812558542,0.2017801856086357,0.2454875648259008,22.0748961516256,24.317033876414097,0.6694698347810489,4.0,0.0019039024831253,-0.0068651520350896,-0.0228870549455482,0.0332086901778146,0.5932960879666247,-0.2554286061920632,0.7488407055773597,-0.1647578859448173,20.797310153310164,22.15632089158976,23.22198286414313,1.100220169978204,1.0,0.530086189644239,0.3733627812558542,0.2017801856086357,0.2454875648259008,21.82439367819366,23.218398872401234,0.6694698347810489,4.0,0.0019039024831253,-0.0068651520350896,-0.0228870549455482,0.0332086901778146,0.5932960879666247,-0.2554286061920632,0.7488407055773597,-0.1647578859448173,20.54680767987822,21.90581841815781,23.02889015879124,1.100220169978204,1.0,0.530086189644239,0.3733627812558542,0.2017801856086357,0.2454875648259008,21.70415588767783,22.27435773033337,0.6694698347810489,4.0,0.0019039024831253,-0.0068651520350896,-0.0228870549455482,0.0332086901778146,0.5932960879666247,-0.2554286061920632,0.7488407055773597,-0.1647578859448173,20.4265698893624,21.785580627641988,22.78573069204869,1.100220169978204,1.0,0.530086189644239,0.3733627812558542,0.2017801856086357,0.2454875648259008,21.686432810008128,21.412771369138216,0.6694698347810489,4.0,0.0019039024831253,-0.0068651520350896,-0.0228870549455482,0.0332086901778146,0.5932960879666247,-0.2554286061920632,0.7488407055773597,-0.1647578859448173,20.40884681169269,21.767857549972284,22.701478516393166,1.100220169978204,1.0,0.530086189644239,0.3733627812558542,0.2017801856086357,0.2454875648259008,21.539326478356763,20.997536119927528,0.6694698347810489,4.0,0.0019039024831253,-0.0068651520350896,-0.0228870549455482,0.0332086901778146,0.5932960879666247,-0.2554286061920632,0.7488407055773597,-0.1647578859448173,20.261740480041325,21.62075121832092,22.576002405703328,1.100220169978204,1.0,0.530086189644239,0.3733627812558542,0.2017801856086357,0.2454875648259008,220.9106763591465,2.742383599755678,-75.6881389391476,3.243653084567113,1.4154966351495963,-0.9277481649721332,2.0,0.0205960092807561,0.1615784621957428,0.3493708876217268,1.0986192538899795,0.3391516873092096,1.042882770181548,-1.4815180055638264,-1.753624106218212,0.0,77.1036355742972,0.023272030358073,0.2017801856086357,0.2454875648259008,0.2017801856086357,0.2454875648259008,22.78573069204869,2.1610266620225547,8.503652228829289,-0.460181319555807,21.785580627641988,21.785580627641988,0.5293531154849589,0.9025709734747136,-0.650133298367427,0.9858522614940292,348438841234.1468,<slsim.Lenses.lens.Lens object at 0x7fad740c0d90>,-23.12484276434083,-23.820434440392127,-24.07093691382407,-24.191174704339897,-24.2088977820096,-24.35600411366097,,,,,,,,,,,,,,,,,,,,,,,,,,,,,,,,,,,,,,,,,,,,,,,,,,,77.1036355742972,2.057539242924264,-0.5931908723291579,-0.6717125247333676,2.039302217446328,,,,,,,,,,,,,,,,,,,,,,,,,,77.1036355742972,,,,,,,,,,,,81.74595982714095,26.966631485645653,5.1929405432419165,65.859845975632,44.77779680475217,6.69162138832975,69.31869400593035,34.17821124813889,5.846213411101146,70.04655953178201,89.8043452149955,9.476515457434525,"['u', 'g', 'r', 'i', 'z', 'y']","['r', 'i', 'z', 'y']",[73.24317573],[[10.01912766]],3.165300563594651,,,,,,,,
38,deblcdouble76,06062026,7.975207794893267,0.5894010522341234,1.8033716887880304,0.2535737054094792,6.094928616787371,0.3674186261436765,0.8011978983830335,0.0311641362969959,0.1457664004932602,2,-0.5170752622605964,1.9564991185611496,0.2871883045871101,0.7342019542448465,2.8254719236876267,0.0,40.36656250345089,25.648426873348505,24.38047279315488,23.69147340564344,23.269570876848068,22.956676690387773,22.606595090316656,GAL-QSO-LENS_-0.0096_-0.0430,0.285570491878454,1.9669682988788468,-0.0096125889937487,-0.0430330635820934,-0.038367418281548,0.0912804729044249,-0.0031847863554848,-0.0405489158424833,0.0,0.0,0.0382266345735767,25.648426873348505,25.704985225549464,0.3546764529120135,4.0,-0.0136593361050305,0.0609699969006409,-0.0096125889937487,-0.0430330635820934,0.3881646180934373,-0.1947766746721221,-0.1689821622786787,-0.0819588920372639,24.40340864083056,24.894831320800453,24.82523003264949,0.6170982947459732,1.0,0.2059784907623641,0.0541720380603628,0.0876168988504959,-0.0472123548024039,24.38047279315488,25.68956046869281,0.3546764529120135,4.0,-0.0136593361050305,0.0609699969006409,-0.0096125889937487,-0.0430330635820934,0.3881646180934373,-0.1947766746721221,-0.1689821622786787,-0.0819588920372639,23.13545456063693,23.626877240606824,24.022818769403127,0.6170982947459732,1.0,0.2059784907623641,0.0541720380603628,0.0876168988504959,-0.0472123548024039,23.69147340564344,25.523937954474263,0.3546764529120135,4.0,-0.0136593361050305,0.0609699969006409,-0.0096125889937487,-0.0430330635820934,0.3881646180934373,-0.1947766746721221,-0.1689821622786787,-0.0819588920372639,22.44645517312549,22.937877853095383,23.93932623086214,0.6170982947459732,1.0,0.2059784907623641,0.0541720380603628,0.0876168988504959,-0.0472123548024039,23.269570876848068,25.28870604405047,0.3546764529120135,4.0,-0.0136593361050305,0.0609699969006409,-0.0096125889937487,-0.0430330635820934,0.3881646180934373,-0.1947766746721221,-0.1689821622786787,-0.0819588920372639,22.02455264433012,22.51597532430001,23.804466842166885,0.6170982947459732,1.0,0.2059784907623641,0.0541720380603628,0.0876168988504959,-0.0472123548024039,22.956676690387773,24.55571685115038,0.3546764529120135,4.0,-0.0136593361050305,0.0609699969006409,-0.0096125889937487,-0.0430330635820934,0.3881646180934373,-0.1947766746721221,-0.1689821622786787,-0.0819588920372639,21.711658457869827,22.20308113783972,23.73995726632744,0.6170982947459732,1.0,0.2059784907623641,0.0541720380603628,0.0876168988504959,-0.0472123548024039,22.606595090316656,24.10290382077304,0.3546764529120135,4.0,-0.0136593361050305,0.0609699969006409,-0.0096125889937487,-0.0430330635820934,0.3881646180934373,-0.1947766746721221,-0.1689821622786787,-0.0819588920372639,21.36157685779871,21.852999537768603,23.7313288624381,0.6170982947459732,1.0,0.2059784907623641,0.0541720380603628,0.0876168988504959,-0.0472123548024039,216.99640177172304,2.8254719236876267,-47.614268032774135,3.147801173957381,-7.247705529323244,-2.001880831062419,2.0,0.0311641362969959,0.1457664004932602,0.3674186261436765,0.8011978983830335,0.2871883045871101,0.7342019542448465,2.6531901565538325,-2.673838676059597,0.0,40.36656250345089,0.0406737930384034,0.0876168988504959,-0.0472123548024039,0.0876168988504959,-0.0472123548024039,23.804466842166885,1.8784808102351755,7.975207794893267,-0.4109819008403184,22.51597532430001,22.51597532430001,0.9843500599883828,0.8198095930713206,0.8955954368697208,0.8823859983656999,332339120440.0489,<slsim.Lenses.lens.Lens object at 0x7fad5da65a90>,-20.31232506127124,-21.58027914146487,-22.26927852897631,-22.69118105777168,-23.004075244231974,-23.35415684430309,,,,,,,,,,,,,,,,,,,,,,,,,,,,,,,,,,,,,,,,,,,,,,,,,,,40.36656250345089,2.1386027149712428,-0.5281559853582647,-0.5170752622605964,1.9564991185611496,,,,,,,,,,,,,,,,,,,,,,,,,,40.36656250345089,,,,,,,,,,,,37.42592487452732,35.201761712605894,5.933107256118491,29.901431236570772,60.74623498029838,7.793987104191178,24.375051448209142,65.97602962093312,8.12256299581192,41.916112108916764,21.086680880699866,4.5920236149980616,"['g', 'r', 'i', 'z', 'y']","['r', 'i', 'z', 'y']",[36.41391378],[[9.30666162]],3.0506821559763826,,,,,,,,
39,deblcdouble238,06062026,7.932289506171288,0.7954843217435585,1.1368207087379998,0.7657938548653878,13.603381571039025,0.325508311519348,2.1303834041777567,0.021050727202473,0.5388801044815372,2,-0.5644488468099154,1.9857733216454567,0.3882622564536029,2.448972280736881,2.7210674776072445,0.0,61.33833626238187,22.94689633434504,22.343290180310824,22.11785204490947,22.072802017908018,21.987044128892737,21.86481892689788,GAL-QSO-LENS_0.0253_-0.0474,0.4187803222941095,2.0753359898763835,0.0253345043095183,-0.0474482330418692,-0.0482796530789905,-0.1504550793141672,-0.0274615585088482,0.0644295701702272,0.0,0.0,0.0088973023430765,22.94689633434504,26.554037015695343,0.3130718407147347,4.0,-0.0507955308891017,0.0616472216921112,0.0253345043095183,-0.0474482330418692,-0.2231043932602067,0.0938237133782817,0.5847756739434267,-0.1448488057461959,21.654763870661984,24.63168199603545,25.133170305164416,0.2394448136243369,1.0,-0.3370192209901176,0.3527456653236407,-0.144300709907039,0.2118424175664353,22.343290180310824,26.263201219958763,0.3130718407147347,4.0,-0.0507955308891017,0.0616472216921112,0.0253345043095183,-0.0474482330418692,-0.2231043932602067,0.0938237133782817,0.5847756739434267,-0.1448488057461959,21.05115771662777,24.02807584200124,24.593844245060456,0.2394448136243369,1.0,-0.3370192209901176,0.3527456653236407,-0.144300709907039,0.2118424175664353,22.11785204490947,24.8892909493718,0.3130718407147347,4.0,-0.0507955308891017,0.0616472216921112,0.0253345043095183,-0.0474482330418692,-0.2231043932602067,0.0938237133782817,0.5847756739434267,-0.1448488057461959,20.825719581226416,23.80263770659988,24.56337982734573,0.2394448136243369,1.0,-0.3370192209901176,0.3527456653236407,-0.144300709907039,0.2118424175664353,22.072802017908018,23.75089732853618,0.3130718407147347,4.0,-0.0507955308891017,0.0616472216921112,0.0253345043095183,-0.0474482330418692,-0.2231043932602067,0.0938237133782817,0.5847756739434267,-0.1448488057461959,20.780669554224964,23.75758767959843,24.4541557148378,0.2394448136243369,1.0,-0.3370192209901176,0.3527456653236407,-0.144300709907039,0.2118424175664353,21.987044128892737,22.88975126063995,0.3130718407147347,4.0,-0.0507955308891017,0.0616472216921112,0.0253345043095183,-0.0474482330418692,-0.2231043932602067,0.0938237133782817,0.5847756739434267,-0.1448488057461959,20.694911665209684,23.67182979058315,24.455631722428965,0.2394448136243369,1.0,-0.3370192209901176,0.3527456653236407,-0.144300709907039,0.2118424175664353,21.86481892689788,22.19315094995557,0.3130718407147347,4.0,-0.0507955308891017,0.0616472216921112,0.0253345043095183,-0.0474482330418692,-0.2231043932602067,0.0938237133782817,0.5847756739434267,-0.1448488057461959,20.572686463214826,23.54960458858829,24.457870620431446,0.2394448136243369,1.0,-0.3370192209901176,0.3527456653236407,-0.144300709907039,0.2118424175664353,189.7400200160418,2.7210674776072445,-52.17373265736335,3.287403290129596,9.164603605018517,-0.2118779368299073,2.0,0.021050727202473,0.5388801044815372,0.325508311519348,2.1303834041777567,0.3882622564536029,2.448972280736881,0.9131123399746728,1.2446975257423123,0.0,61.33833626238187,0.0700378948002802,-0.144300709907039,0.2118424175664353,-0.144300709907039,0.2118424175664353,24.4541557148378,2.455351532718982,7.932289506171288,0.9180505285746422,23.75758767959843,23.75758767959843,-0.9406535656830024,0.727098462858569,1.1299919335481547,0.8520603037585073,216542970193.8513,<slsim.Lenses.lens.Lens object at 0x7fad5011cdd0>,-22.9343535107052,-23.53795966473941,-23.76339780014077,-23.80844782714222,-23.8942057161575,-24.01643091815236,,,,,,,,,,,,,,,,,,,,,,,,,,,,,,,,,,,,,,,,,,,,,,,,,,,61.33833626238187,2.0223777858233576,-0.6525127160301182,-0.5644488468099154,1.9857733216454567,,,,,,,,,,,,,,,,,,,,,,,,,,61.33833626238187,,,,,,,,,,,,51.78655751163117,82.72145442246129,9.095133557153588,52.188153242389795,72.55130821681459,8.517705572324896,,,,,,,"['u', 'g', 'r', 'i', 'z', 'y']","['r', 'i']",[52.00050735],[[38.65165811]],6.217045770620044,,,,,,,,
40,deblcdouble53,06062026,8.888052993734114,1.7757231423066726,1.6486373358861373,0.2455166091776424,87.7444351440934,0.412273472093216,1.2135559524176422,0.0317572799985734,0.5157647011858794,2,-0.6118818149512066,2.148258767744224,0.3503002937320255,1.0285244279992287,4.981654567369651,0.0,258.7360674991685,29.03082216120093,26.93744125655149,23.93144030940637,22.27741856589165,21.96849913775079,21.8370509281823,GAL-QSO-LENS_0.0288_-0.0402,0.8959473800165804,1.9164939426463257,0.028844118325056,-0.0402122837778305,0.0052163014196499,0.012963311137287,-0.03318866627193,0.0327096076567876,0.0,0.0,0.049466458583016,29.03082216120093,25.32790753023353,0.4047522613812873,4.0,0.0751724581543146,-0.0259272810929615,0.028844118325056,-0.0402122837778305,-1.3332958024089407,0.4078658642140965,0.2231685344825444,-0.1254698581336029,27.40018206329908,29.0440484402524,30.723644422670016,0.2486999419793106,1.0,0.0098576278484788,-0.1192081445406698,-0.4082930716895936,0.0629681372658761,26.93744125655149,25.31513484078982,0.4047522613812873,4.0,0.0751724581543146,-0.0259272810929615,0.028844118325056,-0.0402122837778305,-1.3332958024089407,0.4078658642140965,0.2231685344825444,-0.1254698581336029,25.30680115864964,26.95066753560295,29.672765976049288,0.2486999419793106,1.0,0.0098576278484788,-0.1192081445406698,-0.4082930716895936,0.0629681372658761,23.93144030940637,25.11616952739901,0.4047522613812873,4.0,0.0751724581543146,-0.0259272810929615,0.028844118325056,-0.0402122837778305,-1.3332958024089407,0.4078658642140965,0.2231685344825444,-0.1254698581336029,22.30080021150451,23.944666588457824,27.216871728226817,0.2486999419793106,1.0,0.0098576278484788,-0.1192081445406698,-0.4082930716895936,0.0629681372658761,22.27741856589165,24.369979684846253,0.4047522613812873,4.0,0.0751724581543146,-0.0259272810929615,0.028844118325056,-0.0402122837778305,-1.3332958024089407,0.4078658642140965,0.2231685344825444,-0.1254698581336029,20.64677846798979,22.29064484494311,26.94841859948146,0.2486999419793106,1.0,0.0098576278484788,-0.1192081445406698,-0.4082930716895936,0.0629681372658761,21.96849913775079,23.52040567843891,0.4047522613812873,4.0,0.0751724581543146,-0.0259272810929615,0.028844118325056,-0.0402122837778305,-1.3332958024089407,0.4078658642140965,0.2231685344825444,-0.1254698581336029,20.33785903984893,21.98172541680225,26.964213305055832,0.2486999419793106,1.0,0.0098576278484788,-0.1192081445406698,-0.4082930716895936,0.0629681372658761,21.8370509281823,23.057744208372075,0.4047522613812873,4.0,0.0751724581543146,-0.0259272810929615,0.028844118325056,-0.0402122837778305,-1.3332958024089407,0.4078658642140965,0.2231685344825444,-0.1254698581336029,20.20641083028044,21.85027720723376,27.00261000564248,0.2486999419793106,1.0,0.0098576278484788,-0.1192081445406698,-0.4082930716895936,0.0629681372658761,277.2822324502739,4.981654567369651,-242.44246492778072,4.490100266558362,16.293602571387737,-0.9878920452042154,2.0,0.0317572799985734,0.5157647011858794,0.412273472093216,1.2135559524176422,0.3503002937320255,1.0285244279992287,2.7098108980548896,2.685864937111539,0.0,258.7360674991685,0.0465983476313326,-0.4082930716895936,0.0629681372658761,-0.4082930716895936,0.0629681372658761,26.94841859948146,5.72770486365908,8.888052993734114,-0.1621225979543274,22.29064484494311,22.29064484494311,0.5941158297452689,0.97243823775951,-0.1660638771571036,0.8526785870840483,675577406683.6014,<slsim.Lenses.lens.Lens object at 0x7fad740e07d0>,-18.190998153117164,-20.284379057766607,-23.29038000491173,-24.944401748426444,-25.253321176567304,-25.3847693861358,,,,,,,,,,,,,,,,,,,,,,,,,,,,,,,,,,,,,,,,,,,,,,,,,,,258.7360674991685,2.0936994980191708,-0.4173614969236415,-0.6118818149512066,2.148258767744224,,,,,,,,,,,,,,,,,,,,,,,,,,258.7360674991685,,,,,,,,,,,,271.4432966293512,57.07378002646524,7.554719056752888,,,,,,,258.74630735978843,62.330734055776446,7.894981574125201,"['r', 'i', 'z', 'y']","['r', 'y']",[265.37430353],[[29.7932673]],5.458320922764161,,,,,,,,
41,deblcdouble88,06062026,7.597127045237274,0.9482309722722103,1.0172100419888357,0.333306573665008,62.21746250039071,0.3117832353149175,0.8125902297045606,0.0346777882620559,0.1657951568379604,2,-0.4964504596720958,1.96419168397362,0.4153769591810259,1.075765239505997,2.122751113925596,0.0,48.35285133809973,23.60200157555007,23.58933879539562,23.42062925937305,23.23954864178876,23.01907508855486,23.06709133188271,GAL-QSO-LENS_0.0021_-0.0475,0.4813788798092235,2.159119332567964,0.0021441235397668,-0.0474895533544515,-0.062234851824967,0.1022017070154059,-0.0111429557909401,-0.0040501239316021,0.0,0.0,-0.0049631988961626,23.60200157555007,25.319065985510075,0.4748367384321785,4.0,0.0409850941027162,0.0996858127814536,0.0021441235397668,-0.0474895533544515,0.0301722447286075,-0.0847397262179301,0.6050567497984746,-0.3361856290336111,22.298793958679944,23.72712733956811,25.11190490856984,0.4889417381824409,1.0,0.0453345362583701,0.0901365729226895,0.0412467086461506,0.1516897623405547,23.58933879539562,24.99481172753609,0.4748367384321785,4.0,0.0409850941027162,0.0996858127814536,0.0021441235397668,-0.0474895533544515,0.0301722447286075,-0.0847397262179301,0.6050567497984746,-0.3361856290336111,22.28613117852549,23.71446455941366,24.84107633172161,0.4889417381824409,1.0,0.0453345362583701,0.0901365729226895,0.0412467086461506,0.1516897623405547,23.42062925937305,23.759216567229824,0.4748367384321785,4.0,0.0409850941027162,0.0996858127814536,0.0021441235397668,-0.0474895533544515,0.0301722447286075,-0.0847397262179301,0.6050567497984746,-0.3361856290336111,22.117421642502933,23.5457550233911,24.63286294723308,0.4889417381824409,1.0,0.0453345362583701,0.0901365729226895,0.0412467086461506,0.1516897623405547,23.23954864178876,22.78748342539537,0.4748367384321785,4.0,0.0409850941027162,0.0996858127814536,0.0021441235397668,-0.0474895533544515,0.0301722447286075,-0.0847397262179301,0.6050567497984746,-0.3361856290336111,21.93634102491864,23.3646744058068,24.516057998117034,0.4889417381824409,1.0,0.0453345362583701,0.0901365729226895,0.0412467086461506,0.1516897623405547,23.01907508855486,21.83116331270139,0.4748367384321785,4.0,0.0409850941027162,0.0996858127814536,0.0021441235397668,-0.0474895533544515,0.0301722447286075,-0.0847397262179301,0.6050567497984746,-0.3361856290336111,21.71586747168474,23.1442008525729,24.30519930771092,0.4889417381824409,1.0,0.0453345362583701,0.0901365729226895,0.0412467086461506,0.1516897623405547,23.06709133188271,21.34348988952428,0.4748367384321785,4.0,0.0409850941027162,0.0996858127814536,0.0021441235397668,-0.0474895533544515,0.0301722447286075,-0.0847397262179301,0.6050567497984746,-0.3361856290336111,21.76388371501259,23.19221709590075,24.13853553912164,0.4889417381824409,1.0,0.0453345362583701,0.0901365729226895,0.0412467086461506,0.1516897623405547,210.99332592595653,2.122751113925596,-61.70264453926779,3.3211083669211403,-13.349793201168056,-0.8911477078950187,2.0,0.0346777882620559,0.1657951568379604,0.3117832353149175,0.8125902297045606,0.4153769591810259,1.075765239505997,-0.0817779641832822,-0.5852525540652093,0.0,48.35285133809973,0.0118561784576727,0.0412467086461506,0.1516897623405547,0.0412467086461506,0.1516897623405547,24.516057998117034,2.481132172727598,7.597127045237274,-0.2018258043948428,23.3646744058068,23.3646744058068,1.0588822341846862,0.7862575414416553,0.5903606169828758,0.8054087651010006,304455321628.68475,<slsim.Lenses.lens.Lens object at 0x7fad7411b110>,-21.68817884151848,-21.70084162167293,-21.869551157695494,-22.05063177527979,-22.27110532851369,-22.22308908518584,,,,,,,,,,,,,,,,,,,,,,,,,,,,,,,,,,,,,,,,,,,,,,,,,,,48.35285133809973,2.0390116912226484,-0.5810932161268046,-0.4964504596720958,1.96419168397362,,,,,,,,,,,,,,,,,,,,,,,,,,48.35285133809973,,,,,,45.78023653334068,8.506879988095056,72.36700713185213,68.31191617779446,76.56765386942206,8.75029450186804,49.38444690319604,24.30153486450862,4.929658696553811,50.39800397391162,11.897732386275814,3.449308972283552,45.24719041124439,22.49687815533581,4.74308740751589,,,,"['u', 'g', 'r', 'i', 'z', 'y']","['u', 'g', 'r', 'i', 'z']",[49.88656283],[[5.08831527]],2.2557294322525325,,,,,,,,
42,deblcdouble24,06062026,7.428184116595987,1.099254237115872,0.3266914931905535,0.2703182047889949,70.16473514115573,0.4027596681593829,0.8939644684023986,0.0246880017439833,0.1794904548012795,2,-0.3191939148270555,2.2872300566759582,0.2979898868727589,0.731033760715739,2.0930468897853625,0.0,10.123239895278601,24.31345620641968,24.272849874505614,24.08064861805559,23.84683227633964,23.6091529221624,23.6453193978923,GAL-QSO-LENS_-0.0423_-0.0120,0.5408534761196292,1.921445362534128,-0.0423474017357761,-0.0119623464118795,0.0453019879323325,0.0638948273128322,0.0462544372584697,-0.003301082877286,0.0,0.0,0.0027675627548551,24.31345620641968,23.284231428647537,0.2319291482995792,4.0,0.1244037703398531,0.074932138789531,-0.0423474017357761,-0.0119623464118795,0.7287035682976739,-0.3704082314216876,-0.0592568972005808,-0.0769523637065381,22.88338005225153,23.610056699018347,26.79999662894134,0.2851369188297015,1.0,-0.0916916085757878,-0.1553267509196499,0.1478262242594009,0.0014559395228132,24.272849874505614,21.503467714354606,0.2319291482995792,4.0,0.1244037703398531,0.074932138789531,-0.0423474017357761,-0.0119623464118795,0.7287035682976739,-0.3704082314216876,-0.0592568972005808,-0.0769523637065381,22.84277372033747,23.56945036710428,26.52511481910815,0.2851369188297015,1.0,-0.0916916085757878,-0.1553267509196499,0.1478262242594009,0.0014559395228132,24.08064861805559,20.08584597989428,0.2319291482995792,4.0,0.1244037703398531,0.074932138789531,-0.0423474017357761,-0.0119623464118795,0.7287035682976739,-0.3704082314216876,-0.0592568972005808,-0.0769523637065381,22.65057246388745,23.37724911065425,26.298609812655027,0.2851369188297015,1.0,-0.0916916085757878,-0.1553267509196499,0.1478262242594009,0.0014559395228132,23.84683227633964,19.51638129338584,0.2319291482995792,4.0,0.1244037703398531,0.074932138789531,-0.0423474017357761,-0.0119623464118795,0.7287035682976739,-0.3704082314216876,-0.0592568972005808,-0.0769523637065381,22.41675612217149,23.1434327689383,26.15665073439286,0.2851369188297015,1.0,-0.0916916085757878,-0.1553267509196499,0.1478262242594009,0.0014559395228132,23.6091529221624,19.228416908494687,0.2319291482995792,4.0,0.1244037703398531,0.074932138789531,-0.0423474017357761,-0.0119623464118795,0.7287035682976739,-0.3704082314216876,-0.0592568972005808,-0.0769523637065381,22.179076767994253,22.905753414761065,25.88266517875829,0.2851369188297015,1.0,-0.0916916085757878,-0.1553267509196499,0.1478262242594009,0.0014559395228132,23.6453193978923,19.028122282761903,0.2319291482995792,4.0,0.1244037703398531,0.074932138789531,-0.0423474017357761,-0.0119623464118795,0.7287035682976739,-0.3704082314216876,-0.0592568972005808,-0.0769523637065381,22.21524324372416,22.94191989049097,25.645752379280747,0.2851369188297015,1.0,-0.0916916085757878,-0.1553267509196499,0.1478262242594009,0.0014559395228132,157.41715532024415,2.0930468897853625,-11.220856110079874,3.73276338696784,-1.097616214801272,-1.911436183554903,2.0,0.0246880017439833,0.1794904548012795,0.4027596681593829,0.8939644684023986,0.2979898868727589,0.731033760715739,3.020447210229531,-2.717059720079657,0.0,10.1232398952786,0.0463720833504429,0.1478262242594009,0.0014559395228132,0.1478262242594009,0.0014559395228132,26.15665073439286,4.62725617350179,7.428184116595987,0.3083845189795825,23.1434327689383,23.1434327689383,0.4770249070519268,0.8547282506073134,0.2710655338979644,0.7463773951754207,111063616145.5515,<slsim.Lenses.lens.Lens object at 0x7fad740e3e90>,-20.93481842783068,-20.975424759744747,-21.16762601619477,-21.401442357910728,-21.639121712087963,-21.60295523635806,,,,,,,,,,,,,,,,,,,,,,,,,,,,,,,,,,,,,,,,,,,,,,,,,,,10.1232398952786,2.366395484141321,-0.4546536444055761,-0.3191939148270555,2.2872300566759582,,,,,,,,,,,,,,,,,,,,,,,,,,10.123239895278601,,,,,,,,,,,,29.76985283967069,53.41618083829395,7.308637413245642,19.546212376407336,88.80293849418607,9.423531105386456,31.603760256461875,16.853971326849024,4.105358854820005,,,,"['u', 'g', 'r', 'i', 'z', 'y']","['r', 'i', 'z']",[29.69914035],[[11.19632702]],3.346091304733857,,,,,,,,
43,deblcdouble45,06062026,7.482115763965117,0.7283176486035517,0.7828568099861529,0.6757929003617483,34.81991672156782,0.2298803223626917,1.2413427818603773,0.0248786213952025,0.3939882879063436,2,-0.6125424203162804,2.178528882921487,0.3091813309157999,1.792831987037332,1.8260023350139345,0.0,32.59008065740964,23.76871273151588,23.267620242295862,22.83745857186961,22.30573744124146,22.156207489079424,22.039760235165755,GAL-QSO-LENS_-0.0297_-0.0125,0.343944980393763,2.208785902324024,-0.0296577893313981,-0.0124599364025837,0.0035391284920753,0.1406285339089857,-0.0084882911678161,0.0131732870786376,0.0,0.0,0.0178303558527765,23.76871273151588,24.84625263361344,0.2933457241908326,4.0,-0.0126421496019982,0.164358716670404,-0.0296577893313981,-0.0124599364025837,0.0526841269362934,-0.0742960289608299,0.5674893615483915,-0.1496735469150545,23.010676288166945,25.01655528507732,26.734260080921715,0.3202847597895055,1.0,0.2357875363750852,0.1625020044469652,0.0259375144562445,0.2474309599059201,23.267620242295862,24.3157796225613,0.2933457241908326,4.0,-0.0126421496019982,0.164358716670404,-0.0296577893313981,-0.0124599364025837,0.0526841269362934,-0.0742960289608299,0.5674893615483915,-0.1496735469150545,22.50958379894693,24.515462795857307,26.308367894727887,0.3202847597895055,1.0,0.2357875363750852,0.1625020044469652,0.0259375144562445,0.2474309599059201,22.83745857186961,23.109594912624104,0.2933457241908326,4.0,-0.0126421496019982,0.164358716670404,-0.0296577893313981,-0.0124599364025837,0.0526841269362934,-0.0742960289608299,0.5674893615483915,-0.1496735469150545,22.079422128520683,24.08530112543105,25.873875424897868,0.3202847597895055,1.0,0.2357875363750852,0.1625020044469652,0.0259375144562445,0.2474309599059201,22.30573744124146,21.98687765784064,0.2933457241908326,4.0,-0.0126421496019982,0.164358716670404,-0.0296577893313981,-0.0124599364025837,0.0526841269362934,-0.0742960289608299,0.5674893615483915,-0.1496735469150545,21.54770099789253,23.553579994802902,25.45575893748581,0.3202847597895055,1.0,0.2357875363750852,0.1625020044469652,0.0259375144562445,0.2474309599059201,22.156207489079424,21.43969770247829,0.2933457241908326,4.0,-0.0126421496019982,0.164358716670404,-0.0296577893313981,-0.0124599364025837,0.0526841269362934,-0.0742960289608299,0.5674893615483915,-0.1496735469150545,21.398171045730496,23.404050042640865,25.016423894141496,0.3202847597895055,1.0,0.2357875363750852,0.1625020044469652,0.0259375144562445,0.2474309599059201,22.039760235165755,21.208861728194528,0.2933457241908326,4.0,-0.0126421496019982,0.164358716670404,-0.0296577893313981,-0.0124599364025837,0.0526841269362934,-0.0742960289608299,0.5674893615483915,-0.1496735469150545,21.281723791816827,23.287602788727195,24.84507460995666,0.3202847597895055,1.0,0.2357875363750852,0.1625020044469652,0.0259375144562445,0.2474309599059201,164.11772665431823,1.8260023350139345,-30.87709268843285,2.0100857156437058,1.7129879689767935,-0.3168567611184892,2.0,0.0248786213952025,0.3939882879063436,0.2298803223626917,1.2413427818603773,0.3091813309157999,1.792831987037332,-0.2208572286828223,-0.6028440242471899,0.0,32.59008065740964,0.0156712022323058,0.0259375144562445,0.2474309599059201,0.0259375144562445,0.2474309599059201,25.45575893748581,2.0054890258264235,7.482115763965117,-0.8130098839620234,23.553579994802902,23.553579994802902,0.7728175671802491,0.7533507795299995,0.8237816031427383,0.7169678078947084,131345445818.6131,<slsim.Lenses.lens.Lens object at 0x7fad5e78e050>,-21.06416660293292,-21.565259092152928,-21.995420762579183,-22.52714189320733,-22.67667184536937,-22.79311909928304,,,,,,,,,,,,,,,,,,,,,,,,,,,,,,,,,,,,,,,,,,,,,,,,,,,32.59008065740964,1.8620381563617985,-0.6710934507099778,-0.6125424203162804,2.178528882921487,,,,,,,,,,,,,,,,,,,,,,,,,,32.59008065740964,,,,,,,,,32.30801275258654,82.59592692128507,9.088230131399902,24.822234078787815,19.070850223863758,4.367018459299635,32.440915832922954,18.384971654002083,4.287770009457374,22.972613980984892,18.95930990874751,4.354228968341871,22.74847792721573,81.86237378044811,9.047782810194336,"['u', 'g', 'r', 'i', 'z', 'y']","['g', 'r', 'i', 'z', 'y']",[26.90025562],[[5.43786821]],2.331923715063058,,,,,,,,
44,deblcdouble44,06062026,7.859174427231275,1.8098464765963371,0.1132078512953712,0.4819247510337802,42.90494370459298,0.3019531929019836,1.0636135550806691,0.0281766255360576,0.2160280183407059,2,-0.5926771414472809,1.9458508346885808,0.3639365693075549,1.1456788451454711,2.435740537468746,0.0,13.174113509899446,23.494631355565865,22.807717372964834,22.656142090415784,22.577398321719752,22.38198239129192,22.17980468900884,GAL-QSO-LENS_0.0178_0.0196,0.9496074963501354,2.0148140841910056,0.01781664672928,0.0196445935439504,-0.0178717440621897,0.0563225092500336,0.0141494441797514,0.0166130942405199,0.0,0.0,-0.0319706478182474,23.494631355565865,18.87874023890029,1.15645361076592,4.0,-0.0185045852783711,0.053203189085773,0.01781664672928,0.0196445935439504,0.3071072939147731,-0.0263667174384958,-1.3283822453657057,0.4504767576472188,22.36965011084046,23.786593329946392,26.28041359891856,0.2927803981319373,1.0,0.087569548331346,0.1547873407562597,0.1006056323483545,-0.4776426495258585,22.807717372964834,17.278956950375957,1.15645361076592,4.0,-0.0185045852783711,0.053203189085773,0.01781664672928,0.0196445935439504,0.3071072939147731,-0.0263667174384958,-1.3283822453657057,0.4504767576472188,21.68273612823943,23.09967934734536,25.740518601570155,0.2927803981319373,1.0,0.087569548331346,0.1547873407562597,0.1006056323483545,-0.4776426495258585,22.656142090415784,16.420986089208874,1.15645361076592,4.0,-0.0185045852783711,0.053203189085773,0.01781664672928,0.0196445935439504,0.3071072939147731,-0.0263667174384958,-1.3283822453657057,0.4504767576472188,21.53116084569038,22.94810406479631,25.370223816782552,0.2927803981319373,1.0,0.087569548331346,0.1547873407562597,0.1006056323483545,-0.4776426495258585,22.577398321719752,15.990173895634392,1.15645361076592,4.0,-0.0185045852783711,0.053203189085773,0.01781664672928,0.0196445935439504,0.3071072939147731,-0.0263667174384958,-1.3283822453657057,0.4504767576472188,21.452417076994347,22.86936029610028,25.06823707833596,0.2927803981319373,1.0,0.087569548331346,0.1547873407562597,0.1006056323483545,-0.4776426495258585,22.38198239129192,15.705358520980909,1.15645361076592,4.0,-0.0185045852783711,0.053203189085773,0.01781664672928,0.0196445935439504,0.3071072939147731,-0.0263667174384958,-1.3283822453657057,0.4504767576472188,21.25700114656651,22.67394436567244,24.83234062221418,0.2927803981319373,1.0,0.087569548331346,0.1547873407562597,0.1006056323483545,-0.4776426495258585,22.17980468900884,15.532664846971455,1.15645361076592,4.0,-0.0185045852783711,0.053203189085773,0.01781664672928,0.0196445935439504,0.3071072939147731,-0.0263667174384958,-1.3283822453657057,0.4504767576472188,21.054823444283432,22.471766663389364,24.51415391949003,0.2927803981319373,1.0,0.087569548331346,0.1547873407562597,0.1006056323483545,-0.4776426495258585,189.399025694295,2.435740537468746,-12.850825842198343,2.818334246244089,0.3232876677011024,-0.7642143884911061,2.0,0.0281766255360576,0.2160280183407059,0.3019531929019836,1.0636135550806691,0.3639365693075549,1.1456788451454711,0.4495477293307965,0.2172007315817273,0.0,13.174113509899446,0.0218220455237427,0.1006056323483545,-0.4776426495258585,0.1006056323483545,-0.4776426495258585,25.06823707833596,3.6512157028734697,7.859174427231275,-0.4931061014760843,22.86936029610028,22.86936029610028,0.939029011758511,0.8884136956969365,0.952759273192032,0.8933488347852852,215445384826.1204,<slsim.Lenses.lens.Lens object at 0x7fad5e7c35d0>,-22.185498027132923,-22.87241200973396,-23.023987292283003,-23.10273106097904,-23.29814699140688,-23.50032469368995,,,,,,,,,,,,,,,,,,,,,,,,,,,,,,,,,,,,,,,,,,,,,,,,,,,13.174113509899446,2.1586048389283983,-0.5791393489626003,-0.5926771414472809,1.9458508346885808,,,,,,,,,,,,,,,,,,,,,,,,,,13.174113509899446,,,,,,,,,24.670396676198663,42.23135715092026,6.498565776455622,18.85185568498849,6.870933332413133,2.6212465226325303,15.828219009569448,11.399330624394988,3.376289475799578,21.765046259551948,25.422509558569644,5.042073934262532,,,,"['u', 'g', 'r', 'i', 'z', 'y']","['g', 'r', 'i', 'z']",[18.80838952],[[3.37519257]],1.8371697169267749,,,,,,,,
45,deblcdouble40,06062026,7.317954825436699,2.6472906223155217,0.9808911055995132,0.9028616124949856,64.17964195017055,0.3164270980679805,0.5745242280915678,0.0322522218204388,0.1046912215411703,2,-0.5403982861125229,2.2977523209508166,0.3424966810935956,0.634186096356311,2.7285097215782432,0.0,200.82707290858613,24.77191375360147,23.96791945900848,23.61838529318465,23.45493601611852,23.32468282340273,23.127435937297147,GAL-QSO-LENS_-0.0019_-0.0487,1.2699870836930096,2.050888522003385,-0.0018514848131607,-0.0487475283485693,0.1327441561231626,-0.0001037012583859,-0.000614684960052,-0.0049611609348996,0.0,0.0,0.012678879945182,24.77191375360147,23.344702169901392,1.151071060196308,4.0,0.1037969990900783,0.0004725885419204,-0.0018514848131607,-0.0487475283485693,0.0949352741182786,-0.2352398002850468,1.6486348361948069,-0.9779850562225292,23.63198439313175,23.133691853139105,27.677863717912576,0.2029556073416631,1.0,-0.0811022570450306,0.1791158726676592,0.039368787228237,0.3336039792553574,23.96791945900848,23.15690723210827,1.151071060196308,4.0,0.1037969990900783,0.0004725885419204,-0.0018514848131607,-0.0487475283485693,0.0949352741182786,-0.2352398002850468,1.6486348361948069,-0.9779850562225292,22.82799009853876,22.329697558546115,27.107695921916967,0.2029556073416631,1.0,-0.0811022570450306,0.1791158726676592,0.039368787228237,0.3336039792553574,23.61838529318465,22.246386498642696,1.151071060196308,4.0,0.1037969990900783,0.0004725885419204,-0.0018514848131607,-0.0487475283485693,0.0949352741182786,-0.2352398002850468,1.6486348361948069,-0.9779850562225292,22.478455932714933,21.98016339272229,27.031094775470383,0.2029556073416631,1.0,-0.0811022570450306,0.1791158726676592,0.039368787228237,0.3336039792553574,23.45493601611852,21.359193961414373,1.151071060196308,4.0,0.1037969990900783,0.0004725885419204,-0.0018514848131607,-0.0487475283485693,0.0949352741182786,-0.2352398002850468,1.6486348361948069,-0.9779850562225292,22.31500665564879,21.816714115656147,26.874435253189024,0.2029556073416631,1.0,-0.0811022570450306,0.1791158726676592,0.039368787228237,0.3336039792553574,23.32468282340273,20.508981972396715,1.151071060196308,4.0,0.1037969990900783,0.0004725885419204,-0.0018514848131607,-0.0487475283485693,0.0949352741182786,-0.2352398002850468,1.6486348361948069,-0.9779850562225292,22.184753462933013,21.68646092294037,26.84470196155064,0.2029556073416631,1.0,-0.0811022570450306,0.1791158726676592,0.039368787228237,0.3336039792553574,23.127435937297147,20.091089875690862,1.151071060196308,4.0,0.1037969990900783,0.0004725885419204,-0.0018514848131607,-0.0487475283485693,0.0949352741182786,-0.2352398002850468,1.6486348361948069,-0.9779850562225292,21.987506576827425,21.48921403683478,26.786766027368817,0.2029556073416631,1.0,-0.0811022570450306,0.1791158726676592,0.039368787228237,0.3336039792553574,307.9238408586394,2.7285097215782432,-288.8546555285551,2.857404630547914,-88.02758261996897,-4.521564809882132,2.0,0.0322522218204388,0.1046912215411703,0.3164270980679805,0.5745242280915678,0.3424966810935956,0.634186096356311,-0.1275409823872354,-0.4954475382133865,0.0,200.82707290858613,0.0049990954603897,0.039368787228237,0.3336039792553574,0.039368787228237,0.3336039792553574,26.874435253189024,7.621525656972027,7.317954825436699,-0.9901554331864696,21.816714115656147,21.816714115656147,-0.0003906056594826,0.7656237003474392,0.0022764881477118,0.8119256097808588,822247474076.3456,<slsim.Lenses.lens.Lens object at 0x7fad5e7d2850>,-21.11427119408872,-21.91826548868171,-22.26779965450553,-22.43124893157168,-22.56150212428745,-22.758749010393043,,,,,,,,,,,,,,,,,,,,,,,,,,,,,,,,,,,,,,,,,,,,,,,,,,,200.82707290858613,2.0252876766562182,-0.6337303740895786,-0.5403982861125229,2.2977523209508166,,,,,,,,,,,,,,,,,,,,,,,,,,200.82707290858613,,,,,,,,,210.5551831729403,49.97085267713995,7.069006484446025,217.23451980314272,26.04697366790011,5.103623582113018,220.18422883516595,22.173755347203326,4.708901713478773,209.89314502601073,27.022229976558332,5.198291063085861,,,,"['u', 'g', 'r', 'i', 'z', 'y']","['g', 'r', 'i', 'z']",[215.29644363],[[7.11699347]],2.6677693818654444,,,,,,,,
46,deblcdouble103,06062026,8.096539150572495,1.1896174414662304,0.9936588640365364,0.2593169730397932,80.17329940450198,0.4508453859320492,0.7457936221886974,0.0452093301745336,0.1281981703481774,2,-0.5528027308984665,2.1802724082706453,0.3596712581622375,0.6637131091871952,2.8301539757605787,0.0,33.26585993953869,25.37909560031737,24.053594541101543,23.36440068139649,22.93878740184465,22.663807859743667,22.30406868026088,GAL-QSO-LENS_-0.0480_-0.0153,0.5893735957877878,1.961421367732976,-0.0480265534611222,-0.0153172550605054,-0.0540188189935716,0.0213239773998653,0.0068620560781943,-0.0306879826436105,0.0,0.0,0.0425769199903378,25.37909560031737,22.616992396931227,0.622122436302961,4.0,-0.0492813037205496,0.0117459129161686,-0.0480265534611222,-0.0153172550605054,-0.3818492791131619,-0.0589159368056818,0.6756442882195498,-0.4693027470038182,23.46922497473364,24.31675968733915,29.390675170685064,0.1778328402126697,1.0,-0.0301662667422136,-0.2215408049912401,-0.064405911429645,0.1171903033710898,24.053594541101543,22.58466036030937,0.622122436302961,4.0,-0.0492813037205496,0.0117459129161686,-0.0480265534611222,-0.0153172550605054,-0.3818492791131619,-0.0589159368056818,0.6756442882195498,-0.4693027470038182,22.14372391551781,22.99125862812332,28.638755199664296,0.1778328402126697,1.0,-0.0301662667422136,-0.2215408049912401,-0.064405911429645,0.1171903033710898,23.36440068139649,22.39905522718131,0.622122436302961,4.0,-0.0492813037205496,0.0117459129161686,-0.0480265534611222,-0.0153172550605054,-0.3818492791131619,-0.0589159368056818,0.6756442882195498,-0.4693027470038182,21.45453005581276,22.30206476841827,28.62362726703629,0.1778328402126697,1.0,-0.0301662667422136,-0.2215408049912401,-0.064405911429645,0.1171903033710898,22.93878740184465,21.89268784198884,0.622122436302961,4.0,-0.0492813037205496,0.0117459129161686,-0.0480265534611222,-0.0153172550605054,-0.3818492791131619,-0.0589159368056818,0.6756442882195498,-0.4693027470038182,21.02891677626092,21.87645148886643,28.50909283265393,0.1778328402126697,1.0,-0.0301662667422136,-0.2215408049912401,-0.064405911429645,0.1171903033710898,22.663807859743667,21.3233975729706,0.622122436302961,4.0,-0.0492813037205496,0.0117459129161686,-0.0480265534611222,-0.0153172550605054,-0.3818492791131619,-0.0589159368056818,0.6756442882195498,-0.4693027470038182,20.75393723415993,21.601471946765447,28.327882345893208,0.1778328402126697,1.0,-0.0301662667422136,-0.2215408049912401,-0.064405911429645,0.1171903033710898,22.30406868026088,20.982586542955783,0.622122436302961,4.0,-0.0492813037205496,0.0117459129161686,-0.0480265534611222,-0.0153172550605054,-0.3818492791131619,-0.0589159368056818,0.6756442882195498,-0.4693027470038182,20.394198054677148,21.24173276728266,28.16729472302019,0.1778328402126697,1.0,-0.0301662667422136,-0.2215408049912401,-0.064405911429645,0.1171903033710898,208.84547063026616,2.8301539757605787,-49.196272208270734,5.806952187778093,-15.930412268732042,-2.6603229755174835,2.0,0.0452093301745336,0.1281981703481774,0.4508453859320492,0.7457936221886974,0.3596712581622375,0.6637131091871952,0.8288921969640254,-0.0946546519812286,0.0,33.26585993953869,0.0314458279006106,-0.064405911429645,0.1171903033710898,-0.064405911429645,0.1171903033710898,28.50909283265393,8.599003890938054,8.096539150572495,-0.5814041270307093,21.87645148886643,21.87645148886643,1.3828097686407472,0.8902245702634434,1.453806940123887,0.9035621992318787,295190683338.2203,<slsim.Lenses.lens.Lens object at 0x7fad740a7b10>,-20.585525839510733,-21.91102689872656,-22.60022075843161,-23.02583403798345,-23.30081358008444,-23.660552759567224,,,,,,,,,,,,,,,,,,,,,,,,,,,,,,,,,,,,,,,,,,,,,,,,,,,33.26585993953869,2.551694163319997,-0.4386503008969039,-0.5528027308984665,2.1802724082706453,,,,,,,,,,,,,,,,,,,,,,,,,,33.26585993953869,,,,,,38.278078029353466,9.555172645616414,91.30132428753619,44.50295899335027,21.89750987907983,4.679477522018867,34.723459566459056,1.3603884933396944,1.1663569322208764,35.53726984208715,1.0659213230312279,1.0324346579959567,37.42246038958578,1.7293635970614039,1.3150526974465335,31.84316301021331,6.804283123076469,2.608502084161803,"['u', 'g', 'r', 'i', 'z', 'y']","['u', 'g', 'r', 'i', 'z', 'y']",[35.69548776],[[0.4073198]],0.6382161095804197,,,,,,,,
47,deblcquad345,06062026,7.7709375599880595,0.6413845271862552,0.4651109111766459,0.1603226740991421,19.82848651301424,0.4897335827081591,0.5069467445816579,0.0575508030737921,0.0652647865669848,4,-0.4663182161792009,1.960728498921109,0.3261226599591843,0.4158577076562526,2.549948046142513,0.0,3.8424337651899734,25.090530867600062,24.37101401453092,24.1408825074026,24.10174921187499,23.865430808453407,23.69091310181901,GAL-QSO-LENS_0.0320_0.0410,1.0821535376529243,1.8790036523378089,0.0319592399260543,0.0410306135881514,-0.0993958343613221,-0.0584067792299922,-0.0084883013404156,0.0497151657041597,0.0,0.0,0.0122027089415987,25.090530867600062,22.12689109543648,0.9497819990022424,4.0,-0.0255196478004925,-0.0062371763031982,0.0319592399260543,0.0410306135881514,-0.6216795865692553,1.1572012803365452,-1.0549970811871638,-0.2823961886652305,23.05944424998124,22.20581485516152,26.13578514336121,0.2246838155136979,1.0,0.0441151690428666,0.1486486525816529,0.0760373727818945,-0.1015120899350721,24.37101401453092,21.08587239418212,0.9497819990022424,4.0,-0.0255196478004925,-0.0062371763031982,0.0319592399260543,0.0410306135881514,-0.6216795865692553,1.1572012803365452,-1.0549970811871638,-0.2823961886652305,22.33992739691209,21.486298002092365,25.872091900383506,0.2246838155136979,1.0,0.0441151690428666,0.1486486525816529,0.0760373727818945,-0.1015120899350721,24.1408825074026,19.772438831252902,0.9497819990022424,4.0,-0.0255196478004925,-0.0062371763031982,0.0319592399260543,0.0410306135881514,-0.6216795865692553,1.1572012803365452,-1.0549970811871638,-0.2823961886652305,22.109795889783765,21.25616649496404,25.79068365818259,0.2246838155136979,1.0,0.0441151690428666,0.1486486525816529,0.0760373727818945,-0.1015120899350721,24.10174921187499,19.06503605065554,0.9497819990022424,4.0,-0.0255196478004925,-0.0062371763031982,0.0319592399260543,0.0410306135881514,-0.6216795865692553,1.1572012803365452,-1.0549970811871638,-0.2823961886652305,22.07066259425616,21.21703319943644,25.66127792463784,0.2246838155136979,1.0,0.0441151690428666,0.1486486525816529,0.0760373727818945,-0.1015120899350721,23.865430808453407,18.72449540584576,0.9497819990022424,4.0,-0.0255196478004925,-0.0062371763031982,0.0319592399260543,0.0410306135881514,-0.6216795865692553,1.1572012803365452,-1.0549970811871638,-0.2823961886652305,21.83434419083457,20.98071479601485,25.727886578572768,0.2246838155136979,1.0,0.0441151690428666,0.1486486525816529,0.0760373727818945,-0.1015120899350721,23.69091310181901,18.50667186516393,0.9497819990022424,4.0,-0.0255196478004925,-0.0062371763031982,0.0319592399260543,0.0410306135881514,-0.6216795865692553,1.1572012803365452,-1.0549970811871638,-0.2823961886652305,21.65982648420018,20.806197089380458,25.626452731782013,0.2246838155136979,1.0,0.0441151690428666,0.1486486525816529,0.0760373727818945,-0.1015120899350721,231.74338651793727,2.549948046142513,-42.813655493636105,6.492839195036332,-38.97122172844613,14.252347572911502,4.0,0.0575508030737921,0.0652647865669848,0.4897335827081591,0.5069467445816579,0.3261226599591843,0.4158577076562526,-0.9994512338121072,2.471795762640969,0.0,3.842433765189973,0.0504346008275842,0.0760373727818945,-0.1015120899350721,0.0760373727818945,-0.1015120899350721,25.66127792463784,12.78420290677117,7.7709375599880595,0.8126354754281137,21.21703319943644,21.120933076385164,-1.305163666465086,0.7932618442860188,-1.4509425178020303,0.9488033813422192,411214173895.0155,<slsim.Lenses.lens.Lens object at 0x7facc80821d0>,-20.702338252212414,-21.42185510528156,-21.651986612409885,-21.69111990793749,-21.927438311359072,-22.10195601799347,0.7999322487160454,-0.2887413319936686,-0.815062079030745,0.8135381355778714,22.10971473211024,24.07244480995547,0.7999322487160454,-0.2887413319936686,-0.815062079030745,0.8135381355778714,21.390197879041093,23.35292795688632,0.7999322487160454,-0.2887413319936686,-0.815062079030745,0.8135381355778714,21.16006637191277,23.122796449758,0.7999322487160454,-0.2887413319936686,-0.815062079030745,0.8135381355778714,21.120933076385164,23.0836631542304,0.7999322487160454,-0.2887413319936686,-0.815062079030745,0.8135381355778714,20.884614672963583,22.84734475080881,0.7999322487160454,-0.2887413319936686,-0.815062079030745,0.8135381355778714,20.710096966329186,22.67282704417441,-38.597816354609,-15.57135672876261,-18.09552494110784,-2.5540795692620497,0.0714516055299119,0.1355213395280775,0.572122875115912,0.7871736110302046,0.497291980412413,0.6609277963249428,1.474297875225465,0.8440992834650092,4.215839139027104,24.71813055252827,20.502291413501165,1.940535886050438,-0.2816067955133817,-0.4663182161792009,1.960728498921109,,,,,,,,,,,,,,,,,,,,,,,,,,3.8424337651899734,4.2158391390271035,24.718130552528265,0.37340537383713013,20.875696787338292,20.502291413501162,,,,,,,[-1.10658824  3.33794725 38.68299974  4.02331025 37.29752514 34.98529761],"[[ 8.5834344   2.27617393  4.83159347 -4.90968271 -2.75112063  2.48752768]
 [ 2.27617393  6.20265489  2.17185126  2.90260516  0.30852261 -3.02392673]
 [ 4.83159347  2.17185126 51.2543911  -2.50463755 37.30727752 42.11461567]
 [-4.90968271  2.90260516 -2.50463755  9.69104461  3.04553757 -5.68732689]
 [-2.75112063  0.30852261 37.30727752  3.04553757 47.22344406 35.7663748 ]
 [ 2.48752768 -3.02392673 42.11461567 -5.68732689 35.7663748  52.56650558]]",1.5064909390114785,,,,[ 0.24540112  0.29044869 41.84090938 -0.41101577 40.97377358 41.46801218],"[[ 9.15264208  3.09329728  4.2056783  -3.19304251 -2.6478027   0.35047901]
 [ 3.09329728  9.33531377  1.57880832  2.64528855 -2.00952197 -4.132649  ]
 [ 4.2056783   1.57880832 62.01119316 -2.33976396 35.3958245  37.53505344]
 [-3.19304251  2.64528855 -2.33976396  7.449952    1.74141407 -4.0129278 ]
 [-2.6478027  -2.00952197 35.3958245   1.74141407 45.96960427 34.00846431]
 [ 0.35047901 -4.132649   37.53505344 -4.0129278  34.00846431 47.81351765]]",1.5628788184654407,,,,"['u', 'g', 'r', 'i', 'z', 'y']","['r', 'z']",[-0.20520219  2.01365005 40.55611786  1.53889013 38.88392802 38.41408589],"[[ 4.34153362  1.37890518  2.25017747 -1.97873913 -1.3427178   0.67189653]
 [ 1.37890518  3.64071202  1.04212392  1.3510539  -0.29007649 -1.69534773]
 [ 2.25017747  1.04212392 26.79824417 -1.09989303 18.078822   19.82992173]
 [-1.97873913  1.3510539  -1.09989303  4.19274222  1.17714354 -2.34273927]
 [-1.3427178  -0.29007649 18.078822    1.17714354 23.16417618 17.38516636]
 [ 0.67189653 -1.69534773 19.82992173 -2.34273927 17.38516636 24.94960684]]",1.075779484200217,0.572122875115912,0.7871736110302046,0.0714516055299119,0.1355213395280775,0.497291980412413,0.6609277963249428,4.2158391390271035,24.718130552528265
48,deblcdouble121,06062026,8.170346374520419,0.6868859220235042,0.6129544640128521,0.4694715320393278,60.61924283283874,0.1665616101609718,0.8855634004205692,0.0107876177521009,0.3073110947160961,2,-0.5410251658664063,2.157190309810319,0.2505614969808194,1.3135125927804074,2.949039593301892,0.0,14.031559507731368,24.53872903775231,23.196308326532098,22.57948322884015,22.219465816580048,22.04722713785179,21.732369511859105,GAL-QSO-LENS_-0.0265_-0.0043,0.333940444764735,2.205568419420789,-0.0265116120856403,-0.0042697685154781,0.2334038969088909,0.0608692832583724,-0.0488529134057973,0.0317795160493876,0.0,0.0,-0.020874000117571,24.53872903775231,25.454139813522712,0.0818186649037473,4.0,0.1122352562983717,0.1601245994117959,-0.0265116120856403,-0.0042697685154781,0.1668471507889145,-0.1597911707819009,0.4856703034724048,-0.118581032277447,24.04024422692295,25.122627695680585,27.37173050473409,0.3051108107513452,1.0,-0.1858849560817317,0.2857994244505975,0.0793911219889842,0.1678577689546814,23.196308326532098,24.522480287544088,0.0818186649037473,4.0,0.1122352562983717,0.1601245994117959,-0.0265116120856403,-0.0042697685154781,0.1668471507889145,-0.1597911707819009,0.4856703034724048,-0.118581032277447,22.697823515702737,23.78020698446037,26.27379851916822,0.3051108107513452,1.0,-0.1858849560817317,0.2857994244505975,0.0793911219889842,0.1678577689546814,22.57948322884015,23.23715515486341,0.0818186649037473,4.0,0.1122352562983717,0.1601245994117959,-0.0265116120856403,-0.0042697685154781,0.1668471507889145,-0.1597911707819009,0.4856703034724048,-0.118581032277447,22.08099841801079,23.163381886768423,26.17472803382689,0.3051108107513452,1.0,-0.1858849560817317,0.2857994244505975,0.0793911219889842,0.1678577689546814,22.219465816580048,22.21978736825066,0.0818186649037473,4.0,0.1122352562983717,0.1601245994117959,-0.0265116120856403,-0.0042697685154781,0.1668471507889145,-0.1597911707819009,0.4856703034724048,-0.118581032277447,21.720981005750687,22.80336447450832,25.98691163940219,0.3051108107513452,1.0,-0.1858849560817317,0.2857994244505975,0.0793911219889842,0.1678577689546814,22.04722713785179,21.86095263786751,0.0818186649037473,4.0,0.1122352562983717,0.1601245994117959,-0.0265116120856403,-0.0042697685154781,0.1668471507889145,-0.1597911707819009,0.4856703034724048,-0.118581032277447,21.54874232702243,22.631125795780065,25.866225561156018,0.3051108107513452,1.0,-0.1858849560817317,0.2857994244505975,0.0793911219889842,0.1678577689546814,21.732369511859105,21.580515107093927,0.0818186649037473,4.0,0.1122352562983717,0.1601245994117959,-0.0265116120856403,-0.0042697685154781,0.1668471507889145,-0.1597911707819009,0.4856703034724048,-0.118581032277447,21.233884701029744,22.31626816978737,25.89414169496222,0.3051108107513452,1.0,-0.1858849560817317,0.2857994244505975,0.0793911219889842,0.1678577689546814,134.10799791447403,2.949039593301892,-15.169892600399807,1.582682951948166,-1.1383330926684387,-0.5840372358169559,2.0,0.0107876177521009,0.3073110947160961,0.1665616101609718,0.8855634004205692,0.2505614969808194,1.3135125927804074,-0.7425730589613349,-1.7191212965036229,0.0,14.031559507731368,0.0582798832236958,0.0793911219889842,0.1678577689546814,0.0793911219889842,0.1678577689546814,25.98691163940219,2.2459329930592613,8.170346374520419,0.1886220037213072,22.80336447450832,22.80336447450832,0.1275537080765664,0.6113303818821043,0.4797250778503495,0.672881541617772,49606236579.23363,<slsim.Lenses.lens.Lens object at 0x7fad5da86610>,-21.529603284495625,-22.87202399571584,-23.488849093407783,-23.84886650566789,-24.021105184396145,-24.335962810388832,,,,,,,,,,,,,,,,,,,,,,,,,,,,,,,,,,,,,,,,,,,,,,,,,,,14.031559507731368,2.065466370826797,-0.4830884450492577,-0.5410251658664063,2.157190309810319,,,,,,,,,,,,,,,,,,,,,,,,,,14.031559507731368,,,,,,,,,29.111394519037432,58.749930189580894,7.664850304446976,,,,27.916233199377714,92.84787145621326,9.635760035213272,15.241724511514395,55.345163907749836,7.439433036713876,,,,"['u', 'g', 'r', 'i', 'z', 'y']","['g', 'i', 'z']",[23.36618751],[[21.8054812]],4.6696339472834705,,,,,,,,
49,deblcdouble16,06062026,9.027756384531983,0.6823383485724627,0.8124751229558503,0.3753758313228225,49.439336138543496,0.1203387139590007,6.155401556050993,0.0076068161339186,2.516607586751108,2,-0.6403700773333798,2.402672104701887,0.2868783753668038,7.08872493609595,3.1620471255298086,0.0,35.6492091703941,22.5025746747002,21.251366507987942,20.74866178703363,20.4753588963086,20.426345192846767,20.217276372732066,GAL-QSO-LENS_-0.0359_-0.0009,0.3579577168011325,2.052664797959661,-0.0358967199917251,-0.000935597076555,-0.0314077206800242,0.1157511060464225,-0.0374214047883052,0.0133049114025863,0.0,0.0,-0.1028236495488713,22.5025746747002,25.141017622637,0.1951734642823081,4.0,-0.0020570818968121,0.1038476590120266,-0.0358967199917251,-0.000935597076555,-0.6300895522543533,-0.0094627077680334,0.2737391791710701,-0.0098237624054851,22.10206263452121,25.938155451091,25.47904351658645,0.5360406122731705,1.0,0.1622080423110118,0.0568473221539363,-0.4027010099336002,0.1406489738864376,21.251366507987942,24.921366959357883,0.1951734642823081,4.0,-0.0020570818968121,0.1038476590120266,-0.0358967199917251,-0.000935597076555,-0.6300895522543533,-0.0094627077680334,0.2737391791710701,-0.0098237624054851,20.850854467808965,24.686947284378743,23.731563501155293,0.5360406122731705,1.0,0.1622080423110118,0.0568473221539363,-0.4027010099336002,0.1406489738864376,20.74866178703363,23.961552302488705,0.1951734642823081,4.0,-0.0020570818968121,0.1038476590120266,-0.0358967199917251,-0.000935597076555,-0.6300895522543533,-0.0094627077680334,0.2737391791710701,-0.0098237624054851,20.34814974685465,24.184242563424423,23.456877259490422,0.5360406122731705,1.0,0.1622080423110118,0.0568473221539363,-0.4027010099336002,0.1406489738864376,20.4753588963086,22.956675707767985,0.1951734642823081,4.0,-0.0020570818968121,0.1038476590120266,-0.0358967199917251,-0.000935597076555,-0.6300895522543533,-0.0094627077680334,0.2737391791710701,-0.0098237624054851,20.07484685612961,23.9109396726994,23.250238296547167,0.5360406122731705,1.0,0.1622080423110118,0.0568473221539363,-0.4027010099336002,0.1406489738864376,20.426345192846767,22.2628270004028,0.1951734642823081,4.0,-0.0020570818968121,0.1038476590120266,-0.0358967199917251,-0.000935597076555,-0.6300895522543533,-0.0094627077680334,0.2737391791710701,-0.0098237624054851,20.025833152667783,23.861925969237564,23.076101992165228,0.5360406122731705,1.0,0.1622080423110118,0.0568473221539363,-0.4027010099336002,0.1406489738864376,20.217276372732066,22.006410557161026,0.1951734642823081,4.0,-0.0020570818968121,0.1038476590120266,-0.0358967199917251,-0.000935597076555,-0.6300895522543533,-0.0094627077680334,0.2737391791710701,-0.0098237624054851,19.816764332553085,23.652857149122863,23.03827990170616,0.5360406122731705,1.0,0.1622080423110118,0.0568473221539363,-0.4027010099336002,0.1406489738864376,148.03895123309908,3.1620471255298086,-25.00623135317608,1.4461216102079952,10.64297781721802,-0.0422442583017347,2.0,0.0076068161339186,2.516607586751108,0.1203387139590007,6.155401556050993,0.2868783753668038,7.08872493609595,2.3419602505213737,2.489718037845238,0.0,35.649209170394094,0.0397162712721231,-0.4027010099336002,0.1406489738864376,-0.4027010099336002,0.1406489738864376,23.250238296547167,1.4222208959394258,9.027756384531983,-0.9685356646039478,23.9109396726994,23.9109396726994,0.9178776034588662,0.7858155388195546,0.7953011931109887,0.8118107815387033,84341654464.69388,<slsim.Lenses.lens.Lens object at 0x7fad5d9fe550>,-23.73481049316648,-24.98601865987873,-25.48872338083305,-25.76202627155808,-25.81103997501992,-26.02010879513461,,,,,,,,,,,,,,,,,,,,,,,,,,,,,,,,,,,,,,,,,,,,,,,,,,,35.649209170394094,2.4958178490461105,-0.7152709994601509,-0.6403700773333798,2.402672104701887,,,,,,,,,,,,,,,,,,,,,,,,,,35.6492091703941,,,,,,,,,,,,,,,,,,18.316052001676592,61.469838533938024,7.840270310004498,,,,"['g', 'r', 'i', 'z', 'y']",['z'],[18.316052],[[61.46983853]],7.840270310004498,,,,,,,,
50,deblcdouble114,06062026,7.802744734101204,2.19297069094483,1.26689278388067,0.7092390561797908,4.976740303705353,0.2808812138447735,1.195697866108984,0.0203729821629309,0.2868920035004133,2,-0.5887396358415327,2.1723553543523204,0.3647702043263886,1.5398677951680548,3.25028437231165,0.0,410.84261928205785,26.037195740784647,24.044973535665275,23.2754922519852,22.91650497619776,22.7184932228909,22.53769741612978,GAL-QSO-LENS_0.0226_-0.0080,1.0944832744028925,2.137449826435103,0.0226308145710104,-0.0080394135564257,0.0154379049485992,0.0881757800887153,-0.0251562164368817,0.016020617041054,0.0,0.0,-0.0053554385783784,26.037195740784647,25.399176441023243,0.669833458042182,4.0,-0.0465446806244812,-0.0161990145755983,0.0226308145710104,-0.0080394135564257,1.4707095336584195,-0.3956823987708028,0.90099187969945,-0.2503992814209387,24.99823450070601,26.95693380151385,27.56622161231189,0.2722103123381773,1.0,0.2224748929499116,-0.0658293128454083,0.6422382537226664,0.3393878817170109,24.044973535665275,25.117977016984725,0.669833458042182,4.0,-0.0465446806244812,-0.0161990145755983,0.0226308145710104,-0.0080394135564257,1.4707095336584195,-0.3956823987708028,0.90099187969945,-0.2503992814209387,23.00601229558664,24.96471159639448,25.413245342226965,0.2722103123381773,1.0,0.2224748929499116,-0.0658293128454083,0.6422382537226664,0.3393878817170109,23.2754922519852,24.181777014656767,0.669833458042182,4.0,-0.0465446806244812,-0.0161990145755983,0.0226308145710104,-0.0080394135564257,1.4707095336584195,-0.3956823987708028,0.90099187969945,-0.2503992814209387,22.236531011906568,24.195230312714404,25.24359233095735,0.2722103123381773,1.0,0.2224748929499116,-0.0658293128454083,0.6422382537226664,0.3393878817170109,22.91650497619776,22.85399533489233,0.669833458042182,4.0,-0.0465446806244812,-0.0161990145755983,0.0226308145710104,-0.0080394135564257,1.4707095336584195,-0.3956823987708028,0.90099187969945,-0.2503992814209387,21.87754373611912,23.836243036926955,25.15233086696957,0.2722103123381773,1.0,0.2224748929499116,-0.0658293128454083,0.6422382537226664,0.3393878817170109,22.7184932228909,22.149685330977924,0.669833458042182,4.0,-0.0465446806244812,-0.0161990145755983,0.0226308145710104,-0.0080394135564257,1.4707095336584195,-0.3956823987708028,0.90099187969945,-0.2503992814209387,21.679531982812264,23.6382312836201,25.079618985779334,0.2722103123381773,1.0,0.2224748929499116,-0.0658293128454083,0.6422382537226664,0.3393878817170109,22.53769741612978,21.32844996188235,0.669833458042182,4.0,-0.0465446806244812,-0.0161990145755983,0.0226308145710104,-0.0080394135564257,1.4707095336584195,-0.3956823987708028,0.90099187969945,-0.2503992814209387,21.498736176051143,23.457435476858983,25.070617776417564,0.2722103123381773,1.0,0.2224748929499116,-0.0658293128454083,0.6422382537226664,0.3393878817170109,305.3972447918881,3.25028437231165,-399.3043543455001,2.603661348634549,11.538264936557752,-0.4286519223365228,2.0,0.0203729821629309,0.2868920035004133,0.2808812138447735,1.195697866108984,0.3647702043263886,1.5398677951680548,-2.1052874848461034,-2.1151086688062533,0.0,410.84261928205785,0.0298244093955831,0.6422382537226664,0.3393878817170109,0.6422382537226664,0.3393878817170109,25.15233086696957,3.217584583173005,7.802744734101204,0.0751591005141253,23.836243036926955,23.836243036926955,0.6987360275943781,0.8356757727410741,-1.4033362963466618,0.9060634502545462,817429953977.6364,<slsim.Lenses.lens.Lens object at 0x7fad9fca7350>,-20.265870620691896,-22.258092825811268,-23.02757410949134,-23.38656138527879,-23.584573138585643,-23.76536894534676,,,,,,,,,,,,,,,,,,,,,,,,,,,,,,,,,,,,,,,,,,,,,,,,,,,410.84261928205785,2.1151117489556506,-0.610494943360441,-0.5887396358415327,2.1723553543523204,,,,,,,,,,,,,,,,,,,,,,,,,,410.84261928205785,,,,,,,,,403.5601537418341,85.22929907798834,9.231971570471194,396.68337885598237,76.50693447784512,8.746824250997909,413.1804676885964,91.71454145379558,9.576770930423029,411.87705720361345,24.58496273806947,4.958322573014938,,,,"['g', 'r', 'i', 'z', 'y']","['g', 'r', 'i', 'z']",[408.18558985],[[13.0920158]],3.6182890713515032,,,,,,,,
51,deblcdouble97,06062026,8.362726949774622,0.796017053091693,1.3969898740285625,0.3449218622846365,5.748184595630248,0.3805260808501689,0.6879221661777438,0.0394413355871923,0.1191310207657506,2,-0.4988027380152529,2.2870057589145336,0.396228871998731,0.7322034782292038,4.244924239486442,0.0,18.695805311791332,29.01280204178342,25.237410336741032,23.51431141082773,22.9886024523281,22.79689408887488,22.71216333876896,GAL-QSO-LENS_-0.0030_-0.0222,0.4724177789012799,1.9788378461432417,-0.0029619570638443,-0.0222389770292574,0.0462503293340865,-0.1076463767516033,-0.0041521808725448,0.0248195878798396,0.0,0.0,-0.0461743769033228,29.01280204178342,26.534446457921447,0.4601896533705578,4.0,0.126364797356127,-0.0868919582752676,-0.0029619570638443,-0.0222389770292574,-0.0833823269397372,-0.2502116861250532,-0.5376016932045005,0.240736995109655,27.401673237862514,28.11829378620652,28.72007179084463,0.4636142753367084,1.0,0.484648579413075,0.0663222426447716,0.0271369182939197,-0.0837348790837974,25.237410336741032,26.31376815823148,0.4601896533705578,4.0,0.126364797356127,-0.0868919582752676,-0.0029619570638443,-0.0222389770292574,-0.0833823269397372,-0.2502116861250532,-0.5376016932045005,0.240736995109655,23.626281532820126,24.34290208116413,26.623679731771684,0.4636142753367084,1.0,0.484648579413075,0.0663222426447716,0.0271369182939197,-0.0837348790837974,23.51431141082773,25.90666950596476,0.4601896533705578,4.0,0.126364797356127,-0.0868919582752676,-0.0029619570638443,-0.0222389770292574,-0.0833823269397372,-0.2502116861250532,-0.5376016932045005,0.240736995109655,21.903182606906825,22.61980315525083,25.50105086747288,0.4636142753367084,1.0,0.484648579413075,0.0663222426447716,0.0271369182939197,-0.0837348790837974,22.9886024523281,24.57519945027612,0.4601896533705578,4.0,0.126364797356127,-0.0868919582752676,-0.0029619570638443,-0.0222389770292574,-0.0833823269397372,-0.2502116861250532,-0.5376016932045005,0.240736995109655,21.3774736484072,22.0940941967512,25.288263533432914,0.4636142753367084,1.0,0.484648579413075,0.0663222426447716,0.0271369182939197,-0.0837348790837974,22.79689408887488,23.9559823345102,0.4601896533705578,4.0,0.126364797356127,-0.0868919582752676,-0.0029619570638443,-0.0222389770292574,-0.0833823269397372,-0.2502116861250532,-0.5376016932045005,0.240736995109655,21.185765284953973,21.902385833297977,25.218177974044604,0.4636142753367084,1.0,0.484648579413075,0.0663222426447716,0.0271369182939197,-0.0837348790837974,22.71216333876896,23.235488372028705,0.4601896533705578,4.0,0.126364797356127,-0.0868919582752676,-0.0029619570638443,-0.0222389770292574,-0.0833823269397372,-0.2502116861250532,-0.5376016932045005,0.240736995109655,21.10103453484805,21.81765508319205,25.091738226348628,0.4636142753367084,1.0,0.484648579413075,0.0663222426447716,0.0271369182939197,-0.0837348790837974,194.8097991222546,4.244924239486442,-36.00894993100766,4.410131319680084,-17.31314461921633,-2.2793095084790886,2.0,0.0394413355871923,0.1191310207657506,0.3805260808501689,0.6879221661777438,0.396228871998731,0.7322034782292038,-0.2503255009288542,1.5183486910413089,0.0,18.69580531179133,0.0251645097016296,0.0271369182939197,-0.0837348790837974,0.0271369182939197,-0.0837348790837974,25.288263533432914,3.0182614574826525,8.362726949774622,0.2822671866187668,22.0940941967512,22.0940941967512,-0.5824965955532548,0.7902513290310923,-0.3011870901302603,0.7340689285665276,235267165898.4259,<slsim.Lenses.lens.Lens object at 0x7fad5da5d010>,-17.94313320817,-21.718524913212388,-23.44162383912569,-23.96733279762532,-24.15904116107854,-24.24377191118446,,,,,,,,,,,,,,,,,,,,,,,,,,,,,,,,,,,,,,,,,,,,,,,,,,,18.69580531179133,2.166699265462761,-0.4827716973331839,-0.4988027380152529,2.2870057589145336,,,,,,,,,,,,,,,,,,,,,,,,,,18.695805311791332,,,,,,,,,,,,,,,33.92464737157644,49.215918570532956,7.015405802270668,,,,,,,"['g', 'r', 'i', 'z', 'y']",['i'],[33.92464737],[[49.21591857]],7.015405802270668,,,,,,,,
52,deblcdouble77,06062026,8.748773470509143,1.170932265822527,0.4658756993280438,0.7843347326191296,79.57735900530976,0.2335795230351769,0.5941100297186523,0.0320566942381705,0.1635663709911946,2,-0.579877448231731,2.439850047133242,0.2983304107710434,0.929363438245632,4.021319118567221,0.0,19.40598452885139,25.739991493437653,22.60604370501796,21.2604409668345,20.91959423193363,20.74425009012862,20.640629934378097,GAL-QSO-LENS_-0.0441_-0.0058,0.5385761109606293,2.258518273505348,-0.0440644191382252,-0.0057530044402558,-0.0140455379433289,0.1361196961159081,-0.0152000600194357,-0.0502956337775563,0.0,0.0,0.0417879925206469,25.739991493437653,23.304487147355964,0.4718470811854697,4.0,-0.0218273890119848,0.0653891312928507,-0.0440644191382252,-0.0057530044402558,0.3449103863071676,-0.0908531383557846,-0.7176941322466801,0.36913268087379,24.983935082106925,25.35113741796601,28.81118200309144,0.4618576116264069,1.0,0.1325606345881765,0.1176479611286439,0.0452898498717653,-0.2370777802571904,22.60604370501796,22.39934040747765,0.4718470811854697,4.0,-0.0218273890119848,0.0653891312928507,-0.0440644191382252,-0.0057530044402558,0.3449103863071676,-0.0908531383557846,-0.7176941322466801,0.36913268087379,21.849987293687228,22.217189629546315,26.475538028013965,0.4618576116264069,1.0,0.1325606345881765,0.1176479611286439,0.0452898498717653,-0.2370777802571904,21.2604409668345,21.14376639211908,0.4718470811854697,4.0,-0.0218273890119848,0.0653891312928507,-0.0440644191382252,-0.0057530044402558,0.3449103863071676,-0.0908531383557846,-0.7176941322466801,0.36913268087379,20.504384555503773,20.87158689136286,25.604677710850787,0.4618576116264069,1.0,0.1325606345881765,0.1176479611286439,0.0452898498717653,-0.2370777802571904,20.91959423193363,20.457645447977583,0.4718470811854697,4.0,-0.0218273890119848,0.0653891312928507,-0.0440644191382252,-0.0057530044402558,0.3449103863071676,-0.0908531383557846,-0.7176941322466801,0.36913268087379,20.1635378206029,20.530740156461988,25.45278852946099,0.4618576116264069,1.0,0.1325606345881765,0.1176479611286439,0.0452898498717653,-0.2370777802571904,20.74425009012862,20.123768209444755,0.4718470811854697,4.0,-0.0218273890119848,0.0653891312928507,-0.0440644191382252,-0.0057530044402558,0.3449103863071676,-0.0908531383557846,-0.7176941322466801,0.36913268087379,19.98819367879789,20.35539601465698,25.25822508895107,0.4618576116264069,1.0,0.1325606345881765,0.1176479611286439,0.0452898498717653,-0.2370777802571904,20.640629934378097,19.900009261486023,0.4718470811854697,4.0,-0.0218273890119848,0.0653891312928507,-0.0440644191382252,-0.0057530044402558,0.3449103863071676,-0.0908531383557846,-0.7176941322466801,0.36913268087379,19.88457352304737,20.251775858906456,25.16145590633385,0.4618576116264069,1.0,0.1325606345881765,0.1176479611286439,0.0452898498717653,-0.2370777802571904,157.49735640394258,4.021319118567221,-26.901112299143147,2.006423309328125,-7.495127770291756,-1.4306771147376598,2.0,0.0320566942381705,0.1635663709911946,0.2335795230351769,0.5941100297186523,0.2983304107710434,0.929363438245632,0.9739916471092184,0.2310885143861116,0.0,19.40598452885139,0.0525422934566099,0.0452898498717653,-0.2370777802571904,0.0452898498717653,-0.2370777802571904,25.45278852946099,2.6204715805203507,8.748773470509143,0.1624403855832209,20.530740156461988,20.530740156461988,0.8368088185289241,0.7592587671426443,0.9464868304214836,0.871019389628944,111302939626.0062,<slsim.Lenses.lens.Lens object at 0x7fad50091910>,-21.051259562416192,-24.18520735083589,-25.530810089019344,-25.87165682392021,-26.047000965725225,-26.150621121475748,,,,,,,,,,,,,,,,,,,,,,,,,,,,,,,,,,,,,,,,,,,,,,,,,,,19.40598452885139,2.134407539890558,-0.7024659997440068,-0.579877448231731,2.439850047133242,,,,,,,,,,,,,,,,,,,,,,,,,,19.40598452885139,,,,,,,,,19.625467425821977,71.98566969264473,8.484436910758706,23.410680494277507,2.304510729852743,1.5180615039756271,18.506927336329994,1.4466844525184943,1.202781963831556,20.63088392085433,1.7909453541711602,1.3382620648330281,19.520693122890076,5.834427297687253,2.41545591921841,"['g', 'r', 'i', 'z', 'y']","['g', 'r', 'i', 'z', 'y']",[20.38144156],[[0.53509709]],0.7315033066525353,,,,,,,,
53,deblcdouble85,06062026,7.53240097744133,2.4631917973823354,1.2053483426695624,0.3562943585771891,12.738735733230625,0.3721820468727037,0.8758353277788892,0.0399708563370208,0.1800358288416947,2,-0.3837180218837712,2.4230027514697348,0.324009406168864,0.7866888581231014,3.351690758197104,0.0,273.68628310275216,27.55666140091544,25.503025656524866,24.7381700029308,24.426626356214904,24.221265429017283,24.066257475434767,GAL-QSO-LENS_-0.0140_0.0311,1.355528735688821,1.9032602820354048,-0.0140291396252566,0.0310956979355413,0.1008000627219553,0.1211907676605638,-0.0454588531939231,0.0327347239906667,0.0,0.0,-0.0039249615563741,27.55666140091544,22.44709431463666,0.9010856990090692,4.0,-0.0517444247716444,0.0222216742606547,-0.0140291396252566,0.0310956979355413,-1.1320259780202253,0.8034347184643884,1.4153938178922951,-0.1081893675803306,26.209556829839503,27.008287108541825,29.00744087572609,0.2180553200295316,1.0,-0.052151281667498,-0.1558927808680125,-0.3705935797348592,0.2180164811998731,25.503025656524866,22.35673153340748,0.9010856990090692,4.0,-0.0517444247716444,0.0222216742606547,-0.0140291396252566,0.0310956979355413,-1.1320259780202253,0.8034347184643884,1.4153938178922951,-0.1081893675803306,24.155921085448927,24.95465136415125,26.43149448144669,0.2180553200295316,1.0,-0.052151281667498,-0.1558927808680125,-0.3705935797348592,0.2180164811998731,24.7381700029308,22.23417391659929,0.9010856990090692,4.0,-0.0517444247716444,0.0222216742606547,-0.0140291396252566,0.0310956979355413,-1.1320259780202253,0.8034347184643884,1.4153938178922951,-0.1081893675803306,23.391065431854862,24.18979571055719,26.13239727164666,0.2180553200295316,1.0,-0.052151281667498,-0.1558927808680125,-0.3705935797348592,0.2180164811998731,24.426626356214904,21.8634535567811,0.9010856990090692,4.0,-0.0517444247716444,0.0222216742606547,-0.0140291396252566,0.0310956979355413,-1.1320259780202253,0.8034347184643884,1.4153938178922951,-0.1081893675803306,23.07952178513897,23.87825206384129,26.046055908610025,0.2180553200295316,1.0,-0.052151281667498,-0.1558927808680125,-0.3705935797348592,0.2180164811998731,24.221265429017283,21.32668829710573,0.9010856990090692,4.0,-0.0517444247716444,0.0222216742606547,-0.0140291396252566,0.0310956979355413,-1.1320259780202253,0.8034347184643884,1.4153938178922951,-0.1081893675803306,22.874160857941348,23.67289113664367,25.95915080413068,0.2180553200295316,1.0,-0.052151281667498,-0.1558927808680125,-0.3705935797348592,0.2180164811998731,24.066257475434767,20.804589209416573,0.9010856990090692,4.0,-0.0517444247716444,0.0222216742606547,-0.0140291396252566,0.0310956979355413,-1.1320259780202253,0.8034347184643884,1.4153938178922951,-0.1081893675803306,22.71915290435884,23.517883183061155,25.87717283340897,0.2180553200295316,1.0,-0.052151281667498,-0.1558927808680125,-0.3705935797348592,0.2180164811998731,328.9735492320658,3.351690758197104,-320.0666124128681,3.4581340843513746,-46.380329310115926,-1.6571038142287529,2.0,0.0399708563370208,0.1800358288416947,0.3721820468727037,0.8758353277788892,0.324009406168864,0.7866888581231014,1.5291968124438569,2.8044888042395177,0.0,273.68628310275216,0.0560184745280678,-0.3705935797348592,0.2180164811998731,-0.3705935797348592,0.2180164811998731,26.046055908610025,7.953702359950871,7.53240097744133,0.3405321622534426,23.87825206384129,23.87825206384129,0.438497476094471,0.7276647151420587,1.3679791777952286,0.8933760558937752,919617985015.2216,<slsim.Lenses.lens.Lens object at 0x7fad9fc794d0>,-18.835307581068733,-20.88894332545931,-21.65379897905337,-21.965342625769267,-22.17070355296689,-22.325711506549403,,,,,,,,,,,,,,,,,,,,,,,,,,,,,,,,,,,,,,,,,,,,,,,,,,,273.68628310275216,2.47037734507392,-0.3884197453489459,-0.3837180218837712,2.4230027514697348,,,,,,,,,,,,,,,,,,,,,,,,,,273.68628310275216,,,,,,,,,,,,259.53258881529564,52.836588291728646,7.268878062791303,,,,,,,,,,"['g', 'r', 'i', 'z']",['r'],[259.53258882],[[52.83658829]],7.268878062791303,,,,,,,,
54,deblcquad175,06062026,7.829774788762868,0.5574741850727498,1.5598973943696377,0.2264414325167645,49.62389466364247,0.2926306819808948,0.3009074685392153,0.0338836620081252,0.0340424167043503,4,-0.3138660485631235,2.229463689262005,0.4713635961975629,0.4673140010819635,4.141044049551062,0.0,0.861564423716942,29.92630768117568,26.40267143919112,25.035845911256285,24.65994294148044,24.671653348686483,24.50843349321697,GAL-QSO-LENS_-0.0097_0.0372,0.5207051119831339,2.0740748626446366,-0.0097024506482046,0.0371944176874226,-0.2403910222300676,0.033786059235797,-0.016584241517087,-0.0065523494659866,0.0,0.0,-0.0818567665823964,29.92630768117568,25.651295484101308,0.4510377273560752,4.0,-0.242039413488427,0.0553004828447601,-0.0097024506482046,0.0371944176874226,0.4862417841689586,-0.4666627052172717,0.1532969904617925,0.258876755312509,28.53715253864864,28.50611555146512,29.252415853322034,0.3217549516236594,1.0,0.0925823177409933,0.0381016212451324,-0.0032249878783723,0.0813752636946938,26.40267143919112,25.499028921496336,0.4510377273560752,4.0,-0.242039413488427,0.0553004828447601,-0.0097024506482046,0.0371944176874226,0.4862417841689586,-0.4666627052172717,0.1532969904617925,0.258876755312509,25.01351629666408,24.98247930948056,27.016095640905235,0.3217549516236594,1.0,0.0925823177409933,0.0381016212451324,-0.0032249878783723,0.0813752636946938,25.035845911256285,25.296859498162565,0.4510377273560752,4.0,-0.242039413488427,0.0553004828447601,-0.0097024506482046,0.0371944176874226,0.4862417841689586,-0.4666627052172717,0.1532969904617925,0.258876755312509,23.646690768729243,23.615653781545728,26.07963994314997,0.3217549516236594,1.0,0.0925823177409933,0.0381016212451324,-0.0032249878783723,0.0813752636946938,24.65994294148044,24.559455340235925,0.4510377273560752,4.0,-0.242039413488427,0.0553004828447601,-0.0097024506482046,0.0371944176874226,0.4862417841689586,-0.4666627052172717,0.1532969904617925,0.258876755312509,23.2707877989534,23.23975081176988,26.01756282090209,0.3217549516236594,1.0,0.0925823177409933,0.0381016212451324,-0.0032249878783723,0.0813752636946938,24.671653348686483,23.86429028653946,0.4510377273560752,4.0,-0.242039413488427,0.0553004828447601,-0.0097024506482046,0.0371944176874226,0.4862417841689586,-0.4666627052172717,0.1532969904617925,0.258876755312509,23.28249820615944,23.25146121897593,25.895394392709328,0.3217549516236594,1.0,0.0925823177409933,0.0381016212451324,-0.0032249878783723,0.0813752636946938,24.50843349321697,23.36723327937383,0.4510377273560752,4.0,-0.242039413488427,0.0553004828447601,-0.0097024506482046,0.0371944176874226,0.4862417841689586,-0.4666627052172717,0.1532969904617925,0.258876755312509,23.119278350689925,23.08824136350641,25.83845248878079,0.3217549516236594,1.0,0.0925823177409933,0.0381016212451324,-0.0032249878783723,0.0813752636946938,216.71071903183963,4.141044049551062,-53.34261019407288,3.594695077995026,-52.48104577035594,3.698936296271727,4.0,0.0338836620081252,0.0340424167043503,0.2926306819808948,0.3009074685392153,0.4713635961975629,0.4673140010819635,-2.697119304307849,2.290244643228996,0.0,0.861564423716942,0.0178317231422397,-0.0032249878783723,0.0813752636946938,-0.0032249878783723,0.0813752636946938,26.01756282090209,3.9198996716992216,7.829774788762868,0.3569505008625918,23.23975081176988,23.395271994951592,1.5009804963575382,0.6093293932621314,1.458485527630507,0.6022091243080715,330245891877.9755,<slsim.Lenses.lens.Lens object at 0x7fad50091010>,-16.94956489027866,-20.47320113226322,-21.840026660198053,-22.2159296299739,-22.20421922276785,-22.36743907823737,0.0243614552431137,-0.0530850768337256,0.5228327002478338,-0.3733974963687129,28.66163673464684,29.40914042000093,0.0243614552431137,-0.0530850768337256,0.5228327002478338,-0.3733974963687129,25.13800049266227,25.88550417801637,0.0243614552431137,-0.0530850768337256,0.5228327002478338,-0.3733974963687129,23.77117496472744,24.518678650081537,0.0243614552431137,-0.0530850768337256,0.5228327002478338,-0.3733974963687129,23.395271994951592,24.14277568030569,0.0243614552431137,-0.0530850768337256,0.5228327002478338,-0.3733974963687129,23.40698240215764,24.15448608751173,0.0243614552431137,-0.0530850768337256,0.5228327002478338,-0.3733974963687129,23.24376254668812,23.99126623204221,-46.87501703615597,-3.205297749469177,-34.48178200949053,-1.6101521062511803,0.0926198946480902,0.1248859779869322,0.5674732377423005,0.6922982821183823,0.706443838403158,0.8460139977859047,-0.1525261928671827,-0.22365614762961,6.467593157916916,18.86082818458236,12.393235026665444,2.2102943047159487,-0.371810542631916,-0.3138660485631235,2.229463689262005,,,,,,,,,,,,,,,,,,,,,,,,,,0.861564423716942,6.467593157916916,18.860828184582353,5.606028734199974,17.99926376086541,12.393235026665437,,,,,,,[ 3.94964468  5.0723132  24.77022494 -0.67245391 19.057679   19.57917079],"[[ 24.86981946   9.97863808  10.73172029  -9.8450302  -11.04993272
   -0.80461142]
 [  9.97863808  16.91190161  10.54930462   3.98962624  -0.5376541
   -4.49026121]
 [ 10.73172029  10.54930462  36.82297636   0.43056456  19.84884857
   18.74066031]
 [ -9.8450302    3.98962624   0.43056456  17.48045379  11.86289895
   -4.00336277]
 [-11.04993272  -0.5376541   19.84884857  11.86289895  37.9930206
   19.8990138 ]
 [ -0.80461142  -4.49026121  18.74066031  -4.00336277  19.8990138
   27.42748881]]",2.014216388603966,[12.27498517  7.76957177 22.53121987 -7.21103287  8.79568854 15.93738147],"[[ 54.10906343  22.66244159  26.81273908 -13.67813838 -14.16607437
    0.49278859]
 [ 22.66244159  32.61755405  23.53776138   6.5611366   -0.42348072
   -5.56380347]
 [ 26.81273908  23.53776138  64.1163875   -0.99989935  22.46753404
   21.75849028]
 [-13.67813838   6.5611366   -0.99989935  22.62981663  13.44748218
   -6.76674617]
 [-14.16607437  -0.42348072  22.46753404  13.44748218  55.96195292
   21.31062301]
 [  0.49278859  -5.56380347  21.75849028  -6.76674617  21.31062301
   37.02656293]]",2.5498709177021754,,,,,,,"['g', 'r', 'i', 'z', 'y']","['r', 'i']",[ 7.07501074  5.97284602 23.37657621 -3.63389639 14.40477227 17.76256573],"[[16.75381984  6.90092275  7.86653423 -5.61348411 -6.18179036 -0.19075545]
 [ 6.90092275 11.09391427  7.36632953  2.4901597  -0.18997511 -2.51820351]
 [ 7.86653423  7.36632953 22.96299042 -0.03986636 10.68650835 10.19755492]
 [-5.61348411  2.4901597  -0.03986636  9.81703831  6.3178113  -2.58358693]
 [-6.18179036 -0.18997511 10.68650835  6.3178113  21.88791634 10.56851393]
 [-0.19075545 -2.51820351 10.19755492 -2.58358693 10.56851393 15.62489367]]",1.5714896751841059,0.5674732377423005,0.6922982821183823,0.0926198946480902,0.1248859779869322,0.706443838403158,0.8460139977859047,6.467593157916916,18.860828184582353
55,deblcdouble13,06062026,7.166204322171568,0.9566417490195894,1.1473747054139667,0.5531554016371888,81.00181678434494,0.2621507700019511,0.4282050316589505,0.0364633543296022,0.0732795716432687,2,-0.5176672812190795,2.3604372893114527,0.4067218710490703,0.6560002630629614,3.0036373169213504,0.0,25.51814569041734,26.50577242922927,25.24703872757438,24.77953293521786,24.59981636302169,24.55319301041565,24.31532295453004,GAL-QSO-LENS_0.0069_-0.0371,0.4640540579074064,2.201129944588401,0.0068685565276626,-0.0370548147688266,0.1693848389662076,-0.1020405819568176,0.0008685943838311,-0.0103119626270896,0.0,0.0,0.0198201257156245,26.50577242922927,25.03111000695388,0.573278603358068,4.0,0.0058791847028005,0.0033387364809642,0.0068685565276626,-0.0370548147688266,-0.0930528951272702,-0.0619681674952565,-0.6055931043937534,0.3505434840052591,25.45236703312695,24.04193578559906,27.19549343987952,0.1947346937012783,1.0,0.182835236133782,0.0238101234941512,-0.0095752636666924,-0.1446373414357692,25.24703872757438,24.85674269989213,0.573278603358068,4.0,0.0058791847028005,0.0033387364809642,0.0068685565276626,-0.0370548147688266,-0.0930528951272702,-0.0619681674952565,-0.6055931043937534,0.3505434840052591,24.19363333147206,22.78320208394417,25.97057378855844,0.1947346937012783,1.0,0.182835236133782,0.0238101234941512,-0.0095752636666924,-0.1446373414357692,24.77953293521786,24.24338700338688,0.573278603358068,4.0,0.0058791847028005,0.0033387364809642,0.0068685565276626,-0.0370548147688266,-0.0930528951272702,-0.0619681674952565,-0.6055931043937534,0.3505434840052591,23.72612753911553,22.31569629158765,25.91088342775042,0.1947346937012783,1.0,0.182835236133782,0.0238101234941512,-0.0095752636666924,-0.1446373414357692,24.59981636302169,23.40074257158524,0.573278603358068,4.0,0.0058791847028005,0.0033387364809642,0.0068685565276626,-0.0370548147688266,-0.0930528951272702,-0.0619681674952565,-0.6055931043937534,0.3505434840052591,23.54641096691937,22.13597971939148,25.78951458902337,0.1947346937012783,1.0,0.182835236133782,0.0238101234941512,-0.0095752636666924,-0.1446373414357692,24.55319301041565,22.59647683459656,0.573278603358068,4.0,0.0058791847028005,0.0033387364809642,0.0068685565276626,-0.0370548147688266,-0.0930528951272702,-0.0619681674952565,-0.6055931043937534,0.3505434840052591,23.49978761431333,22.08935636678544,25.69987343714828,0.1947346937012783,1.0,0.182835236133782,0.0238101234941512,-0.0095752636666924,-0.1446373414357692,24.31532295453004,22.00055317512136,0.573278603358068,4.0,0.0058791847028005,0.0033387364809642,0.0068685565276626,-0.0370548147688266,-0.0930528951272702,-0.0619681674952565,-0.6055931043937534,0.3505434840052591,23.26191755842772,21.851486310899823,25.758763361279293,0.1947346937012783,1.0,0.182835236133782,0.0238101234941512,-0.0095752636666924,-0.1446373414357692,194.2542968276316,3.0036373169213504,-53.84451305742,2.638530741116434,-28.32636736700266,-9.672409110707326,2.0,0.0364633543296022,0.0732795716432687,0.2621507700019511,0.4282050316589505,0.4067218710490703,0.6560002630629614,-0.3783437034684603,0.3062767324548887,0.0,25.51814569041734,0.0103484795707445,-0.0095752636666924,-0.1446373414357692,-0.0095752636666924,-0.1446373414357692,25.78951458902337,5.089983526963588,7.166204322171568,-0.7896331056015433,22.13597971939148,22.13597971939148,-0.2710980021373469,0.6698030306002215,0.2582376587450706,0.9865686838032393,233879818273.99213,<slsim.Lenses.lens.Lens object at 0x7fad9fcb5850>,-19.61514142113372,-20.873875122788608,-21.34138091514513,-21.521097487341297,-21.56772083994733,-21.80559089583295,,,,,,,,,,,,,,,,,,,,,,,,,,,,,,,,,,,,,,,,,,,,,,,,,,,25.51814569041734,2.21786485460511,-0.3982830483460008,-0.5176672812190795,2.3604372893114527,,,,,,,,,,,,,,,,,,,,,,,,,,25.51814569041734,,,,,,,,,,,,36.00429415040216,80.13296788669602,8.951701954751176,44.14231994831762,40.13557432452613,6.335264345276062,,,,,,,"['g', 'r', 'i']","['r', 'i']",[41.42652799],[[26.74167849]],5.171235683234906,,,,,,,,
56,deblcdouble131,06062026,6.246710726591368,0.7662890426966563,0.5687227485081102,0.961336921767532,15.076169907101091,0.4240788591834139,0.9562746337405972,0.0421653646454974,0.217857867805602,2,-0.3367809201538264,2.2486772509976527,0.3628806743952467,0.8179340293248422,1.4155067941936823,0.0,13.284673673778347,25.36905244391184,25.17137829200046,24.63031746751325,24.42490122647885,24.34705902330512,24.375509206696787,GAL-QSO-LENS_0.0186_0.0441,0.3965482264650337,1.912854392334821,0.0186291483418651,0.0440668882670087,0.022734504204617,0.0418655364140139,-0.0165139384626393,0.0058712097074045,0.0,0.0,-0.0016238239689815,25.36905244391184,22.98242633765805,0.3772047217050004,4.0,0.0213750393991661,0.0626406162132608,0.0186291483418651,0.0440668882670087,-0.4330474749654923,0.2153322155354838,-0.2581329780076192,0.1502818526521115,23.62164250618822,24.92953658023093,27.468852765822604,0.2835038908559959,1.0,0.5275841396165211,-0.1800074209386223,-0.1078263853500242,-0.0281245280183777,25.17137829200046,22.637620614046515,0.3772047217050004,4.0,0.0213750393991661,0.0626406162132608,0.0186291483418651,0.0440668882670087,-0.4330474749654923,0.2153322155354838,-0.2581329780076192,0.1502818526521115,23.42396835427684,24.73186242831955,27.23805270983648,0.2835038908559959,1.0,0.5275841396165211,-0.1800074209386223,-0.1078263853500242,-0.0281245280183777,24.63031746751325,21.750490431562856,0.3772047217050004,4.0,0.0213750393991661,0.0626406162132608,0.0186291483418651,0.0440668882670087,-0.4330474749654923,0.2153322155354838,-0.2581329780076192,0.1502818526521115,22.88290752978964,24.190801603832345,27.14348725366981,0.2835038908559959,1.0,0.5275841396165211,-0.1800074209386223,-0.1078263853500242,-0.0281245280183777,24.42490122647885,20.90049138051364,0.3772047217050004,4.0,0.0213750393991661,0.0626406162132608,0.0186291483418651,0.0440668882670087,-0.4330474749654923,0.2153322155354838,-0.2581329780076192,0.1502818526521115,22.67749128875523,23.985385362797945,26.80444971945939,0.2835038908559959,1.0,0.5275841396165211,-0.1800074209386223,-0.1078263853500242,-0.0281245280183777,24.34705902330512,20.549917825311493,0.3772047217050004,4.0,0.0213750393991661,0.0626406162132608,0.0186291483418651,0.0440668882670087,-0.4330474749654923,0.2153322155354838,-0.2581329780076192,0.1502818526521115,22.5996490855815,23.90754315962421,26.512061388698875,0.2835038908559959,1.0,0.5275841396165211,-0.1800074209386223,-0.1078263853500242,-0.0281245280183777,24.375509206696787,20.2955021351922,0.3772047217050004,4.0,0.0213750393991661,0.0626406162132608,0.0186291483418651,0.0440668882670087,-0.4330474749654923,0.2153322155354838,-0.2581329780076192,0.1502818526521115,22.62809926897317,23.93599334301588,25.992359664136018,0.2835038908559959,1.0,0.5275841396165211,-0.1800074209386223,-0.1078263853500242,-0.0281245280183777,166.099779388781,1.4155067941936823,-14.222355166169892,4.9999305862154495,-0.9376814923915464,-1.4990162660639863,2.0,0.0421653646454974,0.217857867805602,0.4240788591834139,0.9562746337405972,0.3628806743952467,0.8179340293248422,-2.011188452941453,-2.1716692177191947,0.0,13.284673673778348,0.0175265874309906,-0.1078263853500242,-0.0281245280183777,-0.1078263853500242,-0.0281245280183777,26.80444971945939,3.67088144469974,6.246710726591368,0.9276365076784808,23.985385362797945,23.985385362797945,0.5366576379074028,0.909052513440146,0.6209765432390177,0.8758432757126735,137284714703.88403,<slsim.Lenses.lens.Lens object at 0x7fad5d9ff510>,-18.88422570584644,-19.081899857757826,-19.622960682245026,-19.82837692327943,-19.90621912645316,-19.877768943061493,,,,,,,,,,,,,,,,,,,,,,,,,,,,,,,,,,,,,,,,,,,,,,,,,,,13.284673673778348,1.841692096900812,-0.3687642625912533,-0.3367809201538264,2.2486772509976527,,,,,,,,,,,,,,,,,,,,,,,,,,13.284673673778347,,,,,,,,,,,,12.097418618643072,50.195385907114414,7.084870211028175,13.742922495545098,41.88950843705044,6.472210475336107,6.25986973598707,53.57190088401273,7.3192828121348565,,,,"['g', 'r', 'i', 'z']","['r', 'i', 'z']",[10.98176824],[[16.0099959]],4.001249291787026,,,,,,,,
57,deblcdouble110,06062026,8.132308388851165,2.0321203221792326,0.840771659131207,0.4904875332174823,82.01656000682028,0.3852011503114398,1.1026785654740308,0.0214397976309104,0.1812952440698901,2,-0.4890404940480019,2.197683821523654,0.3302889456418065,0.9094865863206792,3.8224508766126943,0.0,130.79553251134894,27.760150527881525,24.66335832397666,23.234943502075247,22.848558438388807,22.644114291384103,22.558950290570884,GAL-QSO-LENS_0.0520_0.0016,1.1174214346118234,1.8684148992941343,0.0520418182823105,0.0016185064437276,-0.0799832808839172,0.0716874156864286,-0.0116101505395191,-0.0318199224993816,0.0,0.0,-0.0217121417799527,27.760150527881525,24.51064686814428,0.8127435452104906,4.0,0.0049715055665482,0.0119725497936335,0.0520418182823105,0.0016185064437276,1.5675529753869573,-0.3718621550207897,0.3005461222867329,-0.3062338672970784,26.334074387856067,27.540204497451363,27.69894868721616,0.2826027138672087,1.0,-0.0183690779417425,0.0575286668523319,0.450972893565528,0.201884693613914,24.66335832397666,23.8603902714188,0.8127435452104906,4.0,0.0049715055665482,0.0119725497936335,0.0520418182823105,0.0016185064437276,1.5675529753869573,-0.3718621550207897,0.3005461222867329,-0.3062338672970784,23.2372821839512,24.443412293546498,25.19506604494336,0.2826027138672087,1.0,-0.0183690779417425,0.0575286668523319,0.450972893565528,0.201884693613914,23.234943502075247,22.306510066612407,0.8127435452104906,4.0,0.0049715055665482,0.0119725497936335,0.0520418182823105,0.0016185064437276,1.5675529753869573,-0.3718621550207897,0.3005461222867329,-0.3062338672970784,21.80886736204979,23.014997471645085,24.632628285263536,0.2826027138672087,1.0,-0.0183690779417425,0.0575286668523319,0.450972893565528,0.201884693613914,22.848558438388807,21.21114500870588,0.8127435452104906,4.0,0.0049715055665482,0.0119725497936335,0.0520418182823105,0.0016185064437276,1.5675529753869573,-0.3718621550207897,0.3005461222867329,-0.3062338672970784,21.42248229836335,22.628612407958645,24.64120736682011,0.2826027138672087,1.0,-0.0183690779417425,0.0575286668523319,0.450972893565528,0.201884693613914,22.644114291384103,20.4055699050602,0.8127435452104906,4.0,0.0049715055665482,0.0119725497936335,0.0520418182823105,0.0016185064437276,1.5675529753869573,-0.3718621550207897,0.3005461222867329,-0.3062338672970784,21.21803815135865,22.424168260953945,24.550408141059783,0.2826027138672087,1.0,-0.0183690779417425,0.0575286668523319,0.450972893565528,0.201884693613914,22.558950290570884,20.13325493478916,0.8127435452104906,4.0,0.0049715055665482,0.0119725497936335,0.0520418182823105,0.0016185064437276,1.5675529753869573,-0.3718621550207897,0.3005461222867329,-0.3062338672970784,21.132874150545423,22.33900426014072,24.52195081373856,0.2826027138672087,1.0,-0.0183690779417425,0.0575286668523319,0.450972893565528,0.201884693613914,256.56693282699547,3.8224508766126943,-128.701420080464,3.719036631050728,2.094112430884936,-1.2245553277876278,2.0,0.0214397976309104,0.1812952440698901,0.3852011503114398,1.1026785654740308,0.3302889456418065,0.9094865863206792,-2.655717648168494,-1.8664312237533904,0.0,130.79553251134894,0.0338718624143543,0.450972893565528,0.201884693613914,0.450972893565528,0.201884693613914,24.64120736682011,6.105756587998482,8.132308388851165,-0.2665756752639912,22.628612407958645,22.628612407958645,1.2054183006876762,0.8060196142397379,0.5886098673752386,0.9744043910667262,539096438138.3989,<slsim.Lenses.lens.Lens object at 0x7fad5da65e50>,-18.89953821326177,-21.996330417166632,-23.424745239068045,-23.811130302754485,-24.015574449759185,-24.100738450572408,,,,,,,,,,,,,,,,,,,,,,,,,,,,,,,,,,,,,,,,,,,,,,,,,,,130.79553251134894,1.7359198572603296,-0.482351261600476,-0.4890404940480019,2.197683821523654,,,,,,,,,,,,,,,,,,,,,,,,,,130.79553251134894,,,,,,,,,,,,129.0906328447619,38.552358585998505,6.209054564585377,128.02061080319865,44.49824314885784,6.670700349203061,131.0925660226822,25.769211338229205,5.076338379011904,,,,"['g', 'r', 'i', 'z', 'y']","['r', 'i', 'z']",[129.70565392],[[11.46558273]],3.3860866389603874,,,,,,,,
58,deblcdouble30,06062026,8.190819944477344,2.934175414053127,1.1559827573885932,0.8155870527579308,2.252892473320781,0.2088308537454978,1.292535888903367,0.0156331972423837,0.2406820443317729,2,-0.5601151324250533,2.035607925211021,0.3036186149791555,2.049356957933481,3.650815345617704,0.0,675.497300553193,26.67122130791959,23.898214055989182,22.5576752277358,22.024385669490577,21.650981820578192,21.46168662010089,GAL-QSO-LENS_-0.0372_0.0414,1.4314503382518131,2.236677648267069,-0.0371627234352233,0.0413866340908319,-0.1177242078174982,-0.0028042637723808,0.0454133166412441,0.1456683967516812,0.0,0.0,-0.0136232945872048,26.67122130791959,23.738090960016777,1.049710208367847,4.0,-0.0515717922134835,0.0139815569871912,-0.0371627234352233,0.0413866340908319,0.8752919786122784,-0.01083238714085,2.2435336795840093,-0.5536379220258122,25.989595227298885,28.20695768601657,30.40902890314984,0.191110220399044,1.0,-0.3157891605118701,-0.6479938651649858,-0.0135659090894944,1.1244884449459975,23.898214055989182,23.604331943218256,1.049710208367847,4.0,-0.0515717922134835,0.0139815569871912,-0.0371627234352233,0.0413866340908319,0.8752919786122784,-0.01083238714085,2.2435336795840093,-0.5536379220258122,23.21658797536848,25.433950434086167,27.876935815562423,0.191110220399044,1.0,-0.3157891605118701,-0.6479938651649858,-0.0135659090894944,1.1244884449459975,22.5576752277358,22.96716029738225,1.049710208367847,4.0,-0.0515717922134835,0.0139815569871912,-0.0371627234352233,0.0413866340908319,0.8752919786122784,-0.01083238714085,2.2435336795840093,-0.5536379220258122,21.876049147115086,24.09341160583277,27.289093996732927,0.191110220399044,1.0,-0.3157891605118701,-0.6479938651649858,-0.0135659090894944,1.1244884449459975,22.024385669490577,22.101454823186003,1.049710208367847,4.0,-0.0515717922134835,0.0139815569871912,-0.0371627234352233,0.0413866340908319,0.8752919786122784,-0.01083238714085,2.2435336795840093,-0.5536379220258122,21.34275958886987,23.56012204758756,27.14234144448105,0.191110220399044,1.0,-0.3157891605118701,-0.6479938651649858,-0.0135659090894944,1.1244884449459975,21.650981820578192,21.358739857290928,1.049710208367847,4.0,-0.0515717922134835,0.0139815569871912,-0.0371627234352233,0.0413866340908319,0.8752919786122784,-0.01083238714085,2.2435336795840093,-0.5536379220258122,20.96935573995749,23.186718198675173,26.91252208172919,0.191110220399044,1.0,-0.3157891605118701,-0.6479938651649858,-0.0135659090894944,1.1244884449459975,21.46168662010089,20.695686960069388,1.049710208367847,4.0,-0.0515717922134835,0.0139815569871912,-0.0371627234352233,0.0413866340908319,0.8752919786122784,-0.01083238714085,2.2435336795840093,-0.5536379220258122,20.780060539480186,22.99742299819787,26.73154490983949,0.191110220399044,1.0,-0.3157891605118701,-0.6479938651649858,-0.0135659090894944,1.1244884449459975,325.0518047930631,3.650815345617704,-657.8025500316866,1.873485914408625,17.69475052150647,-0.2430554976346157,2.0,0.0156331972423837,0.2406820443317729,0.2088308537454978,1.292535888903367,0.3036186149791555,2.049356957933481,-0.3474728861232948,0.1589143806743067,0.0,675.497300553193,0.1525832596996247,-0.0135659090894944,1.1244884449459975,-0.0135659090894944,1.1244884449459975,27.14234144448105,2.257493821437769,8.190819944477344,-0.8909930401088574,23.56012204758756,23.56012204758756,-1.5588882681018534,0.7892967089723139,1.4384239112639636,0.8985537226520117,891225303811.1719,<slsim.Lenses.lens.Lens object at 0x7fad5e7c4f50>,-19.854454382944034,-22.62746163487444,-23.96800046312784,-24.50129002137305,-24.87469387028544,-25.063989070762737,,,,,,,,,,,,,,,,,,,,,,,,,,,,,,,,,,,,,,,,,,,,,,,,,,,675.497300553193,2.3020029575029453,-0.6197379843939529,-0.5601151324250533,2.035607925211021,,,,,,,,,,,,,,,,,,,,,,,,,,675.497300553193,,,,,,,,,,,,,,,,,,677.9053964699656,41.40352486502488,6.43455708382674,,,,"['g', 'r', 'i', 'z', 'y']",['z'],[677.90539647],[[41.40352487]],6.43455708382674,,,,,,,,
59,deblcdouble251,06072026,7.99683203886839,1.7382063922586533,0.4367427607621873,0.9216321662345416,9.756316831903847,0.2241219266655851,2.7584975246244774,0.0154607564474992,0.6961770660025569,2,-0.7775457204515274,2.438080350475317,0.2741782513157679,3.307771421481833,1.1973869086333593,0.0,113.39419694780115,20.28276540753744,20.04903519181916,19.736802992796004,19.67966889944048,19.730980713807213,19.620963888369456,GAL-QSO-LENS_0.0342_0.0309,0.8408210269491743,2.0975261021041587,0.0342061519921248,0.0308698192968332,0.1467340259671026,0.029063155673073,0.0032552291365945,0.0008249194290753,0.0,0.0,-0.0018515270087622,20.28276540753744,22.31844874729672,0.8390421840789505,4.0,0.1551266641975093,0.1599320806578577,0.0342061519921248,0.0308698192968332,-1.0313677019298535,0.1713873694457311,-1.1232034112017368,0.1316837153435775,19.586906762677923,22.51980651887911,24.068302561295905,0.298866525870069,1.0,0.0282693761718242,0.0824527848343194,-0.5513333805269429,-0.5025215440282319,20.04903519181916,21.044128573186235,0.8390421840789505,4.0,0.1551266641975093,0.1599320806578577,0.0342061519921248,0.0308698192968332,-1.0313677019298535,0.1713873694457311,-1.1232034112017368,0.1316837153435775,19.353176546959645,22.28607630316084,23.8473797023883,0.298866525870069,1.0,0.0282693761718242,0.0824527848343194,-0.5513333805269429,-0.5025215440282319,19.736802992796004,19.6402875217486,0.8390421840789505,4.0,0.1551266641975093,0.1599320806578577,0.0342061519921248,0.0308698192968332,-1.0313677019298535,0.1713873694457311,-1.1232034112017368,0.1316837153435775,19.04094434793649,21.97384410413768,23.52849435842013,0.298866525870069,1.0,0.0282693761718242,0.0824527848343194,-0.5513333805269429,-0.5025215440282319,19.67966889944048,18.96823856675949,0.8390421840789505,4.0,0.1551266641975093,0.1599320806578577,0.0342061519921248,0.0308698192968332,-1.0313677019298535,0.1713873694457311,-1.1232034112017368,0.1316837153435775,18.98381025458097,21.91671001078216,23.228868111069136,0.298866525870069,1.0,0.0282693761718242,0.0824527848343194,-0.5513333805269429,-0.5025215440282319,19.730980713807213,18.620935110504185,0.8390421840789505,4.0,0.1551266641975093,0.1599320806578577,0.0342061519921248,0.0308698192968332,-1.0313677019298535,0.1713873694457311,-1.1232034112017368,0.1316837153435775,19.0351220689477,21.968021825148888,22.7242339493553,0.298866525870069,1.0,0.0282693761718242,0.0824527848343194,-0.5513333805269429,-0.5025215440282319,19.620963888369456,18.4148808020958,0.8390421840789505,4.0,0.1551266641975093,0.1599320806578577,0.0342061519921248,0.0308698192968332,-1.0313677019298535,0.1713873694457311,-1.1232034112017368,0.1316837153435775,18.925105243509943,21.85800499971113,22.37655930843336,0.298866525870069,1.0,0.0282693761718242,0.0824527848343194,-0.5513333805269429,-0.5025215440282319,229.49933135004807,1.1973869086333593,-89.49891371737559,1.8982065075714247,23.89528323042556,-0.1274041443496587,2.0,0.0154607564474992,0.6961770660025569,0.2241219266655851,2.7584975246244774,0.2741782513157679,3.307771421481833,-1.4623912101216765,-1.8587035745477405,0.0,113.39419694780116,0.0033581257862385,-0.5513333805269429,-0.5025215440282319,-0.5513333805269429,-0.5025215440282319,23.228868111069136,2.3294351649234795,7.99683203886839,0.4671768941706608,21.91671001078216,21.91671001078216,0.0977680670133831,0.7397589224107807,0.4003247133490484,0.6355823064616967,393520057603.0336,<slsim.Lenses.lens.Lens object at 0x7facc81d7650>,-23.602978139099545,-23.836708354817823,-24.148940553840976,-24.2060746471965,-24.154762832829768,-24.264779658267525,,,,,,,,,,,,,,,,,,,,,,,,,,,,,,,,,,,,,,,,,,,,,,,,,,,113.39419694780116,2.373957806524708,-0.6740552965789487,-0.7775457204515274,2.438080350475317,,,,,,,,,,,,,,,,,,,,,,,,,,113.39419694780115,,,,,,,,,,,,114.07468508905909,36.4336592621414,6.036030091222326,112.0002332454347,32.91826297364268,5.737443940784318,110.57304218855337,72.24361466354954,8.499624383674231,,,,"['u', 'g', 'r', 'i', 'z', 'y']","['r', 'i', 'z']",[112.51905339],[[13.95333111]],3.7354157885259136,,,,,,,,
60,deblcdouble424,06072026,8.221705033721374,1.7385297070129817,1.1055668499038762,0.5241905820489525,6.505800211376631,0.2427711631271627,0.816698511839122,0.0190922189076434,0.1381802023815631,2,-0.7141009801774327,1.9066086823669808,0.3222245252468947,0.9478491939795926,3.298876430300589,0.0,168.70818930381432,24.803986744771343,23.04438330934108,22.47398202856585,22.253406687983844,22.13717012407499,22.0837832242359,GAL-QSO-LENS_0.0370_-0.0103,0.8897870143795017,2.038838859856756,0.0370422710623295,-0.0103346101282709,-0.1158954555423923,0.0911539279069596,0.0005358156761621,0.0109381301467302,0.0,0.0,-0.0421961986841169,24.803986744771343,24.42220936327769,0.938779848824172,4.0,-0.0871604036489431,0.1052085688428976,0.0370422710623295,-0.0103346101282709,-1.036815773415405,0.3476998001331067,0.6974145920047273,-0.3540615935402806,23.98323035704501,24.646299372777555,27.544922989988613,0.5481620726786708,1.0,0.2062648727903192,0.3553211543051439,-0.3097436665279847,0.2703358080954873,23.04438330934108,24.243842240441754,0.938779848824172,4.0,-0.0871604036489431,0.1052085688428976,0.0370422710623295,-0.0103346101282709,-1.036815773415405,0.3476998001331067,0.6974145920047273,-0.3540615935402806,22.223626921614745,22.88669593734729,25.10431642121548,0.5481620726786708,1.0,0.2062648727903192,0.3553211543051439,-0.3097436665279847,0.2703358080954873,22.47398202856585,23.367087469838648,0.938779848824172,4.0,-0.0871604036489431,0.1052085688428976,0.0370422710623295,-0.0103346101282709,-1.036815773415405,0.3476998001331067,0.6974145920047273,-0.3540615935402806,21.653225640839512,22.31629465657206,24.702151035478224,0.5481620726786708,1.0,0.2062648727903192,0.3553211543051439,-0.3097436665279847,0.2703358080954873,22.253406687983844,22.46349685428156,0.938779848824172,4.0,-0.0871604036489431,0.1052085688428976,0.0370422710623295,-0.0103346101282709,-1.036815773415405,0.3476998001331067,0.6974145920047273,-0.3540615935402806,21.432650300257507,22.095719315990056,24.49454617571049,0.5481620726786708,1.0,0.2062648727903192,0.3553211543051439,-0.3097436665279847,0.2703358080954873,22.13717012407499,21.59098630706698,0.938779848824172,4.0,-0.0871604036489431,0.1052085688428976,0.0370422710623295,-0.0103346101282709,-1.036815773415405,0.3476998001331067,0.6974145920047273,-0.3540615935402806,21.31641373634865,21.979482752081204,24.307554424800884,0.5481620726786708,1.0,0.2062648727903192,0.3553211543051439,-0.3097436665279847,0.2703358080954873,22.0837832242359,20.98408939918152,0.938779848824172,4.0,-0.0871604036489431,0.1052085688428976,0.0370422710623295,-0.0103346101282709,-1.036815773415405,0.3476998001331067,0.6974145920047273,-0.3540615935402806,21.263026836509564,21.92609585224212,24.204315021208565,0.5481620726786708,1.0,0.2062648727903192,0.3553211543051439,-0.3097436665279847,0.2703358080954873,257.8769495066073,3.298876430300589,-175.3333424334688,2.129622149413134,-6.625153129654484,-1.156311776616721,2.0,0.0190922189076434,0.1381802023815631,0.2427711631271627,0.816698511839122,0.3222245252468947,0.9478491939795926,1.964706046623228,1.4766045150966125,0.0,168.70818930381432,0.0109512460270797,-0.3097436665279847,0.2703358080954873,-0.3097436665279847,0.2703358080954873,24.49454617571049,2.666995906179092,8.221705033721374,0.5518298420663746,22.095719315990056,22.095719315990056,1.2375631622959955,0.7429989808551223,1.1313238809166613,0.7595987586973647,549361445389.7874,<slsim.Lenses.lens.Lens object at 0x7fe6b1ba0a10>,-21.541576285015417,-23.30117972044568,-23.87158100122091,-24.09215634180292,-24.20839290571177,-24.26177980555086,,,,,,,,,,,,,,,,,,,,,,,,,,,,,,,,,,,,,,,,,,,,,,,,,,,168.70818930381432,,,-0.7141009801774327,1.9066086823669808,,,,,,,,,,,,,,,,,,,,,,,,,,168.70818930381432,,,,,,,,,179.4776208546813,20.747677948667615,4.554961904194986,175.92317168781005,18.416396459592526,4.291432914492842,174.22102704482208,24.46063501687903,4.945769405954854,173.73696028643465,34.905441218066514,5.908082702371939,,,,"['u', 'g', 'r', 'i', 'z', 'y']","['g', 'r', 'i', 'z']",[176.15045056],[[5.81299213]],2.411014751051525,,,,,,,,
61,deblcdouble422,06072026,7.154554751361595,1.8115913736702807,0.773990348812462,0.9999448171227396,63.6406466846725,0.4877584977684004,0.8212774351028189,0.0383266606188537,0.1590083167186786,2,-0.5279097001995562,2.517709708913704,0.2934900597544855,0.5862478832175064,2.4942244392364863,0.0,53.62705271096168,25.31315039548736,24.29359817732089,23.86860668012451,23.6079362331436,23.238405385698872,22.949845240594804,GAL-QSO-LENS_0.0150_-0.0049,0.9786188186613392,1.798693060446637,0.0150186189801469,-0.0048949565214492,0.0417417061169764,0.083652647124824,0.0162968940436018,-0.0336300898988776,0.0,0.0,0.0225922900009549,25.31315039548736,24.188615683339428,0.8007446000624329,4.0,0.0391640606092002,0.1064395386879643,0.0150186189801469,-0.0048949565214492,-0.3126401265949519,-0.3654635655329139,1.193954681985268,-0.6168663995839027,23.428503649466464,24.04764852896844,26.285814313717463,0.2891052785005462,1.0,-0.0238338411727208,-0.0315345286463361,0.0556713858116814,0.1626048911188952,24.29359817732089,23.41217020588425,0.8007446000624329,4.0,0.0391640606092002,0.1064395386879643,0.0150186189801469,-0.0048949565214492,-0.3126401265949519,-0.3654635655329139,1.193954681985268,-0.6168663995839027,22.4089514313,23.028096310801978,26.05477190779226,0.2891052785005462,1.0,-0.0238338411727208,-0.0315345286463361,0.0556713858116814,0.1626048911188952,23.86860668012451,21.97374421014104,0.8007446000624329,4.0,0.0391640606092002,0.1064395386879643,0.0150186189801469,-0.0048949565214492,-0.3126401265949519,-0.3654635655329139,1.193954681985268,-0.6168663995839027,21.983959934103616,22.6031048136056,25.94734746396234,0.2891052785005462,1.0,-0.0238338411727208,-0.0315345286463361,0.0556713858116814,0.1626048911188952,23.6079362331436,20.75746362309641,0.8007446000624329,4.0,0.0391640606092002,0.1064395386879643,0.0150186189801469,-0.0048949565214492,-0.3126401265949519,-0.3654635655329139,1.193954681985268,-0.6168663995839027,21.7232894871227,22.34243436662468,25.832125729527224,0.2891052785005462,1.0,-0.0238338411727208,-0.0315345286463361,0.0556713858116814,0.1626048911188952,23.238405385698872,20.146407855287784,0.8007446000624329,4.0,0.0391640606092002,0.1064395386879643,0.0150186189801469,-0.0048949565214492,-0.3126401265949519,-0.3654635655329139,1.193954681985268,-0.6168663995839027,21.353758639677977,21.972903519179955,25.87309869247937,0.2891052785005462,1.0,-0.0238338411727208,-0.0315345286463361,0.0556713858116814,0.1626048911188952,22.949845240594804,19.859463645371697,0.8007446000624329,4.0,0.0391640606092002,0.1064395386879643,0.0150186189801469,-0.0048949565214492,-0.3126401265949519,-0.3654635655329139,1.193954681985268,-0.6168663995839027,21.06519849457391,21.684343374075887,25.77588442096039,0.2891052785005462,1.0,-0.0238338411727208,-0.0315345286463361,0.0556713858116814,0.1626048911188952,252.2202828883497,2.4942244392364863,-73.6670062290814,5.673599797345969,-20.03995351811972,-3.2077517206633805,2.0,0.0383266606188537,0.1590083167186786,0.4877584977684004,0.8212774351028189,0.2934900597544855,0.5862478832175064,0.3853589107092189,-1.1381079011534652,0.0,53.62705271096168,0.0373707332290252,0.0556713858116814,0.1626048911188952,0.0556713858116814,0.1626048911188952,25.832125729527224,10.828496425124664,7.154554751361595,-0.3054669783217305,22.34243436662468,22.34243436662468,0.5539791359414499,0.8290083984559516,0.6091119003194913,0.7962737386035478,516672465616.32605,<slsim.Lenses.lens.Lens object at 0x7fe6d0214e90>,-20.42910100753415,-21.44865322570061,-21.873644722897,-22.134315169877915,-22.50384601732264,-22.792406162426705,,,,,,,,,,,,,,,,,,,,,,,,,,,,,,,,,,,,,,,,,,,,,,,,,,,53.62705271096168,,,-0.5279097001995562,2.5177097089137037,,,,,,,,,,,,,,,,,,,,,,,,,,53.62705271096168,,,,,,41.03375291517329,7.071244272655186,50.00249556355877,45.66768698636096,81.54506450757404,9.030230589944757,64.5176401946067,26.05623176756903,5.104530513922806,57.40884343553709,20.917775502620835,4.573595467749726,55.94857333973212,14.809290371076836,3.848284081389631,,,,"['u', 'g', 'r', 'i', 'z', 'y']","['u', 'g', 'r', 'i', 'z']",[55.81049127],[[5.3771505]],2.3188683670431547,,,,,,,,
62,deblcdouble495,06072026,8.125671253765173,0.7460747545024896,0.3800088791276687,0.1670119613283448,89.50021596826453,0.1444577057198904,1.6461784130951391,0.0135986326548664,0.5822795390538575,2,-0.438753598757015,2.1053678889775687,0.2798167365654675,2.9337790199754896,0.945937563463822,0.0,20.035447268104896,21.08128620834,20.924950131873945,20.76881161123169,20.84648425603728,20.771679015343672,20.643671044394384,GAL-QSO-LENS_-0.0228_0.0378,0.3389007535544968,2.2725320561681497,-0.0228249357381136,0.0377733820794566,0.0163817107889066,0.070731197782024,-0.0068660978762474,-0.0015478080081465,0.0,0.0,-0.0099101926319486,21.08128620834,24.42921921561365,0.2269242733030466,4.0,-0.107320765233892,-0.0181831515033795,-0.0228249357381136,0.0377733820794566,0.5955228637455265,-0.1218512026101045,-0.1466418300509954,0.0583020359863584,20.619658028152102,23.36443137297116,23.71269014594068,0.8477250071873422,1.0,-0.0561252985174627,-0.1880409062146358,0.3346648452383855,-0.0548799729793927,20.924950131873945,22.407124737081,0.2269242733030466,4.0,-0.107320765233892,-0.0181831515033795,-0.0228249357381136,0.0377733820794566,0.5955228637455265,-0.1218512026101045,-0.1466418300509954,0.0583020359863584,20.46332195168605,23.208095296505107,23.55730209914537,0.8477250071873422,1.0,-0.0561252985174627,-0.1880409062146358,0.3346648452383855,-0.0548799729793927,20.76881161123169,20.859403846425806,0.2269242733030466,4.0,-0.107320765233892,-0.0181831515033795,-0.0228249357381136,0.0377733820794566,0.5955228637455265,-0.1218512026101045,-0.1466418300509954,0.0583020359863584,20.307183431043804,23.05195677586286,23.036416076205416,0.8477250071873422,1.0,-0.0561252985174627,-0.1880409062146358,0.3346648452383855,-0.0548799729793927,20.84648425603728,20.2602402650578,0.2269242733030466,4.0,-0.107320765233892,-0.0181831515033795,-0.0228249357381136,0.0377733820794566,0.5955228637455265,-0.1218512026101045,-0.1466418300509954,0.0583020359863584,20.384856075849388,23.129629420668444,22.29738509169287,0.8477250071873422,1.0,-0.0561252985174627,-0.1880409062146358,0.3346648452383855,-0.0548799729793927,20.771679015343672,19.92647401993281,0.2269242733030466,4.0,-0.107320765233892,-0.0181831515033795,-0.0228249357381136,0.0377733820794566,0.5955228637455265,-0.1218512026101045,-0.1466418300509954,0.0583020359863584,20.31005083515578,23.05482417997484,21.708460827449013,0.8477250071873422,1.0,-0.0561252985174627,-0.1880409062146358,0.3346648452383855,-0.0548799729793927,20.643671044394384,19.74833006451877,0.2269242733030466,4.0,-0.107320765233892,-0.0181831515033795,-0.0228249357381136,0.0377733820794566,0.5955228637455265,-0.1218512026101045,-0.1466418300509954,0.0583020359863584,20.18204286420649,22.92681620902555,21.43259630903276,0.8477250071873422,1.0,-0.0561252985174627,-0.1880409062146358,0.3346648452383855,-0.0548799729793927,148.53867965002556,0.945937563463822,-16.520158680388494,1.529858529090726,3.5152885877164017,-0.122107385976318,2.0,0.0135986326548664,0.5822795390538575,0.1444577057198904,1.6461784130951391,0.2798167365654675,2.9337790199754896,2.564682471538532,2.717882509378493,0.0,20.035447268104896,0.007038395390733,0.3346648452383855,-0.0548799729793927,0.3346648452383855,-0.0548799729793927,22.29738509169287,1.292162301304855,8.125671253765173,0.6516921443240956,23.129629420668444,23.129629420668444,0.6716019778002212,0.8646219872048349,-1.4868792009577003,0.8036700872301225,83170006275.01721,<slsim.Lenses.lens.Lens object at 0x7fe6b1b583d0>,-22.38847074193062,-22.54480681839668,-22.70094533903892,-22.623272694233336,-22.698077934926943,-22.82608590587623,,,,,,,,,,,,,,,,,,,,,,,,,,,,,,,,,,,,,,,,,,,,,,,,,,,20.035447268104896,,,-0.438753598757015,2.1053678889775687,,,,,,,,,,,,,,,,,,,,,,,,,,20.035447268104896,,,,,,20.985164352730415,7.6366087166423045,58.31779269109722,18.19953982474571,90.158151111462,9.49516461739669,21.256039495577056,26.96109333155094,5.19240727712599,17.88519263692562,21.821094154182266,4.671305401510617,,,,,,,"['u', 'g', 'r', 'i', 'z', 'y']","['u', 'g', 'r', 'i']",[19.51954684],[[8.99630508]],2.999384116971666,,,,,,,,
63,deblcdouble43,06072026,6.802045621274826,0.9443158268589013,0.5111007412847027,0.990095725239278,22.316568574185347,0.4310674943782598,0.9339722459616768,0.0303199497468431,0.1511514934452761,2,-0.5418640538175618,2.5530999746988208,0.3879865519222406,0.8847724539649381,1.5703933073384395,0.0,15.810181953940456,23.66399488091936,23.548551259253195,23.399369552275385,23.199844944134043,23.22932437812537,23.29857514252338,GAL-QSO-LENS_-0.0136_0.0128,0.4849721688290424,1.9729833655760256,-0.0136225035524177,0.0128178560850605,0.0448842120349981,0.0840426245817617,-0.0572308188233493,-0.0086757179757006,0.0,0.0,0.0646338406578572,23.66399488091936,24.548662582115565,0.5175102635168002,4.0,-0.0458453022675228,0.0768856107405468,-0.0136225035524177,0.0128178560850605,-0.6429205444176128,0.2836292627622479,0.2364907665172275,0.0541782993868278,21.76005508032127,23.3920893051849,27.767598465786143,0.5080363012887791,1.0,-0.2810445147840511,0.0898931164223863,-0.1833694063059878,0.0086563038032196,23.548551259253195,22.80687546770213,0.5175102635168002,4.0,-0.0458453022675228,0.0768856107405468,-0.0136225035524177,0.0128178560850605,-0.6429205444176128,0.2836292627622479,0.2364907665172275,0.0541782993868278,21.64461145865511,23.27664568351874,27.515688567830388,0.5080363012887791,1.0,-0.2810445147840511,0.0898931164223863,-0.1833694063059878,0.0086563038032196,23.399369552275385,21.321167069862607,0.5175102635168002,4.0,-0.0458453022675228,0.0768856107405468,-0.0136225035524177,0.0128178560850605,-0.6429205444176128,0.2836292627622479,0.2364907665172275,0.0541782993868278,21.4954297516773,23.12746397654093,27.2586813612765,0.5080363012887791,1.0,-0.2810445147840511,0.0898931164223863,-0.1833694063059878,0.0086563038032196,23.199844944134043,20.46588965130552,0.5175102635168002,4.0,-0.0458453022675228,0.0768856107405468,-0.0136225035524177,0.0128178560850605,-0.6429205444176128,0.2836292627622479,0.2364907665172275,0.0541782993868278,21.29590514353596,22.92793936839959,26.78460024199198,0.5080363012887791,1.0,-0.2810445147840511,0.0898931164223863,-0.1833694063059878,0.0086563038032196,23.22932437812537,20.08841036534366,0.5175102635168002,4.0,-0.0458453022675228,0.0768856107405468,-0.0136225035524177,0.0128178560850605,-0.6429205444176128,0.2836292627622479,0.2364907665172275,0.0541782993868278,21.32538457752728,22.95741880239091,26.41480440408693,0.5080363012887791,1.0,-0.2810445147840511,0.0898931164223863,-0.1833694063059878,0.0086563038032196,23.29857514252338,19.86433118425673,0.5175102635168002,4.0,-0.0458453022675228,0.0768856107405468,-0.0136225035524177,0.0128178560850605,-0.6429205444176128,0.2836292627622479,0.2364907665172275,0.0541782993868278,21.39463534192529,23.026669566788925,25.98249132460224,0.5080363012887791,1.0,-0.2810445147840511,0.0898931164223863,-0.1833694063059878,0.0086563038032196,171.54439442014683,1.5703933073384395,-18.321141763393708,5.77531823851589,-2.510959809453252,-1.2845831773915195,2.0,0.0303199497468431,0.1511514934452761,0.4310674943782598,0.9339722459616768,0.3879865519222406,0.8847724539649381,2.572462351337848,-2.8709527957786145,0.0,15.810181953940456,0.0578846672754101,-0.1833694063059878,0.0086563038032196,-0.1833694063059878,0.0086563038032196,26.78460024199198,2.937606189189077,6.802045621274826,-0.7531894839582154,22.92793936839959,22.92793936839959,0.5401348252280852,0.8260216686435862,1.0542377832056071,0.8356767912237967,154703461056.17667,<slsim.Lenses.lens.Lens object at 0x7fad5e594bd0>,-20.78391021157518,-20.89935383324134,-21.04853554021915,-21.24806014836049,-21.218580714369168,-21.14932994997116,,,,,,,,,,,,,,,,,,,,,,,,,,,,,,,,,,,,,,,,,,,,,,,,,,,15.810181953940456,1.7032356752796265,-0.5645380828467857,-0.5418640538175618,2.5530999746988208,,,,,,,,,,,,,,,,,,,,,,,,,,15.810181953940456,,,,,,,,,28.695208918425873,64.99097869330457,8.061698251194011,17.108231320908846,65.55792249255477,8.096784700889284,18.631900236901835,45.15566087984296,6.719796193326324,,,,,,,"['u', 'g', 'r', 'i', 'z', 'y']","['g', 'r', 'i']",[21.12498398],[[18.94439731]],4.352516204747357,,,,,,,,
64,deblcdouble315,06072026,7.168656651112953,0.5563318675209866,1.413005427069573,0.7512761754652164,48.75885298383701,0.3204468115597358,1.2584786566840935,0.0265808976751942,0.3056353886561296,2,-0.4206064458140801,2.502343834223832,0.2623333941916564,1.0395993740727434,2.2174688409074466,0.0,41.11512320879216,25.661940858834523,24.85119724874902,24.16350607705335,23.55789513716929,23.03485268605743,22.854001663817165,GAL-QSO-LENS_-0.0465_0.0091,0.3060603290922039,1.8724410561793143,-0.046529997575147,0.0090790213816608,0.1327821005015509,-0.0020386220272032,-0.0234699367903791,0.023976509788637,0.0,0.0,-0.0651280227014055,25.661940858834523,26.35146871607472,0.3088669327998002,4.0,0.0612026564053439,-0.035469814811058,-0.046529997575147,0.0090790213816608,-0.301032472659929,0.0590918679403316,-0.3553143109736122,0.0687323917922695,24.647849646077614,25.676988249802804,25.767904298878207,0.1058714100063698,1.0,-0.3977547667919646,0.388216049267045,-0.155374480169369,-0.0796785621367524,24.85119724874902,26.0334907169768,0.3088669327998002,4.0,0.0612026564053439,-0.035469814811058,-0.046529997575147,0.0090790213816608,-0.301032472659929,0.0590918679403316,-0.3553143109736122,0.0687323917922695,23.83710603599211,24.8662446397173,25.552890592549808,0.1058714100063698,1.0,-0.3977547667919646,0.388216049267045,-0.155374480169369,-0.0796785621367524,24.16350607705335,25.626979083582405,0.3088669327998002,4.0,0.0612026564053439,-0.035469814811058,-0.046529997575147,0.0090790213816608,-0.301032472659929,0.0590918679403316,-0.3553143109736122,0.0687323917922695,23.14941486429644,24.17855346802163,25.42536268868691,0.1058714100063698,1.0,-0.3977547667919646,0.388216049267045,-0.155374480169369,-0.0796785621367524,23.55789513716929,24.280409322979395,0.3088669327998002,4.0,0.0612026564053439,-0.035469814811058,-0.046529997575147,0.0090790213816608,-0.301032472659929,0.0590918679403316,-0.3553143109736122,0.0687323917922695,22.54380392441238,23.57294252813757,25.363463044843947,0.1058714100063698,1.0,-0.3977547667919646,0.388216049267045,-0.155374480169369,-0.0796785621367524,23.03485268605743,23.632166755926825,0.3088669327998002,4.0,0.0612026564053439,-0.035469814811058,-0.046529997575147,0.0090790213816608,-0.301032472659929,0.0590918679403316,-0.3553143109736122,0.0687323917922695,22.02076147330052,23.04990007702571,25.28508763402938,0.1058714100063698,1.0,-0.3977547667919646,0.388216049267045,-0.155374480169369,-0.0796785621367524,22.854001663817165,22.92664780746809,0.3088669327998002,4.0,0.0612026564053439,-0.035469814811058,-0.046529997575147,0.0090790213816608,-0.301032472659929,0.0590918679403316,-0.3553143109736122,0.0687323917922695,21.839910451060256,22.86904905478545,25.163219228471263,0.1058714100063698,1.0,-0.3977547667919646,0.388216049267045,-0.155374480169369,-0.0796785621367524,213.19184726687587,2.2174688409074466,-38.18779991145347,2.544699386499248,2.9273232973386927,-0.986236436758432,2.0,0.0265808976751942,0.3056353886561296,0.3204468115597358,1.2584786566840935,0.2623333941916564,1.0395993740727434,-1.3024617316559333,-2.168138855680505,0.0,41.11512320879216,0.0335516162738697,-0.155374480169369,-0.0796785621367524,-0.155374480169369,-0.0796785621367524,25.363463044843947,4.301661146645482,7.168656651112953,-0.7091994791621766,23.57294252813757,23.57294252813757,-0.0076759663448311,0.7655402311729487,-0.2626223715391073,0.8678704695415965,314785412603.4262,<slsim.Lenses.lens.Lens object at 0x7fad9fc01450>,-19.75858707375066,-20.569330683836164,-21.25702185553184,-21.86263279541589,-22.38567524652776,-22.56652626876802,,,,,,,,,,,,,,,,,,,,,,,,,,,,,,,,,,,,,,,,,,,,,,,,,,,41.11512320879216,1.9103903057432872,-0.5591503839205401,-0.4206064458140801,2.502343834223832,,,,,,,,,,,,,,,,,,,,,,,,,,41.11512320879216,,,,,,,,,,,,,,,31.734528639145584,46.350203675896054,6.8080983891168945,,,,,,,"['g', 'r', 'i', 'z', 'y']",['i'],[31.73452864],[[46.35020368]],6.8080983891168945,,,,,,,,
65,deblcdouble55,06072026,8.141909003142954,1.1310000293004758,0.4523235160225737,0.7833123894689684,57.62778633664745,0.2678424093729491,1.083493282502984,0.023183290909419,0.2122884385550671,2,-0.6602914872663265,2.002440911058245,0.2860118175394857,1.140832669223842,1.5234188290146848,0.0,30.579023358931238,21.500816026507263,21.00479967856317,20.460608953719547,20.0350333160733,19.92313243883303,19.88791652401996,GAL-QSO-LENS_0.0463_-0.0232,0.5545011098573178,2.021735542758853,0.0462878973175945,-0.0232030461435355,0.0526763857835976,0.0589973685517946,-0.0064056753231421,0.0003212507290163,0.0,0.0,-0.0103236999514282,21.500816026507263,23.80990528431765,0.8444315778382827,4.0,0.0079708049109544,0.004470769146034,0.0462878973175945,-0.0232030461435355,-0.1327263962876413,0.0768606175482451,0.8545284872721183,-0.2568824852799045,20.644058093589784,21.78109469035368,22.86510215391208,0.6509018441548977,1.0,0.0205466391239957,-0.1731210160933222,-0.0118481451398389,0.3111505244437806,21.00479967856317,22.17565383142336,0.8444315778382827,4.0,0.0079708049109544,0.004470769146034,0.0462878973175945,-0.0232030461435355,-0.1327263962876413,0.0768606175482451,0.8545284872721183,-0.2568824852799045,20.14804174564569,21.285078342409587,22.606425758088204,0.6509018441548977,1.0,0.0205466391239957,-0.1731210160933222,-0.0118481451398389,0.3111505244437806,20.460608953719547,20.696565001056072,0.8444315778382827,4.0,0.0079708049109544,0.004470769146034,0.0462878973175945,-0.0232030461435355,-0.1327263962876413,0.0768606175482451,0.8545284872721183,-0.2568824852799045,19.603851020802065,20.74088761756596,22.36017744051644,0.6509018441548977,1.0,0.0205466391239957,-0.1731210160933222,-0.0118481451398389,0.3111505244437806,20.0350333160733,19.97078576714693,0.8444315778382827,4.0,0.0079708049109544,0.004470769146034,0.0462878973175945,-0.0232030461435355,-0.1327263962876413,0.0768606175482451,0.8545284872721183,-0.2568824852799045,19.178275383155817,20.31531197991972,22.009870462425614,0.6509018441548977,1.0,0.0205466391239957,-0.1731210160933222,-0.0118481451398389,0.3111505244437806,19.92313243883303,19.618877545360007,0.8444315778382827,4.0,0.0079708049109544,0.004470769146034,0.0462878973175945,-0.0232030461435355,-0.1327263962876413,0.0768606175482451,0.8545284872721183,-0.2568824852799045,19.066374505915547,20.203411102679443,21.854964132689293,0.6509018441548977,1.0,0.0205466391239957,-0.1731210160933222,-0.0118481451398389,0.3111505244437806,19.88791652401996,19.41660679772552,0.8444315778382827,4.0,0.0079708049109544,0.004470769146034,0.0462878973175945,-0.0232030461435355,-0.1327263962876413,0.0768606175482451,0.8545284872721183,-0.2568824852799045,19.031158591102475,20.16819518786637,21.44799721064935,0.6509018441548977,1.0,0.0205466391239957,-0.1731210160933222,-0.0118481451398389,0.3111505244437806,177.92575674459948,1.5234188290146848,-28.44881481422864,2.201421345425861,2.130208544702599,-0.7724822952038718,2.0,0.023183290909419,0.2122884385550671,0.2678424093729491,1.083493282502984,0.2860118175394857,1.140832669223842,0.413173795678014,0.2631550849012228,0.0,30.57902335893124,0.006413725779639,-0.0118481451398389,0.3111505244437806,-0.0118481451398389,0.3111505244437806,22.009870462425614,2.153350897099348,8.141909003142954,0.0570301812058745,20.31531197991972,20.31531197991972,0.4209700274531511,0.8534106684860903,0.2555839594474556,0.9818875098055356,174811813524.92282,<slsim.Lenses.lens.Lens object at 0x7fad500b84d0>,-22.871381904891788,-23.36739825283588,-23.911588977679507,-24.337164615325754,-24.449065492566024,-24.484281407379097,,,,,,,,,,,,,,,,,,,,,,,,,,,,,,,,,,,,,,,,,,,,,,,,,,,30.57902335893124,1.6028094579632866,-0.8501061283132781,-0.6602914872663265,2.002440911058245,,,,,,,,,,,,,,,,,,,,,,,,,,30.579023358931238,,,,,,,,,21.543651341910625,9.7900327966367,3.128902810353287,29.17819790157339,2.419060351245945,1.5553328747396633,31.025684889347907,1.9388717927230656,1.3924337660093804,39.131452586719725,7.341990241010937,2.709610717614421,33.37756590957552,22.410117491923952,4.733932560981827,"['u', 'g', 'r', 'i', 'z', 'y']","['g', 'r', 'i', 'z', 'y']",[30.59397397],[[0.82500234]],0.908296396755706,,,,,,,,
66,deblcdouble466,06072026,7.126220462853948,1.946065274826906,0.4097799714388789,0.3793496545133731,56.50616411982595,0.4628011338607886,0.938199184759804,0.0326875492914768,0.181170644900757,2,-0.3428335092660992,2.396375776600239,0.2982001595997472,0.643755392579935,2.497288861981302,0.0,37.51452462989527,26.10862617414195,25.208153751439152,24.90665383860029,24.72623120854836,24.40551975369168,24.15059623107168,GAL-QSO-LENS_0.0217_-0.0488,0.9459779664959412,1.838539055713594,0.0217201261679815,-0.0488484241781645,0.1005755449859607,0.0107604852242177,0.0233222486800503,0.0065247047013157,0.0,0.0,0.0447539602453432,26.10862617414195,22.1430689814698,1.0021840741996415,4.0,0.1075349667658635,-0.0394355086708444,0.0217201261679815,-0.0488484241781645,0.8972051568483513,-0.467081500888279,1.0105750669987623,-0.3771900317873887,24.359349961639584,25.142177938661582,27.69688677631776,0.2871071022798203,1.0,0.1255599630309907,0.1392004991557973,0.245409979204062,0.160188290357431,25.208153751439152,21.04607771295037,1.0021840741996415,4.0,0.1075349667658635,-0.0394355086708444,0.0217201261679815,-0.0488484241781645,0.8972051568483513,-0.467081500888279,1.0105750669987623,-0.3771900317873887,23.458877538936783,24.241705515958788,27.41737959733452,0.2871071022798203,1.0,0.1255599630309907,0.1392004991557973,0.245409979204062,0.160188290357431,24.90665383860029,19.68301808460205,1.0021840741996415,4.0,0.1075349667658635,-0.0394355086708444,0.0217201261679815,-0.0488484241781645,0.8972051568483513,-0.467081500888279,1.0105750669987623,-0.3771900317873887,23.15737762609792,23.940205603119924,27.263132862179344,0.2871071022798203,1.0,0.1255599630309907,0.1392004991557973,0.245409979204062,0.160188290357431,24.72623120854836,19.06390203286556,1.0021840741996415,4.0,0.1075349667658635,-0.0394355086708444,0.0217201261679815,-0.0488484241781645,0.8972051568483513,-0.467081500888279,1.0105750669987623,-0.3771900317873887,22.97695499604599,23.759782973067992,27.100572556827668,0.2871071022798203,1.0,0.1255599630309907,0.1392004991557973,0.245409979204062,0.160188290357431,24.40551975369168,18.73001329897691,1.0021840741996415,4.0,0.1075349667658635,-0.0394355086708444,0.0217201261679815,-0.0488484241781645,0.8972051568483513,-0.467081500888279,1.0105750669987623,-0.3771900317873887,22.656243541189315,23.43907151821132,27.079972661143213,0.2871071022798203,1.0,0.1255599630309907,0.1392004991557973,0.245409979204062,0.160188290357431,24.15059623107168,18.53830069361001,1.0021840741996415,4.0,0.1075349667658635,-0.0394355086708444,0.0217201261679815,-0.0488484241781645,0.8972051568483513,-0.467081500888279,1.0105750669987623,-0.3771900317873887,22.40132001856931,23.18414799559132,26.89952293653832,0.2871071022798203,1.0,0.1255599630309907,0.1392004991557973,0.245409979204062,0.160188290357431,212.29372575443452,2.497288861981302,-40.325966778517255,5.008532370566656,-2.811442148621987,-2.43545042785657,2.0,0.0326875492914768,0.181170644900757,0.4628011338607886,0.938199184759804,0.2982001595997472,0.643755392579935,-1.3294032828051272,-1.953873827638244,0.0,37.51452462989527,0.0242177425647702,0.245409979204062,0.160188290357431,0.245409979204062,0.160188290357431,27.100572556827668,8.371152478432203,7.126220462853948,0.4082512005933724,23.759782973067992,23.759782973067992,0.0532918201091782,0.8162837450138501,-0.175747073725418,0.7944656853458613,304463672393.5597,<slsim.Lenses.lens.Lens object at 0x7fe6842a6990>,-19.636553663213657,-20.53702608591645,-20.83852599875532,-21.01894862880725,-21.33966008366393,-21.59458360628393,,,,,,,,,,,,,,,,,,,,,,,,,,,,,,,,,,,,,,,,,,,,,,,,,,,37.51452462989527,,,-0.3428335092660992,2.396375776600239,,,,,,,,,,,,,,,,,,,,,,,,,,37.51452462989527,,,,,,45.67291469495,8.808405301876475,77.5880039621256,43.460698741108324,83.32498452326739,9.12825199713874,39.79454679508662,3.9186162196499144,1.9795494991663922,38.86561232232026,7.0623233609808524,2.657503219373563,30.008887263358513,14.83693856112142,3.851874681388456,39.66476160299724,22.977397622074424,4.793474483302735,"['u', 'g', 'r', 'i', 'z', 'y']","['u', 'g', 'r', 'i', 'z', 'y']",[38.52348263],[[1.87758605]],1.370250361560042,,,,,,,,
67,deblcdouble208,06072026,8.211804784927272,0.714892889743456,0.7290711806512002,0.1502956634815485,43.96326586222425,0.225728046555575,1.502525106261257,0.013780601961722,0.2743394848235485,2,-0.5348208603791401,2.62821882086263,0.2925386975567674,1.9021655056560045,1.449763469837794,0.0,35.66960642281077,22.30984957298394,22.130069129838525,21.740550425677256,21.56770768385882,21.53987202508529,21.57408833184003,GAL-QSO-LENS_-0.0202_0.0009,0.3462219310884237,2.116075175320963,-0.0201650070909161,0.0009080874108059,0.0362128120057616,0.0091490415697925,0.0118885195610844,-0.0067064671603276,0.0,0.0,-0.0136229273530871,22.30984957298394,23.56072459078349,0.3563213458747339,4.0,-0.0138139380566835,0.0463006554238509,-0.0201650070909161,0.0009080874108059,-0.5011147413115999,0.0744223070234808,0.3594729413858295,-0.0645894948184304,21.58708450142875,23.62753876646273,23.087133486369137,0.5149117042790954,1.0,0.124545647147394,0.1157399512228274,-0.2437872097416561,0.1653116365311775,22.130069129838525,23.33296279818728,0.3563213458747339,4.0,-0.0138139380566835,0.0463006554238509,-0.0201650070909161,0.0009080874108059,-0.5011147413115999,0.0744223070234808,0.3594729413858295,-0.0645894948184304,21.407304058283334,23.44775832331732,22.94237857541398,0.5149117042790954,1.0,0.124545647147394,0.1157399512228274,-0.2437872097416561,0.1653116365311775,21.740550425677256,22.50119231657298,0.3563213458747339,4.0,-0.0138139380566835,0.0463006554238509,-0.0201650070909161,0.0009080874108059,-0.5011147413115999,0.0744223070234808,0.3594729413858295,-0.0645894948184304,21.017785354122065,23.058239619156048,22.922760107942683,0.5149117042790954,1.0,0.124545647147394,0.1157399512228274,-0.2437872097416561,0.1653116365311775,21.56770768385882,21.488469392185632,0.3563213458747339,4.0,-0.0138139380566835,0.0463006554238509,-0.0201650070909161,0.0009080874108059,-0.5011147413115999,0.0744223070234808,0.3594729413858295,-0.0645894948184304,20.84494261230363,22.88539687733761,22.80130360397396,0.5149117042790954,1.0,0.124545647147394,0.1157399512228274,-0.2437872097416561,0.1653116365311775,21.53987202508529,21.03847134585841,0.3563213458747339,4.0,-0.0138139380566835,0.0463006554238509,-0.0201650070909161,0.0009080874108059,-0.5011147413115999,0.0744223070234808,0.3594729413858295,-0.0645894948184304,20.817106953530107,22.85756121856409,22.665769063056256,0.5149117042790954,1.0,0.124545647147394,0.1157399512228274,-0.2437872097416561,0.1653116365311775,21.57408833184003,20.780396307944752,0.3563213458747339,4.0,-0.0138139380566835,0.0463006554238509,-0.0201650070909161,0.0009080874108059,-0.5011147413115999,0.0744223070234808,0.3594729413858295,-0.0645894948184304,20.85132326028484,22.891777525318822,22.35853173762678,0.5149117042790954,1.0,0.124545647147394,0.1157399512228274,-0.2437872097416561,0.1653116365311775,174.6506693562843,1.449763469837794,-30.89031936974597,1.945835079666989,4.779287053064806,-0.2971148253247905,2.0,0.013780601961722,0.2743394848235485,0.225728046555575,1.502525106261257,0.2925386975567674,1.9021655056560045,1.822988757796273,1.9209330107382383,0.0,35.66960642281077,0.0136496739567962,-0.2437872097416561,0.1653116365311775,-0.2437872097416561,0.1653116365311775,22.80130360397396,1.6754487570186785,8.211804784927272,0.0472917711091905,22.88539687733761,22.88539687733761,0.1237339833838497,0.927988339494662,0.930370700203915,0.90781905599449,165129844877.26343,<slsim.Lenses.lens.Lens object at 0x7facc81ecd10>,-21.98306479513793,-22.16284523828335,-22.55236394244461,-22.725206684263053,-22.753042343036576,-22.718826036281843,,,,,,,,,,,,,,,,,,,,,,,,,,,,,,,,,,,,,,,,,,,,,,,,,,,35.66960642281077,2.1259017393787,-0.5232098735884083,-0.5348208603791401,2.62821882086263,,,,,,,,,,,,,,,,,,,,,,,,,,35.66960642281077,,,,,,,,,27.87911806132474,39.59306569923499,6.292302098535559,26.933909980211627,13.667056135625336,3.696898177611244,41.48953847427931,14.51398084212253,3.809721885141031,37.09335347405019,20.30718569933389,4.506349487038693,39.82111733066214,60.75924183418058,7.794821475452826,"['u', 'g', 'r', 'i', 'z', 'y']","['g', 'r', 'i', 'z', 'y']",[34.39714593],[[4.29135312]],2.071558137024841,,,,,,,,
68,deblcdouble399,06072026,7.599567202548175,3.4306150821791435,0.8051720540926207,0.4640552614865058,23.150649235710464,0.3387421747027885,0.6450170026680583,0.0380153890425014,0.1131082279764807,2,-0.4340927014818278,1.640145832273967,0.3295071909612517,0.6745365146244215,3.531541671933297,0.0,215.74548271172233,27.268180220329103,25.07233259445388,24.183226639171693,24.034587561830875,23.96262330854578,24.02528264082312,GAL-QSO-LENS_0.0238_-0.0324,1.82079050209246,1.9689924609719065,0.0238230475238565,-0.032440273312466,0.077698562410692,0.0083504975234849,-0.0369953612405412,-0.0340121746721878,0.0,0.0,-0.0484797325602684,27.268180220329103,23.28062337064406,1.323677991814389,4.0,0.019363978325824,-0.0358825625853573,0.0238230475238565,-0.032440273312466,-0.0688783475676299,0.8096368039866962,-2.295296719482396,1.020925675135385,26.060136283497503,26.061125680675,32.76598398484626,0.0985497350984067,1.0,0.0567407591543472,0.2051995465784461,-0.0934195707364941,-0.4457217250353296,25.07233259445388,22.7029369894794,1.323677991814389,4.0,0.019363978325824,-0.0358825625853573,0.0238230475238565,-0.032440273312466,-0.0688783475676299,0.8096368039866962,-2.295296719482396,1.020925675135385,23.86428865762228,23.865278054799774,30.454889480129776,0.0985497350984067,1.0,0.0567407591543472,0.2051995465784461,-0.0934195707364941,-0.4457217250353296,24.183226639171693,21.35921869569763,1.323677991814389,4.0,0.019363978325824,-0.0358825625853573,0.0238230475238565,-0.032440273312466,-0.0688783475676299,0.8096368039866962,-2.295296719482396,1.020925675135385,22.97518270234009,22.976172099517587,30.05117896510556,0.0985497350984067,1.0,0.0567407591543472,0.2051995465784461,-0.0934195707364941,-0.4457217250353296,24.034587561830875,20.225461246015023,1.323677991814389,4.0,0.019363978325824,-0.0358825625853573,0.0238230475238565,-0.032440273312466,-0.0688783475676299,0.8096368039866962,-2.295296719482396,1.020925675135385,22.826543624999275,22.82753302217677,30.05491903964332,0.0985497350984067,1.0,0.0567407591543472,0.2051995465784461,-0.0934195707364941,-0.4457217250353296,23.96262330854578,19.56706631595864,1.323677991814389,4.0,0.019363978325824,-0.0358825625853573,0.0238230475238565,-0.032440273312466,-0.0688783475676299,0.8096368039866962,-2.295296719482396,1.020925675135385,22.75457937171418,22.75556876889168,29.93039088693266,0.0985497350984067,1.0,0.0567407591543472,0.2051995465784461,-0.0934195707364941,-0.4457217250353296,24.02528264082312,19.318194783224023,1.323677991814389,4.0,0.019363978325824,-0.0358825625853573,0.0238230475238565,-0.032440273312466,-0.0688783475676299,0.8096368039866962,-2.295296719482396,1.020925675135385,22.81723870399152,22.81822810116901,29.70874953563369,0.0985497350984067,1.0,0.0567407591543472,0.2051995465784461,-0.0934195707364941,-0.4457217250353296,327.32235255971693,3.531541671933297,-317.0168099533271,3.0424088431141487,-101.27132724160474,-3.039637654682045,2.0,0.0380153890425014,0.1131082279764807,0.3387421747027885,0.6450170026680583,0.3295071909612517,0.6745365146244215,-0.1949147359459813,-1.3521365902467315,0.0,215.7454827117224,0.0502542016079209,-0.0934195707364941,-0.4457217250353296,-0.0934195707364941,-0.4457217250353296,30.05491903964332,7.536635946763884,7.599567202548175,0.7502332819927812,22.82753302217677,22.82753302217677,0.0535310281203106,0.8550363298563641,-0.5379675449543759,0.921646709251127,907555021701.261,<slsim.Lenses.lens.Lens object at 0x7facc80cea50>,-19.18315074229632,-21.378998368171544,-22.26810432345373,-22.416743400794548,-22.488707654079644,-22.426048321802305,,,,,,,,,,,,,,,,,,,,,,,,,,,,,,,,,,,,,,,,,,,,,,,,,,,215.7454827117224,2.305727660301537,-0.3548532509372131,-0.4340927014818278,1.640145832273967,,,,,,,,,,,,,,,,,,,,,,,,,,215.74548271172233,,,,,,,,,,,,209.68832034734052,65.12709274162907,8.07013585645428,220.8856185495311,73.58482947922163,8.578160028771999,224.0147127297303,44.99827321523131,6.708075224327118,,,,"['g', 'r', 'i', 'z', 'y']","['r', 'i', 'z']",[218.88450436],[[19.54368405]],4.4208239112010235,,,,,,,,
69,deblcdouble151,06072026,7.319771652893679,0.6515454333660322,0.6613097696375188,0.5670142993714673,2.2099232524728265,0.3530196439457078,1.466673666085592,0.0286617771723865,0.2218493196591454,2,-0.6644479613936322,1.882808957797224,0.3599414722165873,1.5709706014863134,1.595062656124705,0.0,17.402094192911512,23.350815771230284,23.03061917522244,22.817868182975825,22.55432334694499,22.525799132407425,22.56740007374569,GAL-QSO-LENS_-0.0054_-0.0554,0.3418566587264856,2.056044367906068,-0.0053630324101471,-0.0554286671835582,0.2239775248318361,-0.0427328143272939,0.0178140235528198,-0.0264028539264282,0.0,0.0,-0.0043338962726485,23.350815771230284,24.235201974556507,0.4098006234337228,4.0,0.1442474752200859,-0.1400690266306287,-0.0053630324101471,-0.0554286671835582,0.4486291568221022,-0.1485419211235384,-0.288093649183165,-0.0275209042435371,22.0031569919426,24.23135135619104,26.76143131750809,0.1427113711061028,1.0,-0.2472753492014816,0.0379258639477514,0.1732029475160355,-0.1066600452755403,23.03061917522244,23.58278407232274,0.4098006234337228,4.0,0.1442474752200859,-0.1400690266306287,-0.0053630324101471,-0.0554286671835582,0.4486291568221022,-0.1485419211235384,-0.288093649183165,-0.0275209042435371,21.682960395934742,23.91115476018319,26.42963201005293,0.1427113711061028,1.0,-0.2472753492014816,0.0379258639477514,0.1732029475160355,-0.1066600452755403,22.817868182975825,22.48218146348818,0.4098006234337228,4.0,0.1442474752200859,-0.1400690266306287,-0.0053630324101471,-0.0554286671835582,0.4486291568221022,-0.1485419211235384,-0.288093649183165,-0.0275209042435371,21.47020940368813,23.69840376793658,26.020639003560245,0.1427113711061028,1.0,-0.2472753492014816,0.0379258639477514,0.1732029475160355,-0.1066600452755403,22.55432334694499,21.48437356904363,0.4098006234337228,4.0,0.1442474752200859,-0.1400690266306287,-0.0053630324101471,-0.0554286671835582,0.4486291568221022,-0.1485419211235384,-0.288093649183165,-0.0275209042435371,21.2066645676573,23.434858931905747,25.482418179682835,0.1427113711061028,1.0,-0.2472753492014816,0.0379258639477514,0.1732029475160355,-0.1066600452755403,22.525799132407425,21.1117991775762,0.4098006234337228,4.0,0.1442474752200859,-0.1400690266306287,-0.0053630324101471,-0.0554286671835582,0.4486291568221022,-0.1485419211235384,-0.288093649183165,-0.0275209042435371,21.178140353119733,23.406334717368185,25.1938639783368,0.1427113711061028,1.0,-0.2472753492014816,0.0379258639477514,0.1732029475160355,-0.1066600452755403,22.56740007374569,20.833739977404907,0.4098006234337228,4.0,0.1442474752200859,-0.1400690266306287,-0.0053630324101471,-0.0554286671835582,0.4486291568221022,-0.1485419211235384,-0.288093649183165,-0.0275209042435371,21.219741294458004,23.44793565870645,24.8586872971014,0.1427113711061028,1.0,-0.2472753492014816,0.0379258639477514,0.1732029475160355,-0.1066600452755403,158.38112164098527,1.595062656124705,-16.828824864255658,3.4598997209047204,0.5732693286558559,-0.4444119885201205,2.0,0.0286617771723865,0.2218493196591454,0.3530196439457078,1.466673666085592,0.3599414722165873,1.5709706014863134,2.1857217423005766,2.7649920936886176,0.0,17.402094192911512,0.0318504337584392,0.1732029475160355,-0.1066600452755403,0.1732029475160355,-0.1066600452755403,25.482418179682835,3.415475732739569,7.319771652893679,-0.8347405540753345,23.434858931905747,23.434858931905747,-0.0942624619411347,0.6286411555257947,-0.3853513762856202,0.6651904247727768,114494433251.63042,<slsim.Lenses.lens.Lens object at 0x7fad50121610>,-21.138815075312287,-21.459011671320138,-21.67176266356675,-21.93530749959758,-21.963831714135143,-21.92223077279688,,,,,,,,,,,,,,,,,,,,,,,,,,,,,,,,,,,,,,,,,,,,,,,,,,,17.402094192911512,2.445493779613018,-0.4761162955136884,-0.6644479613936322,1.882808957797224,,,,,,,,,,,,,,,,,,,,,,,,,,17.402094192911512,,,,,,,,,,,,32.793651759155054,86.11583831683535,9.27986197725135,23.1222967670872,27.933202507340756,5.285187083475925,20.56966603282711,44.177591050336865,6.646622529551145,,,,"['u', 'g', 'r', 'i', 'z', 'y']","['r', 'i', 'z']",[23.90069625],[[14.27595226]],3.778353114159485,,,,,,,,
70,deblcdouble298,06072026,8.612852120837465,0.5696733561976552,1.011776323636071,0.650568733960833,67.86439538701256,0.2815711064916615,4.262468698135809,0.0075908784473926,1.721416381387968,2,-0.7677728579279086,1.7213366131832823,0.2460742914565688,3.81837001620668,3.567556364515228,0.0,24.784357761518287,25.047024854210765,22.571681567030527,21.44802579384227,21.16515556481577,20.975167534816656,20.977087205476824,GAL-QSO-LENS_0.0427_-0.0229,0.293191498565036,1.9468623546439685,0.0426554673603418,-0.0228770312892235,0.0404190587499296,0.2345163528117624,-0.0117834768970344,0.0220796739808521,0.0,0.0,0.0282131733343785,25.047024854210765,26.40946150068208,0.1944882695426608,4.0,0.0775006868348458,0.2457586263544207,0.0426554673603418,-0.0228770312892235,-0.4625801288720067,0.0741882161684557,0.1671988619684322,-0.023608571125836,24.19345439684693,26.53473086925486,27.36690042908722,0.4540586896579345,1.0,0.1974359758589025,-0.0778098439882614,-0.1801048286740424,0.0240633974923566,22.571681567030527,26.16233538480014,0.1944882695426608,4.0,0.0775006868348458,0.2457586263544207,0.0426554673603418,-0.0228770312892235,-0.4625801288720067,0.0741882161684557,0.1671988619684322,-0.023608571125836,21.718111109666697,24.059387582074624,24.73908682598518,0.4540586896579345,1.0,0.1974359758589025,-0.0778098439882614,-0.1801048286740424,0.0240633974923566,21.44802579384227,25.23848823045007,0.1944882695426608,4.0,0.0775006868348458,0.2457586263544207,0.0426554673603418,-0.0228770312892235,-0.4625801288720067,0.0741882161684557,0.1671988619684322,-0.023608571125836,20.59445533647844,22.935731808886366,24.24192220908717,0.4540586896579345,1.0,0.1974359758589025,-0.0778098439882614,-0.1801048286740424,0.0240633974923566,21.16515556481577,24.32695761748164,0.1944882695426608,4.0,0.0775006868348458,0.2457586263544207,0.0426554673603418,-0.0228770312892235,-0.4625801288720067,0.0741882161684557,0.1671988619684322,-0.023608571125836,20.31158510745194,22.652861579859863,24.212689568545304,0.4540586896579345,1.0,0.1974359758589025,-0.0778098439882614,-0.1801048286740424,0.0240633974923566,20.975167534816656,23.42874459177536,0.1944882695426608,4.0,0.0775006868348458,0.2457586263544207,0.0426554673603418,-0.0228770312892235,-0.4625801288720067,0.0741882161684557,0.1671988619684322,-0.023608571125836,20.121597077452822,22.46287354986076,24.07500877395667,0.4540586896579345,1.0,0.1974359758589025,-0.0778098439882614,-0.1801048286740424,0.0240633974923566,20.977087205476824,22.968317972696827,0.1944882695426608,4.0,0.0775006868348458,0.2457586263544207,0.0426554673603418,-0.0228770312892235,-0.4625801288720067,0.0741882161684557,0.1671988619684322,-0.023608571125836,20.123516748113,22.46479322052092,23.952306167509345,0.4540586896579345,1.0,0.1974359758589025,-0.0778098439882614,-0.1801048286740424,0.0240633974923566,140.69981946007755,3.567556364515228,-20.09212315591828,2.194967948517596,4.692234605600008,-0.2540490609676826,2.0,0.0075908784473926,1.721416381387968,0.2815711064916615,4.262468698135809,0.2460742914565688,3.81837001620668,2.401684096152215,3.1083081333444023,0.0,24.784357761518287,0.0250272317862695,-0.1801048286740424,0.0240633974923566,-0.1801048286740424,0.0240633974923566,24.212689568545304,1.9666582936989505,8.612852120837465,0.3944005176257897,22.652861579859863,22.652861579859863,0.7000611913918274,0.6155428270017781,0.6326572612141744,0.59021815586834,65318467171.684525,<slsim.Lenses.lens.Lens object at 0x7facc80450d0>,-21.42139910922353,-23.896742396403766,-25.020398169592024,-25.303268398618524,-25.49325642861764,-25.49133675795747,,,,,,,,,,,,,,,,,,,,,,,,,,,,,,,,,,,,,,,,,,,,,,,,,,,24.784357761518287,1.996764112328288,-0.6463267586017089,-0.7677728579279086,1.7213366131832823,,,,,,,,,,,,,,,,,,,,,,,,,,24.784357761518287,,,,,,,,,,,,,,,,,,18.36900962908582,38.39650065817628,6.196490995569692,,,,"['g', 'r', 'i', 'z', 'y']",['z'],[18.36900963],[[38.39650066]],6.196490995569692,,,,,,,,
71,deblcdouble200,06072026,7.544895444547946,1.2013612727437695,0.9367820411138116,0.7964046941136839,31.87563935289741,0.3001360416350376,0.7701184905643697,0.0355793504357566,0.1495792148736536,2,-0.637710417293103,2.026368804444672,0.4475914243492133,1.131992367906043,1.9358102907021344,0.0,74.10436905100173,22.431364113245085,22.420894208384187,22.31602914348664,22.134143610533567,22.015451578677453,22.04313634442032,GAL-QSO-LENS_0.0081_-0.0271,0.606794255885439,2.2069039548681024,0.0080995612733672,-0.027080473273073,-0.0073485816006195,-0.0913881519681459,-1.2581948923902797e-05,-0.0005914269648072,0.0,0.0,-0.0076316943610471,22.431364113245085,24.125909115553725,0.5808861183210727,4.0,-0.1148725075676989,-0.0784773367062616,0.0080995612733672,-0.027080473273073,-0.5532051074890135,0.2675730433114238,0.5716125107977812,-0.3056514944008503,21.08537855617969,22.65485611304592,26.661375114388647,0.2199539415382794,1.0,0.1672328771507881,-0.0393337376206981,-0.1758027291524623,0.1696822609020675,22.420894208384187,23.89216269333538,0.5808861183210727,4.0,-0.1148725075676989,-0.0784773367062616,0.0080995612733672,-0.027080473273073,-0.5532051074890135,0.2675730433114238,0.5716125107977812,-0.3056514944008503,21.0749086513188,22.644386208185026,26.15080746246801,0.2199539415382794,1.0,0.1672328771507881,-0.0393337376206981,-0.1758027291524623,0.1696822609020675,22.31602914348664,22.81695063119706,0.5808861183210727,4.0,-0.1148725075676989,-0.0784773367062616,0.0080995612733672,-0.027080473273073,-0.5532051074890135,0.2675730433114238,0.5716125107977812,-0.3056514944008503,20.970043586421248,22.53952114328748,25.665355085022405,0.2199539415382794,1.0,0.1672328771507881,-0.0393337376206981,-0.1758027291524623,0.1696822609020675,22.134143610533567,21.858506468234538,0.5808861183210727,4.0,-0.1148725075676989,-0.0784773367062616,0.0080995612733672,-0.027080473273073,-0.5532051074890135,0.2675730433114238,0.5716125107977812,-0.3056514944008503,20.788158053468173,22.3576356103344,25.35995518446567,0.2199539415382794,1.0,0.1672328771507881,-0.0393337376206981,-0.1758027291524623,0.1696822609020675,22.015451578677453,21.038112933251384,0.5808861183210727,4.0,-0.1148725075676989,-0.0784773367062616,0.0080995612733672,-0.027080473273073,-0.5532051074890135,0.2675730433114238,0.5716125107977812,-0.3056514944008503,20.66946602161206,22.23894357847829,24.872476990603893,0.2199539415382794,1.0,0.1672328771507881,-0.0393337376206981,-0.1758027291524623,0.1696822609020675,22.04313634442032,20.674126685700088,0.5808861183210727,4.0,-0.1148725075676989,-0.0784773367062616,0.0080995612733672,-0.027080473273073,-0.5532051074890135,0.2675730433114238,0.5716125107977812,-0.3056514944008503,20.697150787354925,22.26662834422116,24.623605976108564,0.2199539415382794,1.0,0.1672328771507881,-0.0393337376206981,-0.1758027291524623,0.1696822609020675,234.9406313357951,1.9358102907021344,-97.5798786923664,3.4545717945379804,-23.47550964136468,-0.8139602567052933,2.0,0.0355793504357566,0.1495792148736536,0.3001360416350376,0.7701184905643697,0.4475914243492133,1.131992367906043,1.506581141777662,1.499977144044659,0.0,74.10436905100173,0.000591560783132,-0.1758027291524623,0.1696822609020675,-0.1758027291524623,0.1696822609020675,25.35995518446567,4.0619152774811536,7.544895444547946,0.2704822088588995,22.3576356103344,22.3576356103344,-0.8255171737438759,0.8320334432078994,-1.2711260990484354,0.7557412131896869,423185931188.7492,<slsim.Lenses.lens.Lens object at 0x7facc81eee50>,-22.579396502058103,-22.589866406919,-22.694731471816542,-22.87661700476962,-22.99530903662573,-22.96762427088287,,,,,,,,,,,,,,,,,,,,,,,,,,,,,,,,,,,,,,,,,,,,,,,,,,,74.10436905100173,2.212273795870601,-0.5367970755999039,-0.637710417293103,2.026368804444672,,,,,,,,,,,,,,,,,,,,,,,,,,74.10436905100173,,,,,,75.787013502855,6.7887820706885975,46.087562003302956,76.7656595192358,54.29244652902247,7.368340826062708,72.34069711719904,14.768466739787165,3.842976286654286,64.63489295989362,14.521712233560153,3.8107364424163674,78.60565052069951,51.75756018505117,7.194272734964332,,,,"['u', 'g', 'r', 'i', 'z', 'y']","['u', 'g', 'r', 'i', 'z']",[71.04834541],[[5.10173667]],2.2587024315452564,,,,,,,,
72,deblcdouble226,06072026,7.867899065319229,0.6373968983519938,1.3898937720361255,0.3298893949587691,64.00267602001685,0.2384921433632963,0.9187117501835094,0.0182634901868608,0.1676642820557451,2,-0.503978977874279,2.166193788016998,0.2509608920243555,1.0345144115427132,1.9785123446755133,0.0,71.92173358596212,23.533325185655187,23.20304583627634,22.79332555476404,22.3682593289048,22.087417988780004,22.017095402140303,GAL-QSO-LENS_0.0541_0.0060,0.2975294516315855,2.061299411974909,0.0541348885743676,0.0059517097757753,-0.0648177105640982,0.1496849026365791,-0.0149059805491262,-0.0160048737265473,0.0,0.0,0.0088538914811507,23.533325185655187,25.172825231031503,0.5410069460049762,4.0,-0.1845278469788629,0.1744038983316491,0.0541348885743676,0.0059517097757753,0.4089509733949897,-0.0340589199705046,-0.345985337416446,0.112290824312522,22.81686849928489,23.600283551109964,25.60811906122389,0.3392566888834562,1.0,0.0501146858085012,-0.1761633416786416,0.1860991376934173,-0.1282519635270953,23.20304583627634,24.963223440000345,0.5410069460049762,4.0,-0.1845278469788629,0.1744038983316491,0.0541348885743676,0.0059517097757753,0.4089509733949897,-0.0340589199705046,-0.345985337416446,0.112290824312522,22.48658914990604,23.27000420173112,25.403591565457475,0.3392566888834562,1.0,0.0501146858085012,-0.1761633416786416,0.1860991376934173,-0.1282519635270953,22.79332555476404,24.7591140245756,0.5410069460049762,4.0,-0.1845278469788629,0.1744038983316491,0.0541348885743676,0.0059517097757753,0.4089509733949897,-0.0340589199705046,-0.345985337416446,0.112290824312522,22.076868868393746,22.86028392021882,25.153001570634963,0.3392566888834562,1.0,0.0501146858085012,-0.1761633416786416,0.1860991376934173,-0.1282519635270953,22.3682593289048,23.81097730674077,0.5410069460049762,4.0,-0.1845278469788629,0.1744038983316491,0.0541348885743676,0.0059517097757753,0.4089509733949897,-0.0340589199705046,-0.345985337416446,0.112290824312522,21.651802642534506,22.435217694359576,25.00612157431157,0.3392566888834562,1.0,0.0501146858085012,-0.1761633416786416,0.1860991376934173,-0.1282519635270953,22.087417988780004,23.25017409919808,0.5410069460049762,4.0,-0.1845278469788629,0.1744038983316491,0.0541348885743676,0.0059517097757753,0.4089509733949897,-0.0340589199705046,-0.345985337416446,0.112290824312522,21.370961302409707,22.15437635423478,24.69714629769871,0.3392566888834562,1.0,0.0501146858085012,-0.1761633416786416,0.1860991376934173,-0.1282519635270953,22.017095402140303,22.535617361916703,0.5410069460049762,4.0,-0.1845278469788629,0.1744038983316491,0.0541348885743676,0.0059517097757753,0.4089509733949897,-0.0340589199705046,-0.345985337416446,0.112290824312522,21.30063871577001,22.08405376759508,24.4910451097706,0.3392566888834562,1.0,0.0501146858085012,-0.1761633416786416,0.1860991376934173,-0.1282519635270953,231.1657934317427,1.9785123446755133,-68.5851421790037,1.9345620968340853,3.336591406958416,-0.9401922215066756,2.0,0.0182634901868608,0.1676642820557451,0.2384921433632963,0.9187117501835094,0.2509608920243555,1.0345144115427132,1.6441213342027363,1.4032572454332095,0.0,71.92173358596212,0.0218710822579417,0.1860991376934173,-0.1282519635270953,0.1860991376934173,-0.1282519635270953,25.00612157431157,2.219574911945357,7.867899065319229,0.2642829016473286,22.435217694359576,22.435217694359576,0.9897234099850032,0.7195186019578762,1.192196395288886,0.5950184262692451,405212489952.326,<slsim.Lenses.lens.Lens object at 0x7fad5da841d0>,-21.5508562766874,-21.881135626066246,-22.290855907578543,-22.715922133437783,-22.99676347356258,-23.06708606020228,,,,,,,,,,,,,,,,,,,,,,,,,,,,,,,,,,,,,,,,,,,,,,,,,,,71.92173358596212,2.25489789729218,-0.4786406374636135,-0.503978977874279,2.166193788016998,,,,,,,,,,,,,,,,,,,,,,,,,,71.92173358596212,,,,,,,,,,,,72.17376589027997,75.22368176596774,8.673158695998117,64.06561271840025,59.910601271553325,7.740193878163087,,,,,,,"['u', 'g', 'r', 'i', 'z', 'y']","['r', 'i']",[67.66029144],[[33.34976072]],5.774925170135004,,,,,,,,
73,deblcdouble507,06072026,8.561895390465493,0.628188223860258,1.442111896313224,0.21421372089516,8.259767621212195,0.2796184855368714,0.9643324978416064,0.0269778695050148,0.135563209538771,2,-0.5629997927252275,2.5580247155910705,0.3738091360165894,1.40912408014835,3.047936601148316,0.0,40.36481938450324,23.85906850855385,22.751618722347537,22.35388856640864,22.16832931111817,22.15546085737713,21.95739616029748,GAL-QSO-LENS_-0.0331_0.0402,0.3010145548706665,2.228830331143275,-0.0330988672772282,0.0401592808919172,-0.0454016578198405,-0.0952990387959481,-0.0009206695410323,-0.0098834754009332,0.0,0.0,0.0303633921906573,23.85906850855385,26.440160892200584,0.6881380770780285,4.0,-0.0284599802459962,-0.0922337624371734,-0.0330988672772282,0.0401592808919172,-0.1604460316556783,0.0219870949143244,0.4899873714448818,-0.111127092635462,22.806285874465285,24.60311884948448,25.983669874227587,0.6960025201263221,1.0,0.1225795529464919,-0.130226771862611,-0.0872728422892354,0.2143879695849458,22.751618722347537,26.2523201451882,0.6881380770780285,4.0,-0.0284599802459962,-0.0922337624371734,-0.0330988672772282,0.0401592808919172,-0.1604460316556783,0.0219870949143244,0.4899873714448818,-0.111127092635462,21.69883608825897,23.495669063278164,24.60112128986445,0.6960025201263221,1.0,0.1225795529464919,-0.130226771862611,-0.0872728422892354,0.2143879695849458,22.35388856640864,26.02701440345217,0.6881380770780285,4.0,-0.0284599802459962,-0.0922337624371734,-0.0330988672772282,0.0401592808919172,-0.1604460316556783,0.0219870949143244,0.4899873714448818,-0.111127092635462,21.30110593232008,23.097938907339262,24.40149068425005,0.6960025201263221,1.0,0.1225795529464919,-0.130226771862611,-0.0872728422892354,0.2143879695849458,22.16832931111817,25.02177338708624,0.6881380770780285,4.0,-0.0284599802459962,-0.0922337624371734,-0.0330988672772282,0.0401592808919172,-0.1604460316556783,0.0219870949143244,0.4899873714448818,-0.111127092635462,21.11554667702961,22.9123796520488,24.197042459334696,0.6960025201263221,1.0,0.1225795529464919,-0.130226771862611,-0.0872728422892354,0.2143879695849458,22.15546085737713,24.40470141081966,0.6881380770780285,4.0,-0.0284599802459962,-0.0922337624371734,-0.0330988672772282,0.0401592808919172,-0.1604460316556783,0.0219870949143244,0.4899873714448818,-0.111127092635462,21.102678223288564,22.89951119830776,24.035950146599745,0.6960025201263221,1.0,0.1225795529464919,-0.130226771862611,-0.0872728422892354,0.2143879695849458,21.95739616029748,23.790490251413846,0.6881380770780285,4.0,-0.0284599802459962,-0.0922337624371734,-0.0330988672772282,0.0401592808919172,-0.1604460316556783,0.0219870949143244,0.4899873714448818,-0.111127092635462,20.904613526208912,22.701446501228105,24.01539695023545,0.6960025201263221,1.0,0.1225795529464919,-0.130226771862611,-0.0872728422892354,0.2143879695849458,176.45181353112562,3.047936601148316,-44.66195371190813,2.6370177533853365,-4.297134327404888,-0.5039411974792466,2.0,0.0269778695050148,0.135563209538771,0.2796184855368714,0.9643324978416064,0.3738091360165894,1.40912408014835,0.5184041758355205,0.6842776335582774,0.0,40.36481938450324,0.0099262640708696,-0.0872728422892354,0.2143879695849458,-0.0872728422892354,0.2143879695849458,24.197042459334696,1.5441483720395506,8.561895390465493,-0.6651845939372505,22.9123796520488,22.9123796520488,-1.0076982719331455,0.8090355995558401,-0.9350454927262924,0.8239441518136238,170182391788.5436,<slsim.Lenses.lens.Lens object at 0x7fe6f9326990>,-22.29444491330143,-23.401894699507743,-23.79962485544664,-23.98518411073711,-23.99805256447815,-24.1961172615578,,,,,,,,,,,,,,,,,,,,,,,,,,,,,,,,,,,,,,,,,,,,,,,,,,,40.36481938450324,,,-0.5629997927252275,2.5580247155910705,,,,,,,,,,,,,,,,,,,,,,,,,,40.36481938450324,,,,,,52.09470683254286,9.279573666709759,86.1104874358932,60.488586455745676,52.54953874311551,7.249106065103167,47.78425666494668,21.87334246420122,4.676894532080151,26.208429094455944,29.880011263405876,5.466261177752658,49.61111499945068,23.407258237957056,4.838104818827002,44.30564595546587,21.768673835686034,4.6656911423374385,"['u', 'g', 'r', 'i', 'z', 'y']","['u', 'g', 'r', 'i', 'z', 'y']",[45.20465001],[[5.03811455]],2.244574470160465,,,,,,,,
74,deblcdouble248,06072026,8.030735992604678,1.0317276488380087,1.632756726222472,0.2566703643178112,4.598956663048956,0.1820882310634176,0.7453582692400158,0.0212221040994815,0.1597448021112444,2,-0.5533078069345809,2.273428779209193,0.2329431548095156,1.4586146752298226,2.234607329266729,0.0,282.1055401272343,23.597536211271706,23.08174654305196,22.806133716603924,22.59226898772583,22.304014183632848,22.24343595806461,GAL-QSO-LENS_-0.0109_-0.0217,0.4458503557071413,2.325351412952119,-0.010872001706093,-0.0216762696368309,0.1070288938404984,0.2236981950580956,-0.0218650173322835,-0.023297737995569,0.0,0.0,0.0686668079544166,23.597536211271706,25.09087618399307,0.9747187660893328,4.0,-0.0040415809321782,0.0201267654324346,-0.010872001706093,-0.0216762696368309,0.1956894471871756,-0.0101306523248308,-0.8062366252672473,0.2047530027773106,23.069224532622307,24.38363394119898,24.80242446652263,0.2374658718419879,1.0,-0.0416951702905263,-0.1193836056182001,0.0506444179979133,-0.3726696043125754,23.08174654305196,24.900345852177143,0.9747187660893328,4.0,-0.0040415809321782,0.0201267654324346,-0.010872001706093,-0.0216762696368309,0.1956894471871756,-0.0101306523248308,-0.8062366252672473,0.2047530027773106,22.55343486440256,23.86784427297923,24.641890636165407,0.2374658718419879,1.0,-0.0416951702905263,-0.1193836056182001,0.0506444179979133,-0.3726696043125754,22.806133716603924,24.62998909990961,0.9747187660893328,4.0,-0.0040415809321782,0.0201267654324346,-0.010872001706093,-0.0216762696368309,0.1956894471871756,-0.0101306523248308,-0.8062366252672473,0.2047530027773106,22.27782203795453,23.5922314465312,24.55719146883893,0.2374658718419879,1.0,-0.0416951702905263,-0.1193836056182001,0.0506444179979133,-0.3726696043125754,22.59226898772583,23.872027945257347,0.9747187660893328,4.0,-0.0040415809321782,0.0201267654324346,-0.010872001706093,-0.0216762696368309,0.1956894471871756,-0.0101306523248308,-0.8062366252672473,0.2047530027773106,22.06395730907644,23.37836671765311,24.54275849383393,0.2374658718419879,1.0,-0.0416951702905263,-0.1193836056182001,0.0506444179979133,-0.3726696043125754,22.304014183632848,23.102539709305265,0.9747187660893328,4.0,-0.0040415809321782,0.0201267654324346,-0.010872001706093,-0.0216762696368309,0.1956894471871756,-0.0101306523248308,-0.8062366252672473,0.2047530027773106,21.775702504983453,23.09011191356013,24.54179323806364,0.2374658718419879,1.0,-0.0416951702905263,-0.1193836056182001,0.0506444179979133,-0.3726696043125754,22.24343595806461,22.618469519929786,0.9747187660893328,4.0,-0.0040415809321782,0.0201267654324346,-0.010872001706093,-0.0216762696368309,0.1956894471871756,-0.0101306523248308,-0.8062366252672473,0.2047530027773106,21.71512427941521,23.029533687991886,24.4327174167257,0.2374658718419879,1.0,-0.0416951702905263,-0.1193836056182001,0.0506444179979133,-0.3726696043125754,307.29140016717105,2.234607329266729,-298.4948808306619,1.626764443801922,-16.3893407034276,-0.4847980988121592,2.0,0.0212221040994815,0.1597448021112444,0.1820882310634176,0.7453582692400158,0.2329431548095156,1.4586146752298226,0.5129614865596729,0.0338969061714505,0.0,282.1055401272343,0.0319509558331397,0.0506444179979133,-0.3726696043125754,0.0506444179979133,-0.3726696043125754,24.54275849383393,2.4720013914271126,8.030735992604678,-0.6123281840426331,23.37836671765311,23.37836671765311,0.5622675374475321,0.6025846424807092,0.8844835186549472,0.9597688025587048,821038927092.5509,<slsim.Lenses.lens.Lens object at 0x7fad50097190>,-21.845340200303475,-22.361129868523225,-22.63674269497125,-22.850607423849347,-23.13886222794233,-23.19944045351057,,,,,,,,,,,,,,,,,,,,,,,,,,,,,,,,,,,,,,,,,,,,,,,,,,,282.1055401272343,2.04650553937505,-0.505579794949557,-0.5533078069345809,2.273428779209193,,,,,,,,,,,,,,,,,,,,,,,,,,282.1055401272343,,,,,,,,,,,,279.84163192208524,63.58378608192176,7.973944198570853,,,,,,,287.98737930483657,80.7465480826045,8.985908305931266,"['u', 'g', 'r', 'i', 'z', 'y']","['r', 'y']",[283.43018773],[[35.57236439]],5.964257237485492,,,,,,,,
75,deblcdouble217,06072026,8.146566540441851,0.5239228997871643,1.4348986980461504,0.4451865008369071,64.1340480090422,0.2676793800371346,0.5651329254572595,0.0356211752777342,0.1130417907080261,2,-0.4777884279032545,2.2838646914291454,0.4073793110939411,0.8961863015980384,4.697160137046654,0.0,12.638923118406487,30.056932660252023,26.85924139004296,24.7983332728088,23.32646070558114,23.131912136355453,23.104110249173782,GAL-QSO-LENS_0.0059_0.0046,0.2558793342353211,2.2441170641304544,0.0059444384934995,0.0046183466096159,0.0190063956584965,-0.044637762346212,-0.0342154052003375,0.0016958623084273,0.0,0.0,0.001749145909109,30.056932660252023,27.53777332197689,0.1827960597269711,4.0,0.0053780314732,0.0940822600746989,0.0059444384934995,0.0046183466096159,0.0707191523037873,-0.0769839773095354,-0.3274632345172326,0.1752086171154414,28.978421278966632,29.52742522779839,29.706916112260725,0.3338671011059073,1.0,0.469237242529005,-0.151128893650485,0.0340592808342093,-0.0800680302434208,26.85924139004296,27.302826414764496,0.1827960597269711,4.0,0.0053780314732,0.0940822600746989,0.0059444384934995,0.0046183466096159,0.0707191523037873,-0.0769839773095354,-0.3274632345172326,0.1752086171154414,25.78073000875756,26.32973395758932,28.14175936046645,0.3338671011059073,1.0,0.469237242529005,-0.151128893650485,0.0340592808342093,-0.0800680302434208,24.7983332728088,27.02952552369407,0.1827960597269711,4.0,0.0053780314732,0.0940822600746989,0.0059444384934995,0.0046183466096159,0.0707191523037873,-0.0769839773095354,-0.3274632345172326,0.1752086171154414,23.71982189152341,24.268825840355166,26.36309493368726,0.3338671011059073,1.0,0.469237242529005,-0.151128893650485,0.0340592808342093,-0.0800680302434208,23.32646070558114,25.980551592199447,0.1827960597269711,4.0,0.0053780314732,0.0940822600746989,0.0059444384934995,0.0046183466096159,0.0707191523037873,-0.0769839773095354,-0.3274632345172326,0.1752086171154414,22.24794932429575,22.796953273127507,26.067179552705984,0.3338671011059073,1.0,0.469237242529005,-0.151128893650485,0.0340592808342093,-0.0800680302434208,23.131912136355453,25.368110256743613,0.1827960597269711,4.0,0.0053780314732,0.0940822600746989,0.0059444384934995,0.0046183466096159,0.0707191523037873,-0.0769839773095354,-0.3274632345172326,0.1752086171154414,22.05340075507006,22.60240470390182,26.13015094728625,0.3338671011059073,1.0,0.469237242529005,-0.151128893650485,0.0340592808342093,-0.0800680302434208,23.104110249173782,24.72353706782541,0.1827960597269711,4.0,0.0053780314732,0.0940822600746989,0.0059444384934995,0.0046183466096159,0.0707191523037873,-0.0769839773095354,-0.3274632345172326,0.1752086171154414,22.025598867888394,22.57460281672015,25.97711660527157,0.3338671011059073,1.0,0.469237242529005,-0.151128893650485,0.0340592808342093,-0.0800680302434208,141.59447943803923,4.697160137046654,-20.795862105491565,2.7002535922865065,-8.156938987085079,-1.6285570351477596,2.0,0.0356211752777342,0.1130417907080261,0.2676793800371346,0.5651329254572595,0.4073793110939411,0.8961863015980384,0.4094510242952984,0.9267961340020512,0.0,12.638923118406488,0.0342574065275296,0.0340592808342093,-0.0800680302434208,0.0340592808342093,-0.0800680302434208,26.067179552705984,2.1450987641511587,8.146566540441851,-0.5212896304222243,22.796953273127507,22.796953273127507,-0.5841275808905859,0.9074583287427644,0.7568476952019642,0.8277595321479817,67914127256.85336,<slsim.Lenses.lens.Lens object at 0x7facc81f9950>,-17.0005115728652,-20.19820284307427,-22.259110960308423,-23.730983527536083,-23.92553209676177,-23.95333398394344,,,,,,,,,,,,,,,,,,,,,,,,,,,,,,,,,,,,,,,,,,,,,,,,,,,12.638923118406488,2.086996878073943,-0.3892039268308882,-0.4777884279032545,2.2838646914291454,,,,,,,,,,,,,,,,,,,,,,,,,,12.638923118406487,,,,,,,,,22.31871567650623,84.47682706463398,9.191127627480427,32.42755272131304,79.7537878497221,8.930497626096885,14.729977955578681,18.76012628480372,4.331296143743085,17.063451643939068,19.107822406340706,4.371249524602857,11.325797978758418,71.11980454196386,8.433255868403606,"['g', 'r', 'i', 'z', 'y']","['g', 'r', 'i', 'z', 'y']",[17.4090541],[[6.94077794]],2.6345356212093876,,,,,,,,
76,deblcdouble202,06072026,8.14236086060343,0.5055079648799273,0.9339676189796404,0.8109695205269288,58.92333790974309,0.344111164973835,1.848905380073342,0.0174566311393138,0.5815154934837686,2,-0.656429110999035,2.098205570731042,0.3004097957019377,1.612048472531793,2.841068424471312,0.0,14.92622686139664,23.798489086539043,22.550425746318137,21.96291628256701,21.595354415166483,21.420081762337777,21.112534662259502,GAL-QSO-LENS_-0.0089_0.0272,0.2680838675622349,1.9265328081117936,-0.0089048952847892,0.0272485150834921,0.2009445985461552,-0.0277514303291289,0.0216539122772149,-0.0227258396864016,0.0,0.0,0.0192576879646237,23.798489086539043,26.815354710852223,0.1775339599061245,4.0,0.0536059357398794,-0.0896938818021285,-0.0089048952847892,0.0272485150834921,0.2991022837637894,-0.0797034746627166,0.3304943196067256,-0.0042361689059962,22.627007915935987,24.482762705408447,25.934339636381363,0.2865022313953856,1.0,0.2100448056962835,-0.0444951845825908,0.1230970572166927,0.1159769871746929,22.550425746318137,26.47511909588668,0.1775339599061245,4.0,0.0536059357398794,-0.0896938818021285,-0.0089048952847892,0.0272485150834921,0.2991022837637894,-0.0797034746627166,0.3304943196067256,-0.0042361689059962,21.37894457571508,23.23469936518754,25.08620684235886,0.2865022313953856,1.0,0.2100448056962835,-0.0444951845825908,0.1230970572166927,0.1159769871746929,21.96291628256701,25.09258990645718,0.1775339599061245,4.0,0.0536059357398794,-0.0896938818021285,-0.0089048952847892,0.0272485150834921,0.2991022837637894,-0.0797034746627166,0.3304943196067256,-0.0042361689059962,20.79143511196396,22.647189901436416,25.00682395117696,0.2865022313953856,1.0,0.2100448056962835,-0.0444951845825908,0.1230970572166927,0.1159769871746929,21.595354415166483,24.07296245189368,0.1775339599061245,4.0,0.0536059357398794,-0.0896938818021285,-0.0089048952847892,0.0272485150834921,0.2991022837637894,-0.0797034746627166,0.3304943196067256,-0.0042361689059962,20.423873244563428,22.279628034035888,24.888267159786327,0.2865022313953856,1.0,0.2100448056962835,-0.0444951845825908,0.1230970572166927,0.1159769871746929,21.420081762337777,23.21904654424296,0.1775339599061245,4.0,0.0536059357398794,-0.0896938818021285,-0.0089048952847892,0.0272485150834921,0.2991022837637894,-0.0797034746627166,0.3304943196067256,-0.0042361689059962,20.24860059173472,22.10435538120718,24.810225306938907,0.2865022313953856,1.0,0.2100448056962835,-0.0444951845825908,0.1230970572166927,0.1159769871746929,21.112534662259502,22.858024654435606,0.1775339599061245,4.0,0.0536059357398794,-0.0896938818021285,-0.0089048952847892,0.0272485150834921,0.2991022837637894,-0.0797034746627166,0.3304943196067256,-0.0042361689059962,19.94105349165645,21.79680828112891,24.79511357884928,0.2865022313953856,1.0,0.2100448056962835,-0.0444951845825908,0.1230970572166927,0.1159769871746929,137.2557472562393,2.841068424471312,-12.980096174598346,2.941659953527043,1.9461306867982928,-0.5324643703728281,2.0,0.0174566311393138,0.5815154934837686,0.344111164973835,1.848905380073342,0.3004097957019377,1.612048472531793,-1.5346612997351938,-2.30315953491254,0.0,14.92622686139664,0.0313903760149723,0.1230970572166927,0.1159769871746929,0.1230970572166927,0.1159769871746929,24.888267159786327,2.567177188899058,8.14236086060343,0.5704766550832724,22.279628034035888,22.279628034035888,-0.0686183866892599,0.6627151530436796,-0.5160516889338499,0.8107871375755897,56526685260.26312,<slsim.Lenses.lens.Lens object at 0x7fad5012f650>,-22.175123574612915,-23.42318691483382,-24.010696378584942,-24.378258245985474,-24.55353089881418,-24.86107799889245,,,,,,,,,,,,,,,,,,,,,,,,,,,,,,,,,,,,,,,,,,,,,,,,,,,14.92622686139664,2.3808456599176298,-0.6225368921630073,-0.656429110999035,2.098205570731042,,,,,,,,,,,,,,,,,,,,,,,,,,14.92622686139664,,,,,,14.367639597334309,9.09661730970801,82.74844647927941,22.433720781761142,44.08264212816553,6.639476043195391,28.26691176721355,12.296625089441985,3.506654401198097,17.181575485624357,6.147667557786399,2.479449043192136,18.46578497328604,6.772644950545293,2.602430585154058,18.82460920773742,23.69029553263416,4.867267768741942,"['u', 'g', 'r', 'i', 'z', 'y']","['u', 'g', 'r', 'i', 'z', 'y']",[19.83959909],[[2.13392465]],1.4607958968420285,,,,,,,,
77,deblcdouble48,06072026,7.82747277379148,2.8560945669567785,0.3824347670717272,0.8280509861344318,33.668943678225126,0.4811131386228347,0.871634386608262,0.0292675934188279,0.1444388479465245,2,-0.5266017368887499,2.110181975164152,0.3006089108837448,0.5938070013914609,3.2660241666725165,0.0,60.480976133102025,25.37380898527641,23.649046041292333,22.99753176799201,22.691076388548545,22.577299884718016,22.397604851933583,GAL-QSO-LENS_0.0264_-0.0464,1.3706203804642323,1.841424205218716,0.0264076738478043,-0.0464402901943027,-0.0740884885453616,-0.0519519772904885,-0.0049839558238584,-0.0137330435833643,0.0,0.0,0.0547297013099511,25.37380898527641,21.67441903198095,1.010151870884349,4.0,-0.0546156553249218,-0.125742024813714,0.0264076738478043,-0.0464402901943027,1.7858547760426593,-0.6386354481768663,-0.8684564508228725,0.6412201132344694,23.50520044717289,24.19007402207126,28.76018204134669,0.4406820762331506,1.0,0.1266333426191135,0.1869503953548945,0.3302211667947704,-0.2641897924320931,23.649046041292333,20.2937792334498,1.010151870884349,4.0,-0.0546156553249218,-0.125742024813714,0.0264076738478043,-0.0464402901943027,1.7858547760426593,-0.6386354481768663,-0.8684564508228725,0.6412201132344694,21.780437503188807,22.465311078087183,26.51426379345797,0.4406820762331506,1.0,0.1266333426191135,0.1869503953548945,0.3302211667947704,-0.2641897924320931,22.99753176799201,18.8762140311652,1.010151870884349,4.0,-0.0546156553249218,-0.125742024813714,0.0264076738478043,-0.0464402901943027,1.7858547760426593,-0.6386354481768663,-0.8684564508228725,0.6412201132344694,21.128923229888493,21.813796804786865,26.25103987991644,0.4406820762331506,1.0,0.1266333426191135,0.1869503953548945,0.3302211667947704,-0.2641897924320931,22.691076388548545,18.30974611979597,1.010151870884349,4.0,-0.0546156553249218,-0.125742024813714,0.0264076738478043,-0.0464402901943027,1.7858547760426593,-0.6386354481768663,-0.8684564508228725,0.6412201132344694,20.822467850445022,21.507341425343395,26.09480523813265,0.4406820762331506,1.0,0.1266333426191135,0.1869503953548945,0.3302211667947704,-0.2641897924320931,22.577299884718016,17.987854689975965,1.010151870884349,4.0,-0.0546156553249218,-0.125742024813714,0.0264076738478043,-0.0464402901943027,1.7858547760426593,-0.6386354481768663,-0.8684564508228725,0.6412201132344694,20.708691346614494,21.393564921512866,25.95793944171335,0.4406820762331506,1.0,0.1266333426191135,0.1869503953548945,0.3302211667947704,-0.2641897924320931,22.397604851933583,17.82504844660507,1.010151870884349,4.0,-0.0546156553249218,-0.125742024813714,0.0264076738478043,-0.0464402901943027,1.7858547760426593,-0.6386354481768663,-0.8684564508228725,0.6412201132344694,20.528996313830056,21.213869888728432,25.90174605199304,0.4406820762331506,1.0,0.1266333426191135,0.1869503953548945,0.3302211667947704,-0.2641897924320931,247.76564123471923,3.2660241666725165,-70.78318116098278,5.590406847315227,-10.302205027880754,-2.97504805596541,2.0,0.0292675934188279,0.1444388479465245,0.4811131386228347,0.871634386608262,0.3006089108837448,0.5938070013914609,2.283622507203797,1.5252767103230216,0.0,60.480976133102025,0.0146094593232178,0.3302211667947704,-0.2641897924320931,0.3302211667947704,-0.2641897924320931,26.09480523813265,8.195872719635778,7.82747277379148,0.2277171722398004,21.507341425343395,21.507341425343395,-1.265025778656684,0.8340409578959953,-0.9902785739491364,0.7588742682195337,491445145743.5802,<slsim.Lenses.lens.Lens object at 0x7fad5da894d0>,-20.941829359584045,-22.666592303568123,-23.31810657686844,-23.62456195631191,-23.73833846014244,-23.91803349292688,,,,,,,,,,,,,,,,,,,,,,,,,,,,,,,,,,,,,,,,,,,,,,,,,,,60.480976133102025,2.095186342608389,-0.5347314521493901,-0.5266017368887499,2.110181975164152,,,,,,,,,,,,,,,,,,,,,,,,,,60.480976133102025,,,,,,,,,56.286102781077425,16.7642345699529,4.094415046127212,60.51740153857143,0.7339409782984572,0.8567035533359583,57.953069856167986,1.1502361239519623,1.0724906171859792,59.91161542310257,3.4748950608184592,1.8641070411375145,47.86233966806887,47.89757862150731,6.9208076567339525,"['u', 'g', 'r', 'i', 'z', 'y']","['g', 'r', 'i', 'z', 'y']",[59.39428103],[[0.38458562]],0.6201496726980781,,,,,,,,
78,deblcdouble122,06072026,7.698815785725668,1.2814402951903787,0.5269730327118931,0.9235487343093816,66.42978399218634,0.3371193080887577,0.9754737254278152,0.0236248156102923,0.2018632698675583,2,-0.6085507194632813,2.1006575967165806,0.3631253047076059,1.0120470926664478,2.821901405660212,0.0,28.081152387217518,24.063488788410893,23.142113286453423,22.7606283635786,22.54492515674028,22.4530315384499,22.23120468607953,GAL-QSO-LENS_-0.0237_0.0193,0.6969865475959877,2.021566370087473,-0.0236927552920698,0.0192609870207248,0.2075482499952641,0.0418487344688514,0.0020726685693218,0.0081877258523205,0.0,0.0,-0.0013732470382983,24.063488788410893,22.872636232056024,0.4437891970238872,4.0,0.2070633762977862,0.0418010118201428,-0.0236927552920698,0.0192609870207248,-0.6658489470707816,0.3850545954874312,0.6732014919064293,-0.0600726549010276,22.78328102854133,24.08885455369904,26.389899326948893,0.1924418886281842,1.0,-0.0328675105181651,-0.0630696782862206,-0.2475442214824215,0.1207162637817723,23.142113286453423,22.162899702166925,0.4437891970238872,4.0,0.2070633762977862,0.0418010118201428,-0.0236927552920698,0.0192609870207248,-0.6658489470707816,0.3850545954874312,0.6732014919064293,-0.0600726549010276,21.861905526583865,23.16747905174157,25.576839442531018,0.1924418886281842,1.0,-0.0328675105181651,-0.0630696782862206,-0.2475442214824215,0.1207162637817723,22.7606283635786,20.985285013746683,0.4437891970238872,4.0,0.2070633762977862,0.0418010118201428,-0.0236927552920698,0.0192609870207248,-0.6658489470707816,0.3850545954874312,0.6732014919064293,-0.0600726549010276,21.48042060370904,22.78599412886674,25.416727517121736,0.1924418886281842,1.0,-0.0328675105181651,-0.0630696782862206,-0.2475442214824215,0.1207162637817723,22.54492515674028,20.17361756853647,0.4437891970238872,4.0,0.2070633762977862,0.0418010118201428,-0.0236927552920698,0.0192609870207248,-0.6658489470707816,0.3850545954874312,0.6732014919064293,-0.0600726549010276,21.26471739687072,22.57029092202842,25.1952372610648,0.1924418886281842,1.0,-0.0328675105181651,-0.0630696782862206,-0.2475442214824215,0.1207162637817723,22.4530315384499,19.801819440076383,0.4437891970238872,4.0,0.2070633762977862,0.0418010118201428,-0.0236927552920698,0.0192609870207248,-0.6658489470707816,0.3850545954874312,0.6732014919064293,-0.0600726549010276,21.17282377858034,22.47839730373804,25.108413402645624,0.1924418886281842,1.0,-0.0328675105181651,-0.0630696782862206,-0.2475442214824215,0.1207162637817723,22.23120468607953,19.54701203986269,0.4437891970238872,4.0,0.2070633762977862,0.0418010118201428,-0.0236927552920698,0.0192609870207248,-0.6658489470707816,0.3850545954874312,0.6732014919064293,-0.0600726549010276,20.95099692620997,22.256570451367672,25.05527980389865,0.1924418886281842,1.0,-0.0328675105181651,-0.0630696782862206,-0.2475442214824215,0.1207162637817723,188.4973298438184,2.821901405660212,-33.18363839716854,3.2514951006347443,-5.1024860099510185,-0.976908062499648,2.0,0.0236248156102923,0.2018632698675583,0.3371193080887577,0.9754737254278152,0.3631253047076059,1.0120470926664478,1.5414522079939668,2.7468300862612325,0.0,28.08115238721752,0.0084459937029939,-0.2475442214824215,0.1207162637817723,-0.2475442214824215,0.1207162637817723,25.1952372610648,5.888681814569685,7.698815785725668,0.6391441254453228,22.57029092202842,22.57029092202842,0.0994829951361044,0.6505391436548887,0.0995991114837984,0.6511996844538938,213230442924.77643,<slsim.Lenses.lens.Lens object at 0x7fad500ddd10>,-21.89430721720112,-22.815682719158588,-23.197167642033413,-23.412870848871734,-23.50476446716211,-23.72659131953248,,,,,,,,,,,,,,,,,,,,,,,,,,,,,,,,,,,,,,,,,,,,,,,,,,,28.08115238721752,1.947545531728405,-0.6298359735662895,-0.6085507194632813,2.1006575967165806,,,,,,,,,,,,,,,,,,,,,,,,,,28.081152387217518,,,,,,,,,31.685434948279653,23.98390094933995,4.8973361074506565,28.3502871628072,6.152567686903292,2.4804369951488976,26.138969635893226,7.061257212846297,2.6573026197342102,38.33728966436785,10.347734690205655,3.2167895004500457,20.81857773824115,43.318794074864165,6.581701457439722,"['u', 'g', 'r', 'i', 'z', 'y']","['g', 'r', 'i', 'z', 'y']",[29.67590351],[[2.14790278]],1.4655725096843923,,,,,,,,
79,deblcdouble428,06072026,7.892036274173623,2.346672121279888,0.764531937692357,0.129728738404074,86.80039697110671,0.3018252413636743,0.6537330252207774,0.0428403180918132,0.1578646435007561,2,-0.4361403758763318,2.693757220505926,0.3246991315642736,0.7254854892763677,1.7873387811672603,0.0,162.92364737066313,23.89214977703112,23.6268721011374,23.40885042527762,23.015142496524795,22.95074245149944,22.88772124043054,GAL-QSO-LENS_-0.0295_-0.0188,1.1493585410029037,2.046239928841028,-0.0295125492999029,-0.0188306849626838,0.0484594586403921,0.0538128569462573,-0.0308035443409826,-0.014156620107992,0.0,0.0,-0.0159426570400216,23.89214977703112,24.4020238506664,1.0627227030287756,4.0,-0.0447230126655655,-0.0618615036501973,-0.0295125492999029,-0.0188306849626838,-0.8235706129424174,0.5202171453790615,1.3447932708779284,-0.5790322163681431,22.84736067229992,22.91460983530093,24.08139414591476,0.6170477502559695,1.0,-0.3519330090521531,-0.2605846687561842,-0.27097674918808,0.3090727063704155,23.6268721011374,23.102612411844447,1.0627227030287756,4.0,-0.0447230126655655,-0.0618615036501973,-0.0295125492999029,-0.0188306849626838,-0.8235706129424174,0.5202171453790615,1.3447932708779284,-0.5790322163681431,22.5820829964062,22.64933215940721,23.99857613515319,0.6170477502559695,1.0,-0.3519330090521531,-0.2605846687561842,-0.27097674918808,0.3090727063704155,23.40885042527762,21.491938271117185,1.0627227030287756,4.0,-0.0447230126655655,-0.0618615036501973,-0.0295125492999029,-0.0188306849626838,-0.8235706129424174,0.5202171453790615,1.3447932708779284,-0.5790322163681431,22.36406132054642,22.431310483547428,23.814196697424546,0.6170477502559695,1.0,-0.3519330090521531,-0.2605846687561842,-0.27097674918808,0.3090727063704155,23.015142496524795,20.219266824526613,1.0627227030287756,4.0,-0.0447230126655655,-0.0618615036501973,-0.0295125492999029,-0.0188306849626838,-0.8235706129424174,0.5202171453790615,1.3447932708779284,-0.5790322163681431,21.970353391793594,22.037602554794603,23.672062706816515,0.6170477502559695,1.0,-0.3519330090521531,-0.2605846687561842,-0.27097674918808,0.3090727063704155,22.95074245149944,19.6138532627796,1.0627227030287756,4.0,-0.0447230126655655,-0.0618615036501973,-0.0295125492999029,-0.0188306849626838,-0.8235706129424174,0.5202171453790615,1.3447932708779284,-0.5790322163681431,21.905953346768232,21.97320250976924,23.467475092487827,0.6170477502559695,1.0,-0.3519330090521531,-0.2605846687561842,-0.27097674918808,0.3090727063704155,22.88772124043054,19.308027093060304,1.0627227030287756,4.0,-0.0447230126655655,-0.0618615036501973,-0.0295125492999029,-0.0188306849626838,-0.8235706129424174,0.5202171453790615,1.3447932708779284,-0.5790322163681431,21.84293213569934,21.910181298700348,23.352468954127684,0.6170477502559695,1.0,-0.3519330090521531,-0.2605846687561842,-0.27097674918808,0.3090727063704155,298.8428499161755,1.7873387811672603,-208.5992470943177,2.6176744972346,-45.67559972365456,-2.460458117060619,2.0,0.0428403180918132,0.1578646435007561,0.3018252413636743,0.6537330252207774,0.3246991315642736,0.7254854892763677,1.1146685559044682,1.5912090202583835,0.0,162.92364737066316,0.0339008589396919,-0.27097674918808,0.3090727063704155,-0.27097674918808,0.3090727063704155,23.672062706816515,4.156873430698724,7.892036274173623,0.3209622554815671,22.037602554794603,22.037602554794603,0.4188474921761036,0.8649471424078153,-1.09838101553375,0.8581579818341016,846579877082.0994,<slsim.Lenses.lens.Lens object at 0x7fe684296890>,-20.886647319972106,-21.151924995865823,-21.369946671725604,-21.76365460047843,-21.82805464550379,-21.891075856572684,,,,,,,,,,,,,,,,,,,,,,,,,,,,,,,,,,,,,,,,,,,,,,,,,,,162.92364737066316,,,-0.4361403758763318,2.693757220505926,,,,,,,,,,,,,,,,,,,,,,,,,,162.92364737066313,,,,,,,,,160.5505657706105,23.32340867522849,4.8294315064227265,160.61613157795938,16.96313133187418,4.118632216145814,159.60947314488493,51.47865809484995,7.1748629321297805,162.84582927804774,64.74093883985596,8.04617541692051,,,,"['u', 'g', 'r', 'i', 'z', 'y']","['g', 'r', 'i', 'z']",[160.7044594],[[7.31537124]],2.7046942975657724,,,,,,,,
80,deblcdouble64,06072026,7.580052657372061,0.9004407142868948,0.6301640136321491,0.912066122075002,64.17621715138654,0.2990554117024822,1.4512914824284104,0.0136159259732861,0.2613693287957638,2,-0.600103194183907,1.937563045431824,0.3572746996748437,1.8074996850182032,2.7032972813688256,0.0,29.5177283435344,24.007758145026177,23.24685159577266,22.911049573645528,22.766672221966605,22.631901086517058,22.45248694251039,GAL-QSO-LENS_0.0511_0.0235,0.4396188722108718,2.1247210467071285,0.0510511990042754,0.0234682563405025,-0.014506099612023,0.0684960933678536,0.0106371869029231,-0.0213408454147141,0.0,0.0,0.0342443919221423,24.007758145026177,25.775901040494823,0.3200271279352812,4.0,0.0468572474009868,0.0051167734181704,0.0510511990042754,0.0234682563405025,0.431988398811722,-0.0390320525178416,0.6519311646637249,-0.1154886776486742,22.90955103310964,25.22326426399031,26.931730396208703,0.1822475317313038,1.0,-0.2002738269947919,0.0738666350879102,0.2211484430486638,0.2974097358648968,23.24685159577266,24.18500454859108,0.3200271279352812,4.0,0.0468572474009868,0.0051167734181704,0.0510511990042754,0.0234682563405025,0.431988398811722,-0.0390320525178416,0.6519311646637249,-0.1154886776486742,22.14864448385612,24.4623577147368,26.37119494792442,0.1822475317313038,1.0,-0.2002738269947919,0.0738666350879102,0.2211484430486638,0.2974097358648968,22.911049573645528,22.730288623745945,0.3200271279352812,4.0,0.0468572474009868,0.0051167734181704,0.0510511990042754,0.0234682563405025,0.431988398811722,-0.0390320525178416,0.6519311646637249,-0.1154886776486742,21.812842461728987,24.12655569260966,26.23297779664984,0.1822475317313038,1.0,-0.2002738269947919,0.0738666350879102,0.2211484430486638,0.2974097358648968,22.766672221966605,21.591320654527017,0.3200271279352812,4.0,0.0468572474009868,0.0051167734181704,0.0510511990042754,0.0234682563405025,0.431988398811722,-0.0390320525178416,0.6519311646637249,-0.1154886776486742,21.668465110050064,23.982178340930737,26.02265574754012,0.1822475317313038,1.0,-0.2002738269947919,0.0738666350879102,0.2211484430486638,0.2974097358648968,22.631901086517058,21.18555801406267,0.3200271279352812,4.0,0.0468572474009868,0.0051167734181704,0.0510511990042754,0.0234682563405025,0.431988398811722,-0.0390320525178416,0.6519311646637249,-0.1154886776486742,21.53369397460052,23.84740720548119,25.97330727844675,0.1822475317313038,1.0,-0.2002738269947919,0.0738666350879102,0.2211484430486638,0.2974097358648968,22.45248694251039,20.88587586187056,0.3200271279352812,4.0,0.0468572474009868,0.0051167734181704,0.0510511990042754,0.0234682563405025,0.431988398811722,-0.0390320525178416,0.6519311646637249,-0.1154886776486742,21.35427983059385,23.66799306147452,25.85650778831911,0.1822475317313038,1.0,-0.2002738269947919,0.0738666350879102,0.2211484430486638,0.2974097358648968,156.75399553371514,2.7032972813688256,-26.72765969840554,2.749684368409872,2.790068645128863,-0.3264356278202604,2.0,0.0136159259732861,0.2613693287957638,0.2990554117024822,1.4512914824284104,0.3572746996748437,1.8074996850182032,-1.0887335816648955,-1.147837935921824,0.0,29.5177283435344,0.0238449455487414,0.2211484430486638,0.2974097358648968,0.2211484430486638,0.2974097358648968,26.02265574754012,3.32722845185376,7.580052657372061,0.2539529471899556,23.982178340930737,23.982178340930737,0.8897463421440414,0.8691321579175048,0.0543841105513698,0.909971956755301,109431225083.4124,<slsim.Lenses.lens.Lens object at 0x7fad500917d0>,-21.863294970105606,-22.62420151935912,-22.96000354148625,-23.10438089316517,-23.23915202861473,-23.4185661726214,,,,,,,,,,,,,,,,,,,,,,,,,,,,,,,,,,,,,,,,,,,,,,,,,,,29.5177283435344,2.455860229826798,-0.496135101751294,-0.600103194183907,1.937563045431824,,,,,,,,,,,,,,,,,,,,,,,,,,29.5177283435344,,,,,,,,,,,,53.82031745356747,86.7587944812915,9.314440105625861,16.723367613499228,70.21770491530145,8.379600522417608,,,,,,,"['u', 'g', 'r', 'i', 'z', 'y']","['r', 'i']",[33.31733351],[[38.80837866]],6.229637121252473,,,,,,,,
81,deblcdouble346,06072026,8.885466797531809,1.6914886199528951,0.1804994850136904,0.372916716013951,32.47836918875617,0.3071664486191559,1.7803589173532606,0.0210000868116136,0.428817906733827,2,-0.718501014569921,2.1667584147540726,0.2652915222390786,1.7214900714221175,2.149368984549469,0.0,24.18250258475235,21.16434968727392,20.768494188874254,20.29175375830044,19.94996697504604,19.615431949442364,19.551324918159853,GAL-QSO-LENS_-0.0272_-0.0335,0.8066534017278053,1.9931420141161555,-0.0271854699197517,-0.0334575056899618,0.0306967244992997,-0.0260973119890234,0.0098547591227413,0.0230528702634941,0.0,0.0,0.0399688603674094,21.16434968727392,20.40859170179841,1.115237861998182,4.0,-0.0740801423544404,0.040034228654146,-0.0271854699197517,-0.0334575056899618,0.2464872468533763,-0.04643626632242,1.409949883916882,-0.2559821575718752,20.19535223644141,22.094127792811097,22.564609037703725,1.170831832796868,1.0,0.3828878990341434,0.3447320673900746,0.042150263220599,0.5574470296784827,20.768494188874254,18.82343691434044,1.115237861998182,4.0,-0.0740801423544404,0.040034228654146,-0.0271854699197517,-0.0334575056899618,0.2464872468533763,-0.04643626632242,1.409949883916882,-0.2559821575718752,19.799496738041743,21.69827229441143,22.40903062150118,1.170831832796868,1.0,0.3828878990341434,0.3447320673900746,0.042150263220599,0.5574470296784827,20.29175375830044,17.801334373651358,1.115237861998182,4.0,-0.0740801423544404,0.040034228654146,-0.0271854699197517,-0.0334575056899618,0.2464872468533763,-0.04643626632242,1.409949883916882,-0.2559821575718752,19.32275630746793,21.22153186383762,22.291033253549934,1.170831832796868,1.0,0.3828878990341434,0.3447320673900746,0.042150263220599,0.5574470296784827,19.94996697504604,17.35263737876184,1.115237861998182,4.0,-0.0740801423544404,0.040034228654146,-0.0271854699197517,-0.0334575056899618,0.2464872468533763,-0.04643626632242,1.409949883916882,-0.2559821575718752,18.98096952421353,20.879745080583216,22.28791866449972,1.170831832796868,1.0,0.3828878990341434,0.3447320673900746,0.042150263220599,0.5574470296784827,19.615431949442364,17.1007446507667,1.115237861998182,4.0,-0.0740801423544404,0.040034228654146,-0.0271854699197517,-0.0334575056899618,0.2464872468533763,-0.04643626632242,1.409949883916882,-0.2559821575718752,18.646434498609857,20.545210054979545,22.227173513078363,1.170831832796868,1.0,0.3828878990341434,0.3447320673900746,0.042150263220599,0.5574470296784827,19.551324918159853,16.917491262927648,1.115237861998182,4.0,-0.0740801423544404,0.040034228654146,-0.0271854699197517,-0.0334575056899618,0.2464872468533763,-0.04643626632242,1.409949883916882,-0.2559821575718752,18.582327467327342,20.48110302369703,22.1153184055674,1.170831832796868,1.0,0.3828878990341434,0.3447320673900746,0.042150263220599,0.5574470296784827,180.07626010796207,2.149368984549469,-20.477982621653315,2.441175374485671,3.7045199630990338,-0.4247063533140659,2.0,0.0210000868116136,0.428817906733827,0.3071664486191559,1.7803589173532606,0.2652915222390786,1.7214900714221175,-0.2800289526550764,-0.1582248867629782,0.0,24.18250258475235,0.0250709214978777,0.042150263220599,0.5574470296784827,0.042150263220599,0.5574470296784827,22.28791866449972,1.82302400113224,8.885466797531809,0.2558025833288487,20.879745080583216,20.879745080583216,-0.3522952187569054,0.922539121617948,1.3230679801906988,0.8446683344857221,182802207968.4676,<slsim.Lenses.lens.Lens object at 0x7facc8213b10>,-24.163921250151937,-24.5597767485516,-25.03651717912541,-25.378303962379817,-25.71283898798349,-25.776946019266003,,,,,,,,,,,,,,,,,,,,,,,,,,,,,,,,,,,,,,,,,,,,,,,,,,,24.18250258475235,2.282799792816576,-0.7389521148209245,-0.718501014569921,2.1667584147540726,,,,,,,,,,,,,,,,,,,,,,,,,,24.18250258475235,,,,,,17.757595168586093,7.567720904137138,57.270399682914224,30.897274790970236,79.40494662148733,8.910945327039512,30.788589220475767,11.800319224267609,3.4351592720378497,22.74412707619009,0.4652122674242838,0.6820647091180453,23.743446122995962,0.7109358882150398,0.8431701419138606,31.56610729100246,8.66997221171913,2.944481654165828,"['u', 'g', 'r', 'i', 'z', 'y']","['u', 'g', 'r', 'i', 'z', 'y']",[23.56828311],[[0.26411065]],0.5139169726532132,,,,,,,,
82,deblcdouble218,06072026,8.042901860678818,0.94174239053975,0.4520312441061064,0.6823546702800599,36.459116843297366,0.2537713996109586,2.083736068759931,0.0211584042008946,0.6599492178477684,2,-0.6913005869188865,2.6478977576180656,0.2792388702623254,2.4052168495316373,1.875008578871894,0.0,26.39016737854003,23.25322287322729,22.44764163151497,21.71754227394891,20.9724134311073,20.6858421440071,20.469905166895632,GAL-QSO-LENS_0.0162_-0.0412,0.4519581731010882,2.076951123159416,0.0162167825182123,-0.0412070949867096,0.0537425475515464,0.0297409467991482,0.000590614846647,0.0037034796777949,0.0,0.0,0.0111240743806514,23.25322287322729,23.575104464566287,0.4788637167536546,4.0,0.0657171948387661,0.0429703566957884,0.0162167825182123,-0.0412070949867096,0.5048550699544836,-0.0588739044153843,0.6271621379536745,-0.1272173246481514,22.453795918922776,24.912612773624577,25.2556864383452,0.6944187099928166,1.0,-0.0648804166430535,-0.0075087681250618,0.2564449584761701,0.2621824418933223,22.44764163151497,22.471079212923847,0.4788637167536546,4.0,0.0657171948387661,0.0429703566957884,0.0162167825182123,-0.0412070949867096,0.5048550699544836,-0.0588739044153843,0.6271621379536745,-0.1272173246481514,21.64821467721045,24.10703153191225,24.97366277343233,0.6944187099928166,1.0,-0.0648804166430535,-0.0075087681250618,0.2564449584761701,0.2621824418933223,21.71754227394891,21.12855720104321,0.4788637167536546,4.0,0.0657171948387661,0.0429703566957884,0.0162167825182123,-0.0412070949867096,0.5048550699544836,-0.0588739044153843,0.6271621379536745,-0.1272173246481514,20.9181153196444,23.376932174346194,24.63609211161696,0.6944187099928166,1.0,-0.0648804166430535,-0.0075087681250618,0.2564449584761701,0.2621824418933223,20.9724134311073,20.45552636739788,0.4788637167536546,4.0,0.0657171948387661,0.0429703566957884,0.0162167825182123,-0.0412070949867096,0.5048550699544836,-0.0588739044153843,0.6271621379536745,-0.1272173246481514,20.17298647680278,22.63180333150458,24.34598500958657,0.6944187099928166,1.0,-0.0648804166430535,-0.0075087681250618,0.2564449584761701,0.2621824418933223,20.6858421440071,20.119687632268622,0.4788637167536546,4.0,0.0657171948387661,0.0429703566957884,0.0162167825182123,-0.0412070949867096,0.5048550699544836,-0.0588739044153843,0.6271621379536745,-0.1272173246481514,19.886415189702586,22.345232044404383,23.94412003016712,0.6944187099928166,1.0,-0.0648804166430535,-0.0075087681250618,0.2564449584761701,0.2621824418933223,20.469905166895632,19.90091074056316,0.4788637167536546,4.0,0.0657171948387661,0.0429703566957884,0.0162167825182123,-0.0412070949867096,0.5048550699544836,-0.0588739044153843,0.6271621379536745,-0.1272173246481514,19.67047821259112,22.129295067292915,23.77253113774436,0.6944187099928166,1.0,-0.0648804166430535,-0.0075087681250618,0.2564449584761701,0.2621824418933223,154.83172307215443,1.875008578871894,-21.67158369911361,2.08819370261184,4.71858367942642,-0.2168922528827807,2.0,0.0211584042008946,0.6599492178477684,0.2537713996109586,2.083736068759931,0.2792388702623254,2.4052168495316373,-1.2510399118066953,-1.4298308441103131,0.0,26.39016737854003,0.0037502783391263,0.2564449584761701,0.2621824418933223,0.2564449584761701,0.2621824418933223,24.34598500958657,1.7237560705904502,8.042901860678818,-0.609479468393616,22.63180333150458,22.63180333150458,0.2527236386689173,0.8842629128918408,0.2895447114904544,0.854395128098426,104057606321.2523,<slsim.Lenses.lens.Lens object at 0x7fad5010b650>,-21.650742979563287,-22.45632422127561,-23.18642357884167,-23.93155242168328,-24.21812370878348,-24.43406068589495,,,,,,,,,,,,,,,,,,,,,,,,,,,,,,,,,,,,,,,,,,,,,,,,,,,26.39016737854003,2.573493315149154,-0.6603582088970024,-0.6913005869188865,2.6478977576180656,,,,,,,,,,,,,,,,,,,,,,,,,,26.39016737854003,,,,,,,,,37.228875815643704,82.50549604216057,9.083253604417338,23.425231056595415,86.69843035753789,9.31119919009028,19.842438957999928,36.981032753643355,6.08120323239105,24.11218503520718,87.5431071532584,9.356447357478073,28.720409795780903,48.36534960647498,6.954520084554719,"['u', 'g', 'r', 'i', 'z', 'y']","['g', 'r', 'i', 'z', 'y']",[25.69294172],[[12.07810704]],3.4753571098183076,,,,,,,,
83,deblcdouble349,06072026,7.311533271274891,1.0467187445119523,0.8905877742613546,0.8009292682790424,55.14934192891408,0.1573989686897464,0.3195339817944851,0.0221785233981076,0.0486589911125414,2,-0.4214223839369438,1.8085695005001303,0.4784800520978823,0.8037819829624038,3.181070819034799,0.0,24.035373243793316,26.62226091000684,24.935398664836576,24.270055715061865,23.962921554839056,23.84383613795585,23.607636048131496,GAL-QSO-LENS_-0.0013_0.0330,0.5378141073205137,2.299669633137741,-0.0013345152655258,0.0330235758563328,-0.1821959041883733,0.0963521267935541,-0.0480247156021985,-0.026562723874283,0.0,0.0,-0.0688533050658741,26.62226091000684,24.479693128901378,0.6414909982373074,4.0,-0.17720731248194,0.080256614505616,-0.0013345152655258,0.0330235758563328,-0.5342620113273716,0.3396342574267335,0.3648371994938778,-0.2112925094869479,25.827698849806072,24.778575354239084,28.3809171524372,0.4481756902783008,1.0,-0.1431449413652067,-0.1030529302385042,-0.1274362534877793,0.1056693317607086,24.935398664836576,24.25396651490161,0.6414909982373074,4.0,-0.17720731248194,0.080256614505616,-0.0013345152655258,0.0330235758563328,-0.5342620113273716,0.3396342574267335,0.3648371994938778,-0.2112925094869479,24.14083660463581,23.091713109068827,26.58765041802188,0.4481756902783008,1.0,-0.1431449413652067,-0.1030529302385042,-0.1274362534877793,0.1056693317607086,24.270055715061865,23.25262874218684,0.6414909982373074,4.0,-0.17720731248194,0.080256614505616,-0.0013345152655258,0.0330235758563328,-0.5342620113273716,0.3396342574267335,0.3648371994938778,-0.2112925094869479,23.475493654861104,22.42637015929412,26.37927204227214,0.4481756902783008,1.0,-0.1431449413652067,-0.1030529302385042,-0.1274362534877793,0.1056693317607086,23.962921554839056,22.261086837244523,0.6414909982373074,4.0,-0.17720731248194,0.080256614505616,-0.0013345152655258,0.0330235758563328,-0.5342620113273716,0.3396342574267335,0.3648371994938778,-0.2112925094869479,23.16835949463829,22.119235999071307,26.11389923549587,0.4481756902783008,1.0,-0.1431449413652067,-0.1030529302385042,-0.1274362534877793,0.1056693317607086,23.84383613795585,21.51006777134888,0.6414909982373074,4.0,-0.17720731248194,0.080256614505616,-0.0013345152655258,0.0330235758563328,-0.5342620113273716,0.3396342574267335,0.3648371994938778,-0.2112925094869479,23.049274077755094,22.000150582188105,25.93596262177932,0.4481756902783008,1.0,-0.1431449413652067,-0.1030529302385042,-0.1274362534877793,0.1056693317607086,23.607636048131496,21.22468000004203,0.6414909982373074,4.0,-0.17720731248194,0.080256614505616,-0.0013345152655258,0.0330235758563328,-0.5342620113273716,0.3396342574267335,0.3648371994938778,-0.2112925094869479,22.813073987930736,21.763950492363747,25.942586155064923,0.4481756902783008,1.0,-0.1431449413652067,-0.1030529302385042,-0.1274362534877793,0.1056693317607086,186.57451973535964,3.181070819034799,-53.85455130443452,2.078857995085335,-29.819178060641207,-5.463541198895671,2.0,0.0221785233981076,0.0486589911125414,0.1573989686897464,0.3195339817944851,0.4784800520978823,0.8037819829624038,2.1713014764584506,1.999269991898109,0.0,24.03537324379332,0.0548812500613229,-0.1274362534877793,0.1056693317607086,-0.1274362534877793,0.1056693317607086,26.11389923549587,2.562488399443197,7.311533271274891,0.100130244049238,22.119235999071307,22.119235999071307,1.3275708226693752,0.6582310570753194,1.3581662037183149,0.674292788402535,207169373960.0109,<slsim.Lenses.lens.Lens object at 0x7fad9fd9b1d0>,-19.629540075261733,-21.31640232043199,-21.9817452702067,-22.28887943042951,-22.407964847312712,-22.64416493713707,,,,,,,,,,,,,,,,,,,,,,,,,,,,,,,,,,,,,,,,,,,,,,,,,,,24.03537324379332,2.353047676608288,-0.439647183589585,-0.4214223839369438,1.8085695005001303,,,,,,,,,,,,,,,,,,,,,,,,,,24.035373243793316,,,,,,,,,,,,27.86651715856275,10.332797403983955,3.214466892656379,24.230252207645908,32.69058425075782,5.717568036390807,34.74718528802684,31.034375549164842,5.570850522960102,,,,"['g', 'r', 'i', 'z', 'y']","['r', 'i', 'z']",[28.55877498],[[6.26600202]],2.5031983588601268,,,,,,,,
84,deblcdouble201,06072026,8.469143919649781,1.9450651462898032,1.6181436939366909,0.3640601378021287,70.55263809616737,0.3033053062648847,0.5981319132833418,0.0444365197488731,0.1466992314677879,2,-0.592746713962823,2.5139516748732325,0.3371457269734152,0.6496145979792751,3.603648209365197,0.0,238.41979601787807,25.32193138456073,23.151229423959432,22.346087912740984,22.16129306855742,21.99566609242491,22.02797407909105,GAL-QSO-LENS_0.0366_0.0114,0.950452183444221,2.0234415638224847,0.036594530890666,0.0114464484708361,-0.1463415465344278,-0.0755088815859368,-0.0105489008568457,-0.0130601654287945,0.0,0.0,0.0001721689051224,25.32193138456073,23.51793864717652,0.9318186518760166,4.0,0.0593237041709883,-0.0419445770975853,0.036594530890666,0.0114464484708361,1.2665715023879356,-0.5591408682084669,0.3774843266565193,-0.2933753927801436,24.24746026732072,23.8614555666802,28.36286268044919,0.2214905166334166,1.0,-0.5388290220372458,0.2038959380362459,0.3373731886607906,0.11792662504758,23.151229423959432,23.49494670526676,0.9318186518760166,4.0,0.0593237041709883,-0.0419445770975853,0.036594530890666,0.0114464484708361,1.2665715023879356,-0.5591408682084669,0.3774843266565193,-0.2933753927801436,22.07675830671942,21.6907536060789,25.77606582459753,0.2214905166334166,1.0,-0.5388290220372458,0.2038959380362459,0.3373731886607906,0.11792662504758,22.346087912740984,23.394580624038834,0.9318186518760166,4.0,0.0593237041709883,-0.0419445770975853,0.036594530890666,0.0114464484708361,1.2665715023879356,-0.5591408682084669,0.3774843266565193,-0.2933753927801436,21.27161679550097,20.88561209486045,25.35077250146351,0.2214905166334166,1.0,-0.5388290220372458,0.2038959380362459,0.3373731886607906,0.11792662504758,22.16129306855742,23.111243667853213,0.9318186518760166,4.0,0.0593237041709883,-0.0419445770975853,0.036594530890666,0.0114464484708361,1.2665715023879356,-0.5591408682084669,0.3774843266565193,-0.2933753927801436,21.086821951317408,20.700817250676888,25.392000945646075,0.2214905166334166,1.0,-0.5388290220372458,0.2038959380362459,0.3373731886607906,0.11792662504758,21.99566609242491,22.69847270972752,0.9318186518760166,4.0,0.0593237041709883,-0.0419445770975853,0.036594530890666,0.0114464484708361,1.2665715023879356,-0.5591408682084669,0.3774843266565193,-0.2933753927801436,20.921194975184896,20.535190274544377,25.299219537009577,0.2214905166334166,1.0,-0.5388290220372458,0.2038959380362459,0.3373731886607906,0.11792662504758,22.02797407909105,22.34235014191757,0.9318186518760166,4.0,0.0593237041709883,-0.0419445770975853,0.036594530890666,0.0114464484708361,1.2665715023879356,-0.5591408682084669,0.3774843266565193,-0.2933753927801436,20.95350296185104,20.56749826121052,25.21660523454381,0.2214905166334166,1.0,-0.5388290220372458,0.2038959380362459,0.3373731886607906,0.11792662504758,313.72237356390514,3.603648209365197,-312.1488893562052,2.690224025399639,-73.72909333832713,-3.838754399206583,2.0,0.0444365197488731,0.1466992314677879,0.3033053062648847,0.5981319132833418,0.3371457269734152,0.6496145979792751,-2.548275273153246,-2.199429311959227,0.0,238.41979601787807,0.0167883063563613,0.3373731886607906,0.11792662504758,0.3373731886607906,0.11792662504758,25.392000945646075,4.883416852268217,8.469143919649781,0.5815329628152036,20.700817250676888,20.700817250676888,-1.3326226212164407,0.7172191126105475,-0.3077195335612206,0.8645335900381078,834278012945.7509,<slsim.Lenses.lens.Lens object at 0x7fad500d3890>,-21.168443147039124,-23.339145107640423,-24.14428661885887,-24.329081463042435,-24.494708439174943,-24.462400452508803,,,,,,,,,,,,,,,,,,,,,,,,,,,,,,,,,,,,,,,,,,,,,,,,,,,238.41979601787807,1.9985213135171185,-0.6070754074150368,-0.592746713962823,2.5139516748732325,,,,,,,,,,,,,,,,,,,,,,,,,,238.41979601787807,,,,,,,,,,,,,,,223.80145090528254,62.92259631027871,7.9323764604485785,,,,,,,"['u', 'g', 'r', 'i', 'z', 'y']",['i'],[223.80145091],[[62.92259631]],7.9323764604485785,,,,,,,,
85,deblcdouble67,06072026,7.072309371418433,1.5182581793999996,0.7237559720021419,0.5024351809641883,76.40359240154707,0.3372817552992706,0.9318478960343202,0.0163142282978456,0.1755155800975956,2,-0.4958900941064635,2.0258802825914364,0.3046620708773508,0.8832125081478879,2.024216373957572,0.0,67.57940265422184,24.81577265948085,24.62502354119844,24.32062254079713,23.967194428727623,23.69340487385473,23.66709905546221,GAL-QSO-LENS_0.0080_0.0067,0.8059899327889452,1.956969825144045,0.0079923131211658,0.0066742658416715,0.0412323510699558,-0.158713398857758,-0.0006789980560395,0.0179404372909695,0.0,0.0,-0.0117767220993593,24.81577265948085,24.525817763871974,0.3517129743827645,4.0,0.0485656342167845,-0.1483852728279661,0.0079923131211658,0.0066742658416715,-1.0129426726579849,0.4695733091863915,-0.4200601353329786,-0.0925631691012187,23.664643690833383,24.539614630654302,28.48349473956748,0.0864134425870456,1.0,-0.0782237658685499,0.1905147457683502,-0.2751603281965158,-0.0149208368936429,24.62502354119844,23.3713237918252,0.3517129743827645,4.0,0.0485656342167845,-0.1483852728279661,0.0079923131211658,0.0066742658416715,-1.0129426726579849,0.4695733091863915,-0.4200601353329786,-0.0925631691012187,23.47389457255097,24.34886551237189,27.757234491703507,0.0864134425870456,1.0,-0.0782237658685499,0.1905147457683502,-0.2751603281965158,-0.0149208368936429,24.32062254079713,21.910155570042907,0.3517129743827645,4.0,0.0485656342167845,-0.1483852728279661,0.0079923131211658,0.0066742658416715,-1.0129426726579849,0.4695733091863915,-0.4200601353329786,-0.0925631691012187,23.16949357214967,24.044464511970588,27.212905477060744,0.0864134425870456,1.0,-0.0782237658685499,0.1905147457683502,-0.2751603281965158,-0.0149208368936429,23.967194428727623,20.656259584769064,0.3517129743827645,4.0,0.0485656342167845,-0.1483852728279661,0.0079923131211658,0.0066742658416715,-1.0129426726579849,0.4695733091863915,-0.4200601353329786,-0.0925631691012187,22.81606546008016,23.69103639990108,26.87048330077112,0.0864134425870456,1.0,-0.0782237658685499,0.1905147457683502,-0.2751603281965158,-0.0149208368936429,23.69340487385473,20.148238253720816,0.3517129743827645,4.0,0.0485656342167845,-0.1483852728279661,0.0079923131211658,0.0066742658416715,-1.0129426726579849,0.4695733091863915,-0.4200601353329786,-0.0925631691012187,22.54227590520727,23.41724684502819,26.38268895541445,0.0864134425870456,1.0,-0.0782237658685499,0.1905147457683502,-0.2751603281965158,-0.0149208368936429,23.66709905546221,19.837379887704422,0.3517129743827645,4.0,0.0485656342167845,-0.1483852728279661,0.0079923131211658,0.0066742658416715,-1.0129426726579849,0.4695733091863915,-0.4200601353329786,-0.0925631691012187,22.515970086814743,23.390941026635662,26.075662832649407,0.0864134425870456,1.0,-0.0782237658685499,0.1905147457683502,-0.2751603281965158,-0.0149208368936429,234.93316574858903,2.024216373957572,-75.92895521238218,2.887031932266524,-8.349552558160333,-1.2896243110260808,2.0,0.0163142282978456,0.1755155800975956,0.3372817552992706,0.9318478960343202,0.3046620708773508,0.8832125081478879,-2.4023010209212114,2.6923162271105125,0.0,67.57940265422184,0.0179532818323368,-0.2751603281965158,-0.0149208368936429,-0.2751603281965158,-0.0149208368936429,26.87048330077112,5.216831514635766,7.072309371418433,-0.0202589823168584,23.69103639990108,23.69103639990108,-0.6583119086813127,0.7182398387581268,-0.6272454168831464,0.7299081491980771,423141289799.4256,<slsim.Lenses.lens.Lens object at 0x7fad740c5850>,-20.33583073204688,-20.52657985032928,-20.830980850730587,-21.18440896280009,-21.458198517672987,-21.48450433606552,,,,,,,,,,,,,,,,,,,,,,,,,,,,,,,,,,,,,,,,,,,,,,,,,,,67.57940265422184,2.1834932548090134,-0.4216462429711497,-0.4958900941064635,2.0258802825914364,,,,,,,,,,,,,,,,,,,,,,,,,,67.57940265422184,,,,,,,,,,,,73.8993569065102,39.980270360998524,6.3229953630378795,74.21621679877802,30.36137898115518,5.510116058773643,58.5852200532907,47.99427265434898,6.927789882375834,55.81043008569479,75.98374936096673,8.716865799183026,"['u', 'g', 'r', 'i', 'z', 'y']","['r', 'i', 'z', 'y']",[67.95333747],[[10.87601448]],3.297880301475944,,,,,,,,
86,deblcquad433,06072026,8.400387827252453,0.4353432018696223,1.2611015309199656,0.6976301014389147,68.40007171037027,0.4703933716913803,0.5052125370855542,0.0221327044952328,0.0358038011885853,4,-0.6089587350073529,2.011703714223164,0.2063821243141922,0.2827072533977559,4.925635965322531,0.0,4.274548298708073,29.09397109480033,27.617891148462,24.22437509624627,22.37939476424088,21.987435011398347,21.72433048318926,GAL-QSO-LENS_-0.0267_-0.0355,0.4489456487168458,1.778435252044795,-0.0266607777700256,-0.0355185469160211,0.2044262616418492,-0.0824097562196073,-0.0458427604064179,-0.0182798088508794,0.0,0.0,0.036956581929207,29.09397109480033,26.65971587592097,0.2424042708636634,4.0,0.1638100019574073,0.0064566448002408,-0.0266607777700256,-0.0355185469160211,0.1689060281892037,0.3041875662154199,-0.6065494597824322,0.389419781338466,27.534909732750886,27.136965070067053,30.58323409457375,0.3494725815646758,1.0,0.0075804284157696,0.1461343396886727,0.0593963844804157,-0.0602624243759162,27.617891148462,26.413459971011022,0.2424042708636634,4.0,0.1638100019574073,0.0064566448002408,-0.0266607777700256,-0.0355185469160211,0.1689060281892037,0.3041875662154199,-0.6065494597824322,0.389419781338466,26.058829786412552,25.66088512372872,29.43854064323968,0.3494725815646758,1.0,0.0075804284157696,0.1461343396886727,0.0593963844804157,-0.0602624243759162,24.22437509624627,25.64105105472776,0.2424042708636634,4.0,0.1638100019574073,0.0064566448002408,-0.0266607777700256,-0.0355185469160211,0.1689060281892037,0.3041875662154199,-0.6065494597824322,0.389419781338466,22.665313734196825,22.26736907151299,27.02295989956443,0.3494725815646758,1.0,0.0075804284157696,0.1461343396886727,0.0593963844804157,-0.0602624243759162,22.37939476424088,24.431713337274093,0.2424042708636634,4.0,0.1638100019574073,0.0064566448002408,-0.0266607777700256,-0.0355185469160211,0.1689060281892037,0.3041875662154199,-0.6065494597824322,0.389419781338466,20.82033340219144,20.4223887395076,26.710390180609,0.3494725815646758,1.0,0.0075804284157696,0.1461343396886727,0.0593963844804157,-0.0602624243759162,21.987435011398347,23.741973867331044,0.2424042708636634,4.0,0.1638100019574073,0.0064566448002408,-0.0266607777700256,-0.0355185469160211,0.1689060281892037,0.3041875662154199,-0.6065494597824322,0.389419781338466,20.428373649348902,20.03042898666507,26.639087029835164,0.3494725815646758,1.0,0.0075804284157696,0.1461343396886727,0.0593963844804157,-0.0602624243759162,21.72433048318926,22.950060012658565,0.2424042708636634,4.0,0.1638100019574073,0.0064566448002408,-0.0266607777700256,-0.0355185469160211,0.1689060281892037,0.3041875662154199,-0.6065494597824322,0.389419781338466,20.16526912113981,19.76732445845598,26.561186023242787,0.3494725815646758,1.0,0.0075804284157696,0.1461343396886727,0.0593963844804157,-0.0602624243759162,177.04286877614857,4.925635965322531,-23.755466914065032,4.203630600292875,-19.48091861535696,6.064603467398113,4.0,0.0221327044952328,0.0358038011885853,0.4703933716913803,0.5052125370855542,0.2063821243141922,0.2827072533977559,0.8430988946060546,-1.5849323288705628,0.0,4.274548298708073,0.0493529137265971,0.0593963844804157,-0.0602624243759162,0.0593963844804157,-0.0602624243759162,26.710390180609,4.560059295506028,8.400387827252453,0.7007401644815064,20.4223887395076,20.51164730332712,-0.191599600738159,0.6387907900205133,0.0196975282444703,0.7183057666964382,171814904487.75266,<slsim.Lenses.lens.Lens object at 0x7fe6f941abd0>,-18.074443050927787,-19.55052299726612,-22.944039049481848,-24.78901938148724,-25.18097913432977,-25.44408366253886,0.4639139012134033,-0.2836136685743743,-0.015563182898558,0.0155752901125584,27.22622363388657,28.69466455278975,0.4639139012134033,-0.2836136685743743,-0.015563182898558,0.0155752901125584,25.750143687548235,27.21858460645141,0.4639139012134033,-0.2836136685743743,-0.015563182898558,0.0155752901125584,22.356627635332508,23.82506855423569,0.4639139012134033,-0.2836136685743743,-0.015563182898558,0.0155752901125584,20.51164730332712,21.980088222230297,0.4639139012134033,-0.2836136685743743,-0.015563182898558,0.0155752901125584,20.119687550484585,21.588128469387765,0.4639139012134033,-0.2836136685743743,-0.015563182898558,0.0155752901125584,19.856583022275498,21.32502394117868,-17.837580290645203,-5.5859749572808814,-2.975201105675952,-1.444516865420716,0.0737789573431937,0.2540798617554522,0.6959334108478492,1.1428935196158223,0.5210338465182237,0.8442106024865355,-3.065222019374354,2.790515769261349,5.917886623419829,20.78026580838908,14.86237918496925,,,-0.6089587350073529,2.011703714223164,,,,,,,,,,,,,,,,,,,,,,,,,,4.274548298708073,5.917886623419829,20.78026580838908,1.6433383247117561,16.505717509681006,14.86237918496925,,,,,,,,,,[ 6.55737047  5.84259236 29.31789407 -0.58142209 23.58825304 23.271237  ],"[[ 10.54173681   4.89104668   5.7919513   -4.11360012  -3.62031927
    1.05561916]
 [  4.89104668  24.75095647   7.14211526  15.20717188   1.53472357
  -15.9365552 ]
 [  5.7919513    7.14211526  36.65122094   0.73007814  23.24140106
   22.1403411 ]
 [ -4.11360012  15.20717188   0.73007814  21.57444501   5.21346245
  -14.98933954]
 [ -3.62031927   1.53472357  23.24140106   5.21346245  36.20239292
   21.28213553]
 [  1.05561916 -15.9365552   22.1403411  -14.98933954  21.28213553
   54.0171259 ]]",1.980163103591676,,,,,,,"['r', 'i', 'z', 'y']",['i'],[ 6.55737047  5.84259236 29.31789407 -0.58142209 23.58825304 23.271237  ],"[[ 10.54173681   4.89104668   5.7919513   -4.11360012  -3.62031927
    1.05561916]
 [  4.89104668  24.75095647   7.14211526  15.20717188   1.53472357
  -15.9365552 ]
 [  5.7919513    7.14211526  36.65122094   0.73007814  23.24140106
   22.1403411 ]
 [ -4.11360012  15.20717188   0.73007814  21.57444501   5.21346245
  -14.98933954]
 [ -3.62031927   1.53472357  23.24140106   5.21346245  36.20239292
   21.28213553]
 [  1.05561916 -15.9365552   22.1403411  -14.98933954  21.28213553
   54.0171259 ]]",1.9801631035916762,0.6959334108478492,1.1428935196158223,0.0737789573431937,0.2540798617554522,0.5210338465182237,0.8442106024865355,5.917886623419829,20.78026580838908
87,deblcdouble172,06072026,8.695883430333875,0.5307811563823033,1.0192644699596158,0.5945393815304546,37.67845586134032,0.2137883885283973,1.0136322327038545,0.0245312985192795,0.2862994374983329,2,-0.8974634315680348,2.104965012817944,0.3441405051851935,1.6427877210123147,3.2925188953546214,0.0,18.088922276122474,23.693949182158832,21.894051071531788,21.22386814033091,20.911220162438383,20.77493209969513,20.659922825709256,GAL-QSO-LENS_0.0014_0.0393,0.2546249932439032,2.251569720118105,0.0013790955399562,0.0392877234291435,-0.0088719848158394,-0.0734103364714803,-0.0069248987812141,-0.0033196040667243,0.0,0.0,-0.0010511434795028,23.693949182158832,28.33738887044199,0.1917539925862204,4.0,-0.0035112676823917,-0.0784927877335587,0.0013790955399562,0.0392877234291435,-0.0880380158211351,0.0385394848099275,0.4403311836314666,-0.0751363442541689,22.94071388788304,24.771781655426004,27.80133702712024,0.3218192493933199,1.0,0.1523366479485083,-0.2876797782794811,-0.0463351996455738,0.2174156350516827,21.894051071531788,27.632060909663004,0.1917539925862204,4.0,-0.0035112676823917,-0.0784927877335587,0.0013790955399562,0.0392877234291435,-0.0880380158211351,0.0385394848099275,0.4403311836314666,-0.0751363442541689,21.140815777256,22.97188354479896,25.442483865578453,0.3218192493933199,1.0,0.1523366479485083,-0.2876797782794811,-0.0463351996455738,0.2174156350516827,21.22386814033091,25.86837280873459,0.1917539925862204,4.0,-0.0035112676823917,-0.0784927877335587,0.0013790955399562,0.0392877234291435,-0.0880380158211351,0.0385394848099275,0.4403311836314666,-0.0751363442541689,20.47063284605512,22.301700613598083,25.23779702385341,0.3218192493933199,1.0,0.1523366479485083,-0.2876797782794811,-0.0463351996455738,0.2174156350516827,20.911220162438383,24.8491990328772,0.1917539925862204,4.0,-0.0035112676823917,-0.0784927877335587,0.0013790955399562,0.0392877234291435,-0.0880380158211351,0.0385394848099275,0.4403311836314666,-0.0751363442541689,20.1579848681626,21.989052635705555,25.18134860801883,0.3218192493933199,1.0,0.1523366479485083,-0.2876797782794811,-0.0463351996455738,0.2174156350516827,20.77493209969513,23.854726934612664,0.1917539925862204,4.0,-0.0035112676823917,-0.0784927877335587,0.0013790955399562,0.0392877234291435,-0.0880380158211351,0.0385394848099275,0.4403311836314666,-0.0751363442541689,20.021696805419342,21.852764572962304,25.132286485166745,0.3218192493933199,1.0,0.1523366479485083,-0.2876797782794811,-0.0463351996455738,0.2174156350516827,20.659922825709256,23.35265898954689,0.1917539925862204,4.0,-0.0035112676823917,-0.0784927877335587,0.0013790955399562,0.0392877234291435,-0.0880380158211351,0.0385394848099275,0.4403311836314666,-0.0751363442541689,19.906687531433462,21.737755298976428,25.089868453629293,0.3218192493933199,1.0,0.1523366479485083,-0.2876797782794811,-0.0463351996455738,0.2174156350516827,133.67634847360458,3.2925188953546214,-18.56018793201236,2.00121669691106,-0.4712656558898865,-0.3705672296077839,2.0,0.0245312985192795,0.2862994374983329,0.2137883885283973,1.0136322327038545,0.3441405051851935,1.6427877210123147,0.4244674217523805,0.6168961868177911,0.0,18.088922276122474,0.0076794527337483,-0.0463351996455738,0.2174156350516827,-0.0463351996455738,0.2174156350516827,25.18134860801883,1.815281064248424,8.695883430333875,-0.237443641932543,21.989052635705555,21.989052635705555,-0.8455338714269222,0.8622936224923734,-0.8077500791688158,0.8543048836828884,48604520093.71936,<slsim.Lenses.lens.Lens object at 0x7fad500fc990>,-22.64596070115681,-24.44585881178385,-25.11604174298473,-25.42868972087726,-25.56497778362051,-25.679987057606382,,,,,,,,,,,,,,,,,,,,,,,,,,,,,,,,,,,,,,,,,,,,,,,,,,,18.088922276122474,1.940633879340456,-0.6239902608225789,-0.8974634315680348,2.104965012817944,,,,,,,,,,,,,,,,,,,,,,,,,,18.088922276122474,,,,,,,,,18.03410867673773,87.34275977763632,9.345734844175514,16.164010517279607,48.18635961570288,6.941639548096896,27.507804021750186,50.78680835521966,7.126486396199719,8.705914261738174,89.47265325312621,9.458998533308176,19.79831851777728,40.17154037999548,6.338102269606848,"['u', 'g', 'r', 'i', 'z', 'y']","['g', 'r', 'i', 'z', 'y']",[19.02758674],[[11.36855795]],3.37172922265163,,,,,,,,
88,deblcdouble75,06072026,6.310041871826111,1.177566139600496,0.5629427545360631,0.3764048786522926,8.924861360561136,0.3867950122858045,0.5552243713011925,0.0421805797982092,0.0831170084941556,2,-0.3100909820189473,2.07304598791376,0.38932172247889,0.5519190158031274,1.117669485065483,0.0,16.66372469256372,25.59964961855302,25.267580725797146,24.854305381967595,24.78749750562639,24.812363921122373,24.668105373449727,GAL-QSO-LENS_-0.0490_-0.0146,0.5856876736075403,1.991122369297858,-0.049033133430992,-0.0145748077692026,0.0490414132978126,-0.0353506126993208,-0.0110544739925756,-0.0098980440435813,0.0,0.0,-0.0192785532787599,25.59964961855302,22.859082678647137,0.6076712237296275,4.0,0.0020939226644891,-0.057492915076554,-0.049033133430992,-0.0145748077692026,-0.1069307151262668,-0.0711576403138404,-0.7021126975241838,0.4749099446760755,23.97744357997164,23.170968359094555,27.496043946326665,0.1401146590640526,1.0,0.0965078792900307,0.0719442746141416,-0.0569361572512583,-0.1152021974385268,25.267580725797146,21.99701279911781,0.6076712237296275,4.0,0.0020939226644891,-0.057492915076554,-0.049033133430992,-0.0145748077692026,-0.1069307151262668,-0.0711576403138404,-0.7021126975241838,0.4749099446760755,23.645374687215764,22.83889946633868,27.244439225609327,0.1401146590640526,1.0,0.0965078792900307,0.0719442746141416,-0.0569361572512583,-0.1152021974385268,24.854305381967595,20.77545176497603,0.6076712237296275,4.0,0.0020939226644891,-0.057492915076554,-0.049033133430992,-0.0145748077692026,-0.1069307151262668,-0.0711576403138404,-0.7021126975241838,0.4749099446760755,23.232099343386214,22.42562412250913,26.774986364740062,0.1401146590640526,1.0,0.0965078792900307,0.0719442746141416,-0.0569361572512583,-0.1152021974385268,24.78749750562639,19.850299082306027,0.6076712237296275,4.0,0.0020939226644891,-0.057492915076554,-0.049033133430992,-0.0145748077692026,-0.1069307151262668,-0.0711576403138404,-0.7021126975241838,0.4749099446760755,23.16529146704501,22.35881624616793,26.255740538976973,0.1401146590640526,1.0,0.0965078792900307,0.0719442746141416,-0.0569361572512583,-0.1152021974385268,24.812363921122373,19.48872817350812,0.6076712237296275,4.0,0.0020939226644891,-0.057492915076554,-0.049033133430992,-0.0145748077692026,-0.1069307151262668,-0.0711576403138404,-0.7021126975241838,0.4749099446760755,23.19015788254099,22.383682661663908,25.541951834005552,0.1401146590640526,1.0,0.0965078792900307,0.0719442746141416,-0.0569361572512583,-0.1152021974385268,24.668105373449727,19.25156321853007,0.6076712237296275,4.0,0.0020939226644891,-0.057492915076554,-0.049033133430992,-0.0145748077692026,-0.1069307151262668,-0.0711576403138404,-0.7021126975241838,0.4749099446760755,23.045899334868345,22.239424113991262,25.188564778862748,0.1401146590640526,1.0,0.0965078792900307,0.0719442746141416,-0.0569361572512583,-0.1152021974385268,220.9312956741661,1.117669485065483,-32.59652568873955,4.45535603982019,-15.932800996175828,-9.364239307911417,2.0,0.0421805797982092,0.0831170084941556,0.3867950122858045,0.5552243713011925,0.38932172247889,0.5519190158031274,-0.1975066196535185,0.0747796857927805,0.0,16.66372469256372,0.0148382165754921,-0.0569361572512583,-0.1152021974385268,-0.0569361572512583,-0.1152021974385268,26.255740538976973,9.250315310085965,6.310041871826111,0.3930597376226029,22.35881624616793,22.35881624616793,-0.3122853418327685,0.8859840948330826,-0.7671959417302253,0.8911974561167736,348852877187.99005,<slsim.Lenses.lens.Lens object at 0x7fad50106a10>,-18.15702444341506,-18.48909333617094,-18.902368680000485,-18.969176556341694,-18.944310140845708,-19.08856868851836,,,,,,,,,,,,,,,,,,,,,,,,,,,,,,,,,,,,,,,,,,,,,,,,,,,16.66372469256372,2.1028591292066365,-0.3368448345365543,-0.3100909820189473,2.07304598791376,,,,,,,,,,,,,,,,,,,,,,,,,,16.66372469256372,,,,,,,,,41.890923968798056,24.955014541186426,4.9954994286043535,22.508763674544213,22.90701335409704,4.78612717696647,7.0945721475768195,55.37240195794087,7.441263465161066,17.222705539958046,17.960209153774997,4.237948696453863,,,,"['u', 'g', 'r', 'i', 'z', 'y']","['g', 'r', 'i', 'z']",[23.80422771],[[6.35061615]],2.520042885711593,,,,,,,,
89,deblcdouble236,06072026,7.744489795880275,1.6079917227706697,0.5321239015765276,0.6213566301898866,76.33690131235979,0.4978921765181605,1.2500349548732743,0.0535576795406628,0.2905250293227457,2,-0.6006130937251943,1.791145035588,0.3960220842563353,1.0322987925659035,2.2474154963487982,0.0,42.28152347528279,22.83914365598724,22.56316217471458,22.43891036620393,22.362971951537183,22.161525305397937,22.1776182068436,GAL-QSO-LENS_-0.0352_-0.0421,0.888624438872261,1.903933507670048,-0.0351598112160773,-0.0420923737114449,-0.2697355049024994,0.0047381583348848,-0.044344720374319,0.0276435557688102,0.0,0.0,0.0324630105030278,22.83914365598724,22.307162357125907,0.6267416526699556,4.0,-0.1202234161133217,-0.087820524980165,-0.0351598112160773,-0.0420923737114449,-0.5860809731539375,0.0065648200631877,0.9744108882785686,-0.5203828581229313,20.28663407002904,22.842529471192574,25.69268717071566,0.2539152201069616,1.0,0.0334624069585637,0.0497759059607835,-0.0783178745359062,0.2469700051709362,22.56316217471458,21.5859352424754,0.6267416526699556,4.0,-0.1202234161133217,-0.087820524980165,-0.0351598112160773,-0.0420923737114449,-0.5860809731539375,0.0065648200631877,0.9744108882785686,-0.5203828581229313,20.010652588756383,22.56654798991992,25.384966182584176,0.2539152201069616,1.0,0.0334624069585637,0.0497759059607835,-0.0783178745359062,0.2469700051709362,22.43891036620393,20.430180683651404,0.6267416526699556,4.0,-0.1202234161133217,-0.087820524980165,-0.0351598112160773,-0.0420923737114449,-0.5860809731539375,0.0065648200631877,0.9744108882785686,-0.5203828581229313,19.88640078024574,22.44229618140928,25.19096884813021,0.2539152201069616,1.0,0.0334624069585637,0.0497759059607835,-0.0783178745359062,0.2469700051709362,22.362971951537183,19.62706107890953,0.6267416526699556,4.0,-0.1202234161133217,-0.087820524980165,-0.0351598112160773,-0.0420923737114449,-0.5860809731539375,0.0065648200631877,0.9744108882785686,-0.5203828581229313,19.810462365578985,22.36635776674252,25.044145687027,0.2539152201069616,1.0,0.0334624069585637,0.0497759059607835,-0.0783178745359062,0.2469700051709362,22.161525305397937,19.28409600683353,0.6267416526699556,4.0,-0.1202234161133217,-0.087820524980165,-0.0351598112160773,-0.0420923737114449,-0.5860809731539375,0.0065648200631877,0.9744108882785686,-0.5203828581229313,19.60901571943974,22.164911120603275,24.8707593930984,0.2539152201069616,1.0,0.0334624069585637,0.0497759059607835,-0.0783178745359062,0.2469700051709362,22.1776182068436,19.053992205690708,0.6267416526699556,4.0,-0.1202234161133217,-0.087820524980165,-0.0351598112160773,-0.0420923737114449,-0.5860809731539375,0.0065648200631877,0.9744108882785686,-0.5203828581229313,19.6251086208854,22.18100402204893,24.63446512135077,0.2539152201069616,1.0,0.0334624069585637,0.0497759059607835,-0.0783178745359062,0.2469700051709362,219.61512965565373,2.2474154963487982,-45.21241282832695,10.495516950968042,-2.930889353044157,-0.9968864062702762,2.0,0.0535576795406628,0.2905250293227457,0.4978921765181605,1.2500349548732743,0.3960220842563353,1.0322987925659035,1.0923580503820398,0.2009215877709571,0.0,42.28152347528279,0.0522553384891904,-0.0783178745359062,0.2469700051709362,-0.0783178745359062,0.2469700051709362,25.044145687027,7.866880836801894,7.744489795880275,-0.824027716823676,22.36635776674252,22.36635776674252,1.5620142588062176,0.5750795738379809,-1.2553516665240192,0.7408214715306983,343045780830.7449,<slsim.Lenses.lens.Lens object at 0x7facc8220a90>,-22.62013946870072,-22.89612094997337,-23.02037275848401,-23.096311173150767,-23.297757819290013,-23.28166491784436,,,,,,,,,,,,,,,,,,,,,,,,,,,,,,,,,,,,,,,,,,,,,,,,,,,42.28152347528279,1.5924128808690106,-0.6547741604972469,-0.6006130937251943,1.791145035588,,,,,,,,,,,,,,,,,,,,,,,,,,42.28152347528279,,,,,,52.37102563653144,7.666466499964321,58.77470859507519,39.42018590570748,54.831691896658995,7.404842462649627,36.44632242706656,7.2116884193427,2.685458698126393,40.506909491356964,15.009373639614854,3.8741932888815516,44.85038920452332,18.048610438866174,4.248365619725564,53.67801593183546,63.059073164060884,7.940974320828703,"['u', 'g', 'r', 'i', 'z', 'y']","['u', 'g', 'r', 'i', 'z', 'y']",[40.72661673],[[3.20713639]],1.7908479521519285,,,,,,,,
90,deblcdouble214,06072026,6.949471995649144,0.835570287071377,0.3129533139460444,0.6817611527922528,33.71148924426068,0.4552503830840054,1.0999863133278351,0.0374433225992621,0.2050878434297066,2,-0.443980216142338,2.3665452174745583,0.3553992191146237,0.9139947827580523,0.4315904926399815,0.0,21.27656822813856,20.64257127943805,20.52288623728356,20.34104144794595,20.36380423278776,19.7521101162132,20.124028966192743,GAL-QSO-LENS_-0.0238_-0.0308,0.4010735476068365,1.930456582018813,-0.0237622844260432,-0.0307625869319247,0.0698882087349798,-0.0693682750499955,0.0495209833329571,0.0314403508876312,0.0,0.0,0.1124859083507578,20.64257127943805,21.88062558227965,0.849860944816076,4.0,0.0042995424167386,-0.0134222218897155,-0.0237622844260432,-0.0307625869319247,0.159779313920594,-0.1343422159939877,-0.6321596011552701,0.1499338908757333,18.721522644683407,20.43421823438632,22.9499773113962,0.8944177069298558,1.0,-0.0265946006696377,-0.1471828758526196,0.0586333833898587,-0.1915084087180447,20.52288623728356,19.927145564622627,0.849860944816076,4.0,0.0042995424167386,-0.0134222218897155,-0.0237622844260432,-0.0307625869319247,0.159779313920594,-0.1343422159939877,-0.6321596011552701,0.1499338908757333,18.60183760252892,20.314533192231828,22.38105624781906,0.8944177069298558,1.0,-0.0265946006696377,-0.1471828758526196,0.0586333833898587,-0.1915084087180447,20.34104144794595,18.5105655920224,0.849860944816076,4.0,0.0042995424167386,-0.0134222218897155,-0.0237622844260432,-0.0307625869319247,0.159779313920594,-0.1343422159939877,-0.6321596011552701,0.1499338908757333,18.419992813191307,20.132688402894217,21.60254301196875,0.8944177069298558,1.0,-0.0265946006696377,-0.1471828758526196,0.0586333833898587,-0.1915084087180447,20.36380423278776,17.948745536888573,0.849860944816076,4.0,0.0042995424167386,-0.0134222218897155,-0.0237622844260432,-0.0307625869319247,0.159779313920594,-0.1343422159939877,-0.6321596011552701,0.1499338908757333,18.44275559803311,20.15545118773602,21.32322861756021,0.8944177069298558,1.0,-0.0265946006696377,-0.1471828758526196,0.0586333833898587,-0.1915084087180447,19.7521101162132,17.67280311999314,0.849860944816076,4.0,0.0042995424167386,-0.0134222218897155,-0.0237622844260432,-0.0307625869319247,0.159779313920594,-0.1343422159939877,-0.6321596011552701,0.1499338908757333,17.831061481458555,19.543757071161465,21.13370075436459,0.8944177069298558,1.0,-0.0265946006696377,-0.1471828758526196,0.0586333833898587,-0.1915084087180447,20.124028966192743,17.470692002230507,0.849860944816076,4.0,0.0042995424167386,-0.0134222218897155,-0.0237622844260432,-0.0307625869319247,0.159779313920594,-0.1343422159939877,-0.6321596011552701,0.1499338908757333,18.202980331438106,19.915675921141013,20.96699403309956,0.8944177069298558,1.0,-0.0265946006696377,-0.1471828758526196,0.0586333833898587,-0.1915084087180447,234.918241816518,0.4315904926399815,-21.22391958977513,5.867045468119719,0.0526486383634323,-1.211549654311076,2.0,0.0374433225992621,0.2050878434297066,0.4552503830840054,1.0999863133278351,0.3553992191146237,0.9139947827580523,0.596564733229571,1.0748874987282775,0.0,21.27656822813856,0.0586585326632059,0.0586333833898587,-0.1915084087180447,0.0586333833898587,-0.1915084087180447,21.32322861756021,1.999449679255595,6.949471995649144,0.9127991576849552,20.15545118773602,20.15545118773602,-0.3908322699894895,0.8207144479679204,-0.6303969617945824,0.9722036726198002,423052064442.829,<slsim.Lenses.lens.Lens object at 0x7facc81fb0d0>,-20.92989938201118,-21.04958442416567,-21.23142921350328,-21.20866642866148,-21.82036054523603,-21.448441695256484,,,,,,,,,,,,,,,,,,,,,,,,,,,,,,,,,,,,,,,,,,,,,,,,,,,21.27656822813856,2.0844169828745054,-0.402894949152649,-0.443980216142338,2.3665452174745583,,,,,,,,,,,,,,,,,,,,,,,,,,21.27656822813856,,,,,,22.919727317513566,3.2655973245540784,10.664125886134753,26.137635228030014,0.9640722312910631,0.9818717998247343,21.681950457218903,0.2556377471929862,0.505606316409305,20.62214632376153,0.5644703772850239,0.751312436530252,17.279367782342558,0.35859139226759784,0.5988250097212021,21.77236398584024,1.947276195363263,1.395448385058818,"['u', 'g', 'r', 'i', 'z', 'y']","['u', 'g', 'r', 'i', 'z', 'y']",[20.7556808],[[0.09884721]],0.3143997566901247,,,,,,,,
91,deblcdouble366,06072026,8.04506624036508,0.839274578234798,0.6530509611324913,0.6632019182071811,23.672705291938907,0.2351650708738527,6.229068861999429,0.0156600025316383,3.1877446509667826,2,-0.7545699429361015,2.316660021126832,0.2609978301638337,6.875277347460882,1.298066366281996,0.0,55.58221594352318,20.570222392160023,20.44057636518666,20.16392963450831,20.14148238299065,20.199759347448484,20.182795965125035,GAL-QSO-LENS_-0.0039_-0.0502,0.404345822190623,2.051008446948146,-0.0039168457786342,-0.0502135100447323,-0.0699758564612321,-0.0395352158504222,0.0037650414934123,0.005279098532388,0.0,0.0,0.0026081322955125,20.570222392160023,24.60487777924808,0.3042636585189717,4.0,0.0007846454126546,0.0266682121715145,-0.0039168457786342,-0.0502135100447323,-0.6578313774323945,0.0227453504970205,0.4169510491496369,-0.0741672004319573,19.853639158506333,23.8187878243296,26.35172467432367,0.1945334072436716,1.0,0.0009523685202144,-0.1143556155352546,-0.3283777681815961,0.2115445364422766,20.44057636518666,23.529647670721825,0.3042636585189717,4.0,0.0007846454126546,0.0266682121715145,-0.0039168457786342,-0.0502135100447323,-0.6578313774323945,0.0227453504970205,0.4169510491496369,-0.0741672004319573,19.723993131532968,23.68914179735623,26.14548732878113,0.1945334072436716,1.0,0.0009523685202144,-0.1143556155352546,-0.3283777681815961,0.2115445364422766,20.16392963450831,22.16907991745872,0.3042636585189717,4.0,0.0007846454126546,0.0266682121715145,-0.0039168457786342,-0.0502135100447323,-0.6578313774323945,0.0227453504970205,0.4169510491496369,-0.0741672004319573,19.447346400854617,23.41249506667788,25.756388213568265,0.1945334072436716,1.0,0.0009523685202144,-0.1143556155352546,-0.3283777681815961,0.2115445364422766,20.14148238299065,21.0258427457364,0.3042636585189717,4.0,0.0007846454126546,0.0266682121715145,-0.0039168457786342,-0.0502135100447323,-0.6578313774323945,0.0227453504970205,0.4169510491496369,-0.0741672004319573,19.424899149336955,23.390047815160216,24.814391312301098,0.1945334072436716,1.0,0.0009523685202144,-0.1143556155352546,-0.3283777681815961,0.2115445364422766,20.199759347448484,20.60497595167836,0.3042636585189717,4.0,0.0007846454126546,0.0266682121715145,-0.0039168457786342,-0.0502135100447323,-0.6578313774323945,0.0227453504970205,0.4169510491496369,-0.0741672004319573,19.48317611379479,23.44832477961805,24.208090401463224,0.1945334072436716,1.0,0.0009523685202144,-0.1143556155352546,-0.3283777681815961,0.2115445364422766,20.182795965125035,20.305052055118924,0.3042636585189717,4.0,0.0007846454126546,0.0266682121715145,-0.0039168457786342,-0.0502135100447323,-0.6578313774323945,0.0227453504970205,0.4169510491496369,-0.0741672004319573,19.46621273147134,23.4313613972946,23.414024493579824,0.1945334072436716,1.0,0.0009523685202144,-0.1143556155352546,-0.3283777681815961,0.2115445364422766,186.3445790261881,1.298066366281996,-41.56463945701065,1.93478759161306,14.017576486512535,-0.0501849882880574,2.0,0.0156600025316383,3.1877446509667826,0.2351650708738527,6.229068861999429,0.2609978301638337,6.875277347460882,1.8855862494054063,1.681671986295565,0.0,55.58221594352318,0.0064841667746734,-0.3283777681815961,0.2115445364422766,-0.3283777681815961,0.2115445364422766,24.814391312301098,2.2953547367295943,8.04506624036508,-0.4043974566628626,23.390047815160216,23.390047815160216,-1.3136592473089592,0.8512142604808267,0.7706911574126046,0.948027118064986,205712273490.92444,<slsim.Lenses.lens.Lens object at 0x7fad5e7a3350>,-23.4956250252367,-23.625271052210064,-23.90191778288841,-23.92436503440608,-23.86608806994824,-23.88305145227169,,,,,,,,,,,,,,,,,,,,,,,,,,,,,,,,,,,,,,,,,,,,,,,,,,,55.58221594352318,1.9154318458138908,-0.7681286080667469,-0.7545699429361015,2.316660021126832,,,,,,,,,,,,,,,,,,,,,,,,,,55.58221594352318,,,,,,,,,,,,95.29987035212665,66.11619946782791,8.13118684251124,75.34872377826946,41.25353208749548,6.422891256085181,,,,,,,"['u', 'g', 'r', 'i', 'z', 'y']","['r', 'i']",[83.01434102],[[25.40312541]],5.040151328372992,,,,,,,,
92,deblcdouble229,06072026,7.719277596415034,0.5424932660617096,1.0277903907020138,0.3509654983262268,25.25985078017751,0.3735671657392839,1.2968821072990784,0.0202806397532011,0.3933259734377724,2,-0.4930031808238079,2.3558853648075786,0.259948467508064,0.9726791891495294,2.8387864478398432,0.0,16.123773778783033,24.944798304452167,24.064925457182788,23.73095778493721,23.560581264592585,23.49269787407458,23.279355721628264,GAL-QSO-LENS_-0.0277_0.0003,0.2636828897272847,1.880510310947556,-0.0276816057455681,0.000342804234077,-0.0493013202676469,0.0995784726824999,-0.0280676074775798,0.0189786909930817,0.0,0.0,0.0348043623126442,24.944798304452167,28.3508918893732,0.2153592142750567,4.0,0.0122148790356861,0.1705528512651844,-0.0276816057455681,0.000342804234077,0.1602514828352421,-0.0573493439181001,-0.3990094384639822,0.0979300185310956,23.72398840334263,24.77847327012707,26.42328917691323,0.4282678973267683,1.0,-0.1259096436977528,0.2798550351867627,0.0274934873460326,-0.1277583575429896,24.064925457182788,27.610984408260133,0.2153592142750567,4.0,0.0122148790356861,0.1705528512651844,-0.0276816057455681,0.000342804234077,0.1602514828352421,-0.0573493439181001,-0.3990094384639822,0.0979300185310956,22.84411555607325,23.89860042285769,25.544982952370063,0.4282678973267683,1.0,-0.1259096436977528,0.2798550351867627,0.0274934873460326,-0.1277583575429896,23.73095778493721,25.713019999875566,0.2153592142750567,4.0,0.0122148790356861,0.1705528512651844,-0.0276816057455681,0.000342804234077,0.1602514828352421,-0.0573493439181001,-0.3990094384639822,0.0979300185310956,22.51014788382768,23.56463275061212,25.341130962638587,0.4282678973267683,1.0,-0.1259096436977528,0.2798550351867627,0.0274934873460326,-0.1277583575429896,23.560581264592585,24.659821067581024,0.2153592142750567,4.0,0.0122148790356861,0.1705528512651844,-0.0276816057455681,0.000342804234077,0.1602514828352421,-0.0573493439181001,-0.3990094384639822,0.0979300185310956,22.33977136348305,23.394256230267487,25.08393155241035,0.4282678973267683,1.0,-0.1259096436977528,0.2798550351867627,0.0274934873460326,-0.1277583575429896,23.49269787407458,23.626641065307933,0.2153592142750567,4.0,0.0122148790356861,0.1705528512651844,-0.0276816057455681,0.000342804234077,0.1602514828352421,-0.0573493439181001,-0.3990094384639822,0.0979300185310956,22.271887972965043,23.32637283974948,24.973409032230144,0.4282678973267683,1.0,-0.1259096436977528,0.2798550351867627,0.0274934873460326,-0.1277583575429896,23.279355721628264,23.08903741067694,0.2153592142750567,4.0,0.0122148790356861,0.1705528512651844,-0.0276816057455681,0.000342804234077,0.1602514828352421,-0.0573493439181001,-0.3990094384639822,0.0979300185310956,22.058545820518727,23.11303068730317,24.90454693538329,0.4282678973267683,1.0,-0.1259096436977528,0.2798550351867627,0.0274934873460326,-0.1277583575429896,141.60264435956745,2.8387864478398432,-14.604067571458495,3.078392274396996,1.519706207324536,-1.1655475980779242,2.0,0.0202806397532011,0.3933259734377724,0.3735671657392839,1.2968821072990784,0.259948467508064,0.9726791891495294,0.98893789465929,0.6003637494451706,0.0,16.123773778783033,0.0338818727541199,0.0274934873460326,-0.1277583575429896,0.0274934873460326,-0.1277583575429896,25.08393155241035,2.0627491084204417,7.719277596415034,-0.4736881430246484,23.394256230267487,23.394256230267487,1.015258203224629,0.799994070507255,0.7496495427115796,0.7079569494185165,67955013068.21734,<slsim.Lenses.lens.Lens object at 0x7fad5010a1d0>,-21.02693783998928,-21.90681068725865,-22.240778359504223,-22.41115487984885,-22.47903827036686,-22.692380422813176,,,,,,,,,,,,,,,,,,,,,,,,,,,,,,,,,,,,,,,,,,,,,,,,,,,16.123773778783033,2.097662370806437,-0.4952235368483039,-0.4930031808238079,2.3558853648075786,,,,,,,,,,,,,,,,,,,,,,,,,,16.123773778783033,,,,,,33.722758871193385,8.413457798933674,70.78627213443785,18.574821622583485,49.13436360475721,7.00959083005258,35.370164953694264,58.20722657112899,7.6293660661374085,19.29219725227341,18.11530647087218,4.256207991965639,13.883766186207307,48.610493861265006,6.972122622362935,11.269601899742492,43.851364267863154,6.6220362629528955,"['u', 'g', 'r', 'i', 'z', 'y']","['u', 'g', 'r', 'i', 'z', 'y']",[20.43219284],[[6.65613581]],2.5799487997740917,,,,,,,,
93,deblcdouble8,06072026,8.293170935691377,1.2112684895969483,0.2090453852603724,0.1860738911963956,4.081126489212661,0.4938158504201121,1.861757021906464,0.025915037850241,0.2950360357439216,2,-0.5472564268437937,2.4790036191622016,0.3988068480253738,1.471921718867633,0.9104669234911108,0.0,13.146981953982534,21.373401215788057,20.787196194511672,20.35088476020237,20.232793896846147,20.030500447714264,19.83913190756326,GAL-QSO-LENS_0.0339_0.0353,0.7357122441816913,1.832319324938369,0.0338905387550153,0.0353126242743703,0.203172874010828,0.0246959303405165,-0.0029308176904684,-0.0141144006360269,0.0,0.0,-0.012767093289212,21.373401215788057,20.86759251937981,1.0450197231733125,4.0,0.0622091378301202,-0.0520801297238241,0.0338905387550153,0.0353126242743703,0.943211525780837,-0.1861123285722518,0.4428050538657815,0.0048564428626683,18.84229307781281,21.75712158189817,23.84502533504584,0.634709628484532,1.0,-0.0423966208033176,0.0957454433120067,0.3458598140265486,0.0920353602575397,20.787196194511672,19.194819238855388,1.0450197231733125,4.0,0.0622091378301202,-0.0520801297238241,0.0338905387550153,0.0353126242743703,0.943211525780837,-0.1861123285722518,0.4428050538657815,0.0048564428626683,18.25608805653643,21.170916560621787,23.77479046898272,0.634709628484532,1.0,-0.0423966208033176,0.0957454433120067,0.3458598140265486,0.0920353602575397,20.35088476020237,18.06706498035652,1.0450197231733125,4.0,0.0622091378301202,-0.0520801297238241,0.0338905387550153,0.0353126242743703,0.943211525780837,-0.1861123285722518,0.4428050538657815,0.0048564428626683,17.819776622227124,20.73460512631248,23.211357743382216,0.634709628484532,1.0,-0.0423966208033176,0.0957454433120067,0.3458598140265486,0.0920353602575397,20.232793896846147,17.599148105297594,1.0450197231733125,4.0,0.0622091378301202,-0.0520801297238241,0.0338905387550153,0.0353126242743703,0.943211525780837,-0.1861123285722518,0.4428050538657815,0.0048564428626683,17.701685758870905,20.61651426295626,22.43955794916331,0.634709628484532,1.0,-0.0423966208033176,0.0957454433120067,0.3458598140265486,0.0920353602575397,20.030500447714264,17.35408777627252,1.0450197231733125,4.0,0.0622091378301202,-0.0520801297238241,0.0338905387550153,0.0353126242743703,0.943211525780837,-0.1861123285722518,0.4428050538657815,0.0048564428626683,17.499392309739022,20.41422081382438,21.72902138892247,0.634709628484532,1.0,-0.0423966208033176,0.0957454433120067,0.3458598140265486,0.0920353602575397,19.83913190756326,17.161559242122742,1.0450197231733125,4.0,0.0622091378301202,-0.0520801297238241,0.0338905387550153,0.0353126242743703,0.943211525780837,-0.1861123285722518,0.4428050538657815,0.0048564428626683,17.30802376958802,20.22285227367337,21.41404027317052,0.634709628484532,1.0,-0.0423966208033176,0.0957454433120067,0.3458598140265486,0.0920353602575397,187.7768939093949,0.9104669234911108,-11.74769648800442,10.290660608922169,1.3992854659781142,-0.70228251144751,2.0,0.025915037850241,0.2950360357439216,0.4938158504201121,1.861757021906464,0.3988068480253738,1.471921718867633,-2.3160921658797595,-2.865769496675797,0.0,13.146981953982534,0.0144154777114405,0.3458598140265486,0.0920353602575397,0.3458598140265486,0.0920353602575397,22.43955794916331,3.286798670031539,8.293170935691377,0.33988442841315,20.61651426295626,20.61651426295626,0.060478969509559,0.6602080669602848,-0.3485015253292544,0.8499137620906869,210957691551.0552,<slsim.Lenses.lens.Lens object at 0x7fad74101e10>,-22.023951471680448,-22.61015649295684,-23.046467927266143,-23.16455879062236,-23.366852239754245,-23.55822077990525,,,,,,,,,,,,,,,,,,,,,,,,,,,,,,,,,,,,,,,,,,,,,,,,,,,13.146981953982534,2.432086760364816,-0.5235109275001283,-0.5472564268437937,2.4790036191622016,,,,,,,,,,,,,,,,,,,,,,,,,,13.146981953982534,,,,,,,,,23.704661822897126,83.37162255837737,9.130806238135676,28.525266247797276,79.06336923050084,8.891758500459897,21.402649906409415,9.088676428185861,3.0147431778156264,13.516369961844994,23.5762053873749,4.855533481233025,,,,"['u', 'g', 'r', 'i', 'z', 'y']","['g', 'r', 'i', 'z']",[20.17836509],[[5.64699803]],2.376341311403952,,,,,,,,
94,deblcquad153,06072026,8.576525513363894,0.669667280483218,2.1861651623300737,0.2461146556117124,6.655843431039653,0.2960678113316373,0.3495666153061493,0.0232052191227402,0.0315175609967661,4,-0.5688608006738053,1.9810914239409207,0.4112794392201027,0.4664745553504265,4.3448486833163775,0.0,42.48119652734832,29.356414102650227,26.056886193236373,23.750206997866027,22.890370690427165,22.411551366010645,22.18962478307067,GAL-QSO-LENS_-0.0256_0.0077,0.6531248521379632,2.134932790105987,-0.0256421327478333,0.0077018291527345,-0.2452634197451138,0.157821915468389,-0.0027014650564062,0.0307672786739131,0.0,0.0,0.0281987021296892,29.356414102650227,26.155233343070503,1.1881116243906695,4.0,-0.239442839937499,0.1832437417331356,-0.0256421327478333,0.0077018291527345,-0.7317940406422767,0.6227854938234565,0.2213158792221725,0.0168342204195163,28.14068884672832,27.638259141459365,28.77596233383219,0.388544392965356,1.0,0.4283939394680843,0.1554224135567999,-0.0736328025679382,0.0430290756725823,26.056886193236373,25.93996838913256,1.1881116243906695,4.0,-0.239442839937499,0.1832437417331356,-0.0256421327478333,0.0077018291527345,-0.7317940406422767,0.6227854938234565,0.2213158792221725,0.0168342204195163,24.841160937314463,24.33873123204551,26.83555003122132,0.388544392965356,1.0,0.4283939394680843,0.1554224135567999,-0.0736328025679382,0.0430290756725823,23.750206997866027,25.644302425514816,1.1881116243906695,4.0,-0.239442839937499,0.1832437417331356,-0.0256421327478333,0.0077018291527345,-0.7317940406422767,0.6227854938234565,0.2213158792221725,0.0168342204195163,22.53448174194412,22.032052036675164,25.579476243897787,0.388544392965356,1.0,0.4283939394680843,0.1554224135567999,-0.0736328025679382,0.0430290756725823,22.890370690427165,25.47690832162025,1.1881116243906695,4.0,-0.239442839937499,0.1832437417331356,-0.0256421327478333,0.0077018291527345,-0.7317940406422767,0.6227854938234565,0.2213158792221725,0.0168342204195163,21.67464543450526,21.172215729236303,25.3487794448737,0.388544392965356,1.0,0.4283939394680843,0.1554224135567999,-0.0736328025679382,0.0430290756725823,22.411551366010645,25.010855739874927,1.1881116243906695,4.0,-0.239442839937499,0.1832437417331356,-0.0256421327478333,0.0077018291527345,-0.7317940406422767,0.6227854938234565,0.2213158792221725,0.0168342204195163,21.19582611008874,20.693396404819783,25.360297213619063,0.388544392965356,1.0,0.4283939394680843,0.1554224135567999,-0.0736328025679382,0.0430290756725823,22.18962478307067,24.17942743815925,1.1881116243906695,4.0,-0.239442839937499,0.1832437417331356,-0.0256421327478333,0.0077018291527345,-0.7317940406422767,0.6227854938234565,0.2213158792221725,0.0168342204195163,20.973899527148763,20.471469821879808,25.190880512872354,0.388544392965356,1.0,0.4283939394680843,0.1554224135567999,-0.0736328025679382,0.0430290756725823,292.34858935798843,4.3448486833163775,-198.5841709030236,3.064009463811379,-156.10297437567527,4.867007152477498,4.0,0.0232052191227402,0.0315175609967661,0.2960678113316373,0.3495666153061493,0.4112794392201027,0.4664745553504265,2.4960893331178533,3.078806486533993,0.0,42.48119652734832,0.0308856495876193,-0.0736328025679382,0.0430290756725823,-0.0736328025679382,0.0430290756725823,25.3487794448737,4.281492247095684,8.576525513363894,0.3146704377459758,21.172215729236303,21.76691322944662,1.2849075620265762,0.5484025968750231,1.2441880738302755,0.5366710250963277,786117840251.468,<slsim.Lenses.lens.Lens object at 0x7fad500f2450>,-17.697238468388186,-20.99676637780204,-23.303445573172382,-24.163281880611247,-24.642101205027767,-24.864027787967743,0.2576741970984004,-0.0453842420871108,0.5782146685592222,-0.5811801350878045,28.23295664166968,28.54762769581249,0.2576741970984004,-0.0453842420871108,0.5782146685592222,-0.5811801350878045,24.933428732255827,25.24809978639864,0.2576741970984004,-0.0453842420871108,0.5782146685592222,-0.5811801350878045,22.62674953688548,22.94142059102829,0.2576741970984004,-0.0453842420871108,0.5782146685592222,-0.5811801350878045,21.76691322944662,22.08158428358943,0.2576741970984004,-0.0453842420871108,0.5782146685592222,-0.5811801350878045,21.2880939050301,21.60276495917291,0.2576741970984004,-0.0453842420871108,0.5782146685592222,-0.5811801350878045,21.066167322090124,21.380838376232933,-143.06251465776367,-2.814381610504639,-127.27920736137284,-2.106272525204196,0.0812982964096493,0.0820269584417154,0.6302202058046997,0.6612895985990239,0.7014662772006908,0.7677871493160011,-0.913008258156774,-0.0071005050900316,55.52165624525992,71.30496354165075,42.48119652734832,2.0811606314662003,-0.3771276521412441,-0.5688608006738053,1.9810914239409207,,,,,,,,,,,,,,,,,,,,,,,,,,42.48119652734832,55.52165624525992,71.30496354165075,13.040459717911602,28.823767014302433,15.78330729639083,,,,,,,[40.87882459 51.32956801 69.22131147 10.52937748 28.02067961 17.1800248 ],"[[11.54537821  8.89187975  8.41042009 -1.93156564 -2.06187019 -0.1413997 ]
 [ 8.89187975 17.34089064 11.05875813  6.23106103  1.43417877 -4.57824391]
 [ 8.41042009 11.05875813 38.15681404  1.51309735 16.51303885 14.23100038]
 [-1.93156564  6.23106103  1.51309735  8.55807582  3.49431236 -4.50521427]
 [-2.06187019  1.43417877 16.51303885  3.49431236 25.87322053 14.75200618]
 [-0.1413997  -4.57824391 14.23100038 -4.50521427 14.75200618 26.59004224]]",1.6584037316030729,[43.43595489 53.31439412 70.89963746  9.88704671 27.67153688 17.68039057],"[[ 5.27961389e+00  3.86713853e+00  3.55451985e+00 -9.29091351e-01
  -1.23610760e+00 -3.28348618e-01]
 [ 3.86713853e+00  5.73727415e+00  3.90526196e+00  1.57234915e+00
   4.03395640e-03 -1.51897834e+00]
 [ 3.55451985e+00  3.90526196e+00  1.16545704e+01  2.98376097e-01
   6.04450979e+00  5.87222689e+00]
 [-9.29091351e-01  1.57234915e+00  2.98376097e-01  2.68845034e+00
   1.21341252e+00 -1.20249816e+00]
 [-1.23610760e+00  4.03395640e-03  6.04450979e+00  1.21341252e+00
   7.91077921e+00  6.04887998e+00]
 [-3.28348618e-01 -1.51897834e+00  5.87222689e+00 -1.20249816e+00
   6.04887998e+00  8.43475395e+00]]",0.968349531630425,[42.23382874 53.56283236 70.08897115 11.03771163 27.28398045 16.31171895],"[[ 3.73367759  2.3389446   2.36913713 -0.8509458  -0.81360702  0.03740258]
 [ 2.3389446   4.63637925  2.46953712  2.04579156  0.04864485 -2.06464304]
 [ 2.36913713  2.46953712 11.12983481  0.05591766  7.79703486  8.08137914]
 [-0.8509458   2.04579156  0.05591766  3.359328    0.96024847 -2.03658306]
 [-0.81360702  0.04864485  7.79703486  0.96024847  8.84150706  7.86540823]
 [ 0.03740258 -2.06464304  8.08137914 -2.03658306  7.86540823 10.81323291]]",0.9637564505619419,[39.1927016  50.37302393 73.42364709 10.47247383 32.66124228 21.61274454],"[[11.45281915  8.94638345  8.1226433  -1.7834155  -2.13262455 -0.41961341]
 [ 8.94638345 16.58712708  9.42485319  5.48641982  1.01773671 -4.40012957]
 [ 8.1226433   9.42485319 22.07892953  1.14497    12.73544457 10.98100378]
 [-1.7834155   5.48641982  1.14497     8.08807511  2.90759212 -4.22676006]
 [-2.13262455  1.01773671 12.73544457  2.90759212 16.47703361 11.97257253]
 [-0.41961341 -4.40012957 10.98100378 -4.22676006 11.97257253 18.03320484]]",1.5202605789521806,"['g', 'r', 'i', 'z', 'y']","['r', 'i', 'z', 'y']",[42.02576432 52.75552984 71.12995293 10.4704294  28.52849794 18.04112726],"[[ 1.57293328  1.10403585  1.05080541 -0.30365729 -0.341053   -0.04805254]
 [ 1.10403585  1.92397866  1.19008069  0.68330106  0.06699613 -0.63262943]
 [ 1.05080541  1.19008069  3.83487282  0.10902534  2.33669548  2.271282  ]
 [-0.30365729  0.68330106  0.10902534  1.09145715  0.40880452 -0.57174002]
 [-0.341053    0.06699613  2.33669548  0.40880452  2.86130366  2.29358151]
 [-0.04805254 -0.63262943  2.271282   -0.57174002  2.29358151  3.22172189]]",0.5780862139220257,0.6302202058046997,0.6612895985990239,0.0812982964096493,0.0820269584417154,0.7014662772006908,0.7677871493160011,55.52165624525992,71.30496354165075
95,deblcdouble93,06072026,7.714939563028602,1.0666806170403131,0.4413943256551383,0.7470676345151345,41.97556956130602,0.3351851925340394,1.2516432915507538,0.0332319684262129,0.3095388919209051,2,-0.6979722539904224,2.2951905590089514,0.4180892336540113,1.5291693676715463,1.1184082634759016,0.0,30.093136367267995,21.46580661726254,21.067562535396814,20.62765072130673,20.52223556003036,20.52238799424709,20.33884463997349,GAL-QSO-LENS_0.0476_-0.0124,0.5536737100049566,2.118901831278524,0.0476168302538665,-0.0123807810277815,0.1363773025424201,0.0924086251063424,0.0011812088667003,0.0004890595100976,0.0,0.0,-0.0106972226706181,21.46580661726254,23.878405677550465,0.4124229872812769,4.0,0.059741097450643,0.0779330901501038,0.0476168302538665,-0.0123807810277815,0.8274526333993095,-0.1968577748450559,0.2121326038513884,-0.0855177385501687,20.03281697246573,22.358276636575035,23.42739826207545,0.339550697922179,1.0,-0.0595414873575432,0.1893104624517804,0.3527992971152667,0.0775311274252025,21.067562535396814,21.9236913748084,0.4124229872812769,4.0,0.059741097450643,0.0779330901501038,0.0476168302538665,-0.0123807810277815,0.8274526333993095,-0.1968577748450559,0.2121326038513884,-0.0855177385501687,19.634572890600005,21.960032554709308,23.273494980624605,0.339550697922179,1.0,-0.0595414873575432,0.1893104624517804,0.3527992971152667,0.0775311274252025,20.62765072130673,20.38149263288148,0.4124229872812769,4.0,0.059741097450643,0.0779330901501038,0.0476168302538665,-0.0123807810277815,0.8274526333993095,-0.1968577748450559,0.2121326038513884,-0.0855177385501687,19.19466107650992,21.52012074061922,23.037651885636755,0.339550697922179,1.0,-0.0595414873575432,0.1893104624517804,0.3527992971152667,0.0775311274252025,20.52223556003036,19.665027524245605,0.4124229872812769,4.0,0.059741097450643,0.0779330901501038,0.0476168302538665,-0.0123807810277815,0.8274526333993095,-0.1968577748450559,0.2121326038513884,-0.0855177385501687,19.089245915233544,21.414705579342847,22.76496314819623,0.339550697922179,1.0,-0.0595414873575432,0.1893104624517804,0.3527992971152667,0.0775311274252025,20.52238799424709,19.304303277166373,0.4124229872812769,4.0,0.059741097450643,0.0779330901501038,0.0476168302538665,-0.0123807810277815,0.8274526333993095,-0.1968577748450559,0.2121326038513884,-0.0855177385501687,19.08939834945028,21.414858013559584,22.25735437245114,0.339550697922179,1.0,-0.0595414873575432,0.1893104624517804,0.3527992971152667,0.0775311274252025,20.33884463997349,19.10236502453915,0.4124229872812769,4.0,0.059741097450643,0.0779330901501038,0.0476168302538665,-0.0123807810277815,0.8274526333993095,-0.1968577748450559,0.2121326038513884,-0.0855177385501687,18.90585499517669,21.23131465928599,22.06257748863392,0.339550697922179,1.0,-0.0595414873575432,0.1893104624517804,0.3527992971152667,0.0775311274252025,190.81780919286388,1.1184082634759016,-30.27805481245002,3.742793425365731,-0.184918445182025,-0.4395537527707254,2.0,0.0332319684262129,0.3095388919209051,0.3351851925340394,1.2516432915507538,0.4180892336540113,1.5291693676715463,-2.581177344315945,-2.5603605005531658,0.0,30.093136367267995,0.0012784496826971,0.3527992971152667,0.0775311274252025,0.3527992971152667,0.0775311274252025,22.76496314819623,3.0743200674705102,7.714939563028602,0.8705966459532751,21.414705579342847,21.414705579342847,0.2977652483286236,0.7171265408174494,0.4583875322787075,0.8211675985768955,221233255830.7188,<slsim.Lenses.lens.Lens object at 0x7fad5010bcd0>,-22.29212582306574,-22.690369904931465,-23.13028171902156,-23.23569688029793,-23.23554444608119,-23.419087800354784,,,,,,,,,,,,,,,,,,,,,,,,,,,,,,,,,,,,,,,,,,,,,,,,,,,30.093136367267995,1.9241693108184488,-0.6553334250330312,-0.6979722539904224,2.2951905590089514,,,,,,,,,,,,,,,,,,,,,,,,,,30.093136367267995,,,,,,36.50590234389506,7.032154018101401,49.45119013429968,44.381930796821116,27.155927823656395,5.211134984209908,33.578366225651244,3.8384776774595326,1.959203327237766,32.770831747601626,3.2814345138413645,1.8114730232165657,30.89212758617248,7.113436543776881,2.6671026496512806,,,,"['u', 'g', 'r', 'i', 'z', 'y']","['u', 'g', 'r', 'i', 'z']",[33.35987378],[[1.31080483]],1.144903853793047,,,,,,,,
96,deblcdouble62,06072026,7.811871950516111,1.3342653257256707,0.3345061414043911,0.5416416450061101,71.46928477594969,0.2506226460118274,0.4684095307740356,0.0451485397916788,0.1361396697340402,2,-0.6369284663077841,1.837774231744464,0.4958552652009008,0.8866287807444205,1.6196077887872655,0.0,14.252435836550148,24.51700183612392,23.35911796819904,22.24149529398772,21.413667708779585,21.0284992257614,20.82316783790195,GAL-QSO-LENS_0.0270_0.0283,0.6732564876326788,2.2745761064427525,0.0270207163908011,0.0282974059591957,0.1088971030251463,0.0122834880513385,0.028405282832211,0.0190267878845253,0.0,0.0,0.0039238031278524,24.51700183612392,22.39347972609204,0.3329328813180305,4.0,0.034193674336227,-0.0083199214314752,0.0270207163908011,0.0282974059591957,0.2819697383801618,-0.2248891201760774,-0.7570349287481722,0.4772089924185056,23.26516756861554,23.772048324603,25.84398046045317,0.433610298169101,1.0,-0.1555625468539179,-0.1110869915235562,0.1039317367057765,-0.1608858228050236,23.35911796819904,21.078102464317062,0.3329328813180305,4.0,0.034193674336227,-0.0083199214314752,0.0270207163908011,0.0282974059591957,0.2819697383801618,-0.2248891201760774,-0.7570349287481722,0.4772089924185056,22.10728370069065,22.614164456678115,25.397643855888248,0.433610298169101,1.0,-0.1555625468539179,-0.1110869915235562,0.1039317367057765,-0.1608858228050236,22.24149529398772,19.68804459979232,0.3329328813180305,4.0,0.034193674336227,-0.0083199214314752,0.0270207163908011,0.0282974059591957,0.2819697383801618,-0.2248891201760774,-0.7570349287481722,0.4772089924185056,20.989661026479336,21.4965417824668,25.04269122119262,0.433610298169101,1.0,-0.1555625468539179,-0.1110869915235562,0.1039317367057765,-0.1608858228050236,21.413667708779585,19.055100902617166,0.3329328813180305,4.0,0.034193674336227,-0.0083199214314752,0.0270207163908011,0.0282974059591957,0.2819697383801618,-0.2248891201760774,-0.7570349287481722,0.4772089924185056,20.1618334412712,20.668714197258662,24.49471159753044,0.433610298169101,1.0,-0.1555625468539179,-0.1110869915235562,0.1039317367057765,-0.1608858228050236,21.0284992257614,18.68018659705992,0.3329328813180305,4.0,0.034193674336227,-0.0083199214314752,0.0270207163908011,0.0282974059591957,0.2819697383801618,-0.2248891201760774,-0.7570349287481722,0.4772089924185056,19.77666495825302,20.28354571424048,24.08141301619105,0.433610298169101,1.0,-0.1555625468539179,-0.1110869915235562,0.1039317367057765,-0.1608858228050236,20.82316783790195,18.43779605619014,0.3329328813180305,4.0,0.034193674336227,-0.0083199214314752,0.0270207163908011,0.0282974059591957,0.2819697383801618,-0.2248891201760774,-0.7570349287481722,0.4772089924185056,19.571333570393566,20.078214326381023,23.641144772890783,0.433610298169101,1.0,-0.1555625468539179,-0.1110869915235562,0.1039317367057765,-0.1608858228050236,181.11497104098143,1.6196077887872655,-27.646188716706828,3.167624599523329,-13.39375288015668,-1.9860098796152788,2.0,0.0451485397916788,0.1361396697340402,0.2506226460118274,0.4684095307740356,0.4958552652009008,0.8866287807444205,0.6137564328239841,0.987469707324487,0.0,14.252435836550148,0.0341888688022962,0.1039317367057765,-0.1608858228050236,0.1039317367057765,-0.1608858228050236,24.49471159753044,3.562180396293316,7.811871950516111,0.4852401954322213,20.668714197258662,20.668714197258662,0.056162124741736,0.8024713207583586,-0.1193397436286904,0.932010031721114,186344546736.75583,<slsim.Lenses.lens.Lens object at 0x7fad500a1bd0>,-20.01153311405816,-21.169416981983044,-22.287039656194363,-23.114867241402496,-23.50003572442068,-23.705367112280133,,,,,,,,,,,,,,,,,,,,,,,,,,,,,,,,,,,,,,,,,,,,,,,,,,,14.252435836550148,2.164309125495532,-0.6391680666466149,-0.6369284663077841,1.837774231744464,,,,,,,,,,,,,,,,,,,,,,,,,,14.252435836550148,,,,,,,,,,,,23.433711295039174,40.74326068642294,6.383044781796768,26.40998507511221,25.02974228903447,5.002973344825502,22.987638271503254,21.11341882671899,4.594934039430707,,,,"['u', 'g', 'r', 'i', 'z', 'y']","['r', 'i', 'z']",[24.30786047],[[8.93977417]],2.9899455123498284,,,,,,,,
97,deblcdouble234,06072026,7.964049318661371,0.9981797052189025,1.2693453750594828,0.3361313709506004,37.0081403649541,0.2090598814279936,0.7566091054312495,0.0070079443222977,0.1425720191461104,2,-0.4311728315657902,1.96657945779142,0.1233629073967074,0.5647646403719206,3.121691882956953,0.0,63.38512928181925,25.84484802529509,24.20683404991027,23.54854186031599,23.23153392317481,23.11247043387503,22.868931478232525,GAL-QSO-LENS_0.0127_-0.0507,0.4749147948509414,1.8839379053418288,0.0127361349605443,-0.0506561260121049,-0.4048453125654738,-0.0361908803306172,0.0413772791859219,-0.047346263775111,0.0,0.0,-0.0398350243608747,25.84484802529509,25.427703897711528,0.3293337955650221,4.0,-0.3290581631653979,-0.1349824006156217,0.0127361349605443,-0.0506561260121049,0.7841315100235855,-0.1860924787922266,-0.1075182584526428,0.1270625068228378,25.30882717535744,24.38111139146893,27.781338014073523,0.3567772909404342,1.0,7.203849089220032e-05,0.0442532408164397,0.2227574638332164,-0.0662306887079472,24.20683404991027,25.07605021559608,0.3293337955650221,4.0,-0.3290581631653979,-0.1349824006156217,0.0127361349605443,-0.0506561260121049,0.7841315100235855,-0.1860924787922266,-0.1075182584526428,0.1270625068228378,23.670813199972617,22.74309741608412,26.12479799773354,0.3567772909404342,1.0,7.203849089220032e-05,0.0442532408164397,0.2227574638332164,-0.0662306887079472,23.54854186031599,24.560097526047468,0.3293337955650221,4.0,-0.3290581631653979,-0.1349824006156217,0.0127361349605443,-0.0506561260121049,0.7841315100235855,-0.1860924787922266,-0.1075182584526428,0.1270625068228378,23.012521010378336,22.08480522648984,25.735803719342645,0.3567772909404342,1.0,7.203849089220032e-05,0.0442532408164397,0.2227574638332164,-0.0662306887079472,23.23153392317481,23.6209926684211,0.3293337955650221,4.0,-0.3290581631653979,-0.1349824006156217,0.0127361349605443,-0.0506561260121049,0.7841315100235855,-0.1860924787922266,-0.1075182584526428,0.1270625068228378,22.69551307323716,21.76779728934866,25.49124836726112,0.3567772909404342,1.0,7.203849089220032e-05,0.0442532408164397,0.2227574638332164,-0.0662306887079472,23.11247043387503,22.90386572226848,0.3293337955650221,4.0,-0.3290581631653979,-0.1349824006156217,0.0127361349605443,-0.0506561260121049,0.7841315100235855,-0.1860924787922266,-0.1075182584526428,0.1270625068228378,22.57644958393737,21.64873380004888,25.275280548654653,0.3567772909404342,1.0,7.203849089220032e-05,0.0442532408164397,0.2227574638332164,-0.0662306887079472,22.868931478232525,22.198073424949573,0.3293337955650221,4.0,-0.3290581631653979,-0.1349824006156217,0.0127361349605443,-0.0506561260121049,0.7841315100235855,-0.1860924787922266,-0.1075182584526428,0.1270625068228378,22.332910628294872,21.40519484440637,25.188037523074417,0.3567772909404342,1.0,7.203849089220032e-05,0.0442532408164397,0.2227574638332164,-0.0662306887079472,204.04822253348453,3.121691882956953,-63.65219955417302,1.6383562415043216,-0.2670702723537734,-3.850300746592899,2.0,0.0070079443222977,0.1425720191461104,0.2090598814279936,0.7566091054312495,0.1233629073967074,0.5647646403719206,-2.987754301493559,1.5238949116471572,0.0,63.38512928181925,0.0628788352809761,0.2227574638332164,-0.0662306887079472,0.2227574638332164,-0.0662306887079472,25.49124836726112,2.8890107786439114,7.964049318661371,0.0785709642778348,21.76779728934866,21.76779728934866,-1.5262176516989907,0.4220101481840931,-1.3761585417197546,0.4752877703244909,272334637507.08463,<slsim.Lenses.lens.Lens object at 0x7fad5e5a39d0>,-20.364883147876338,-22.00289712326116,-22.66118931285544,-22.97819724999661,-23.0972607392964,-23.3407996949389,,,,,,,,,,,,,,,,,,,,,,,,,,,,,,,,,,,,,,,,,,,,,,,,,,,63.38512928181925,2.0657075981187445,-0.5182658904011868,-0.4311728315657902,1.96657945779142,,,,,,,,,,,,,,,,,,,,,,,,,,63.38512928181925,,,,,,,,,64.91299565749257,42.477115021199204,6.517446971107567,61.218343546549676,5.573660937722637,2.360860211389619,67.18282285095471,7.039793159827729,2.6532608540864824,57.153011625515404,7.019328870285516,2.6494016060774017,57.1605558161105,64.45848506359052,8.028604179033271,"['u', 'g', 'r', 'i', 'z', 'y']","['g', 'r', 'i', 'z', 'y']",[61.7991117],[[1.98813232]],1.4100114594331734,,,,,,,,
98,deblcdouble232,06072026,9.193369100160742,0.9548399707746376,0.5992124657678024,0.7312631703456626,13.896444069188918,0.3106242565817606,1.7149296324198589,0.0157770277409416,0.4531351182956942,2,-0.770482235313246,2.4721034132401782,0.2491614687528554,1.4310028783992004,3.308353912554153,0.0,24.999417729215455,23.39430611505517,20.57103935771511,19.432688284971743,19.22463730541052,19.077200376544063,19.092687534772764,GAL-QSO-LENS_-0.0423_0.0321,0.5656260299417001,1.8601331994764725,-0.0422588361248408,0.0320912438473213,0.2398415109363337,-0.1523472284494552,0.0005611621222693,-0.0058395904506015,0.0,0.0,-0.0474097077478492,23.39430611505517,24.354687960713377,0.3128047682651557,4.0,0.1296684635479246,-0.0307312815150213,-0.0422588361248408,0.0320912438473213,0.1728979667811045,-0.1922159960587648,-0.7444154872196833,0.1378606395843221,22.434595159663385,23.860739883122108,30.17491152343139,0.4167301304296327,1.0,-0.0250312434178101,0.0016351753011944,0.1100865160238982,-0.1600046850927236,20.57103935771511,23.339494546959514,0.3128047682651557,4.0,0.1296684635479246,-0.0307312815150213,-0.0422588361248408,0.0320912438473213,0.1728979667811045,-0.1922159960587648,-0.7444154872196833,0.1378606395843221,19.611328402323327,21.03747312578205,28.199888826202645,0.4167301304296327,1.0,-0.0250312434178101,0.0016351753011944,0.1100865160238982,-0.1600046850927236,19.432688284971743,22.03683597710765,0.3128047682651557,4.0,0.1296684635479246,-0.0307312815150213,-0.0422588361248408,0.0320912438473213,0.1728979667811045,-0.1922159960587648,-0.7444154872196833,0.1378606395843221,18.47297732957996,19.899122053038685,28.01574196663966,0.4167301304296327,1.0,-0.0250312434178101,0.0016351753011944,0.1100865160238982,-0.1600046850927236,19.22463730541052,21.00081037429969,0.3128047682651557,4.0,0.1296684635479246,-0.0307312815150213,-0.0422588361248408,0.0320912438473213,0.1728979667811045,-0.1922159960587648,-0.7444154872196833,0.1378606395843221,18.26492635001873,19.691071073477453,27.934539839194542,0.4167301304296327,1.0,-0.0250312434178101,0.0016351753011944,0.1100865160238982,-0.1600046850927236,19.077200376544063,20.619907610543294,0.3128047682651557,4.0,0.1296684635479246,-0.0307312815150213,-0.0422588361248408,0.0320912438473213,0.1728979667811045,-0.1922159960587648,-0.7444154872196833,0.1378606395843221,18.11748942115228,19.543634144611,27.73605681182341,0.4167301304296327,1.0,-0.0250312434178101,0.0016351753011944,0.1100865160238982,-0.1600046850927236,19.092687534772764,20.335866901150943,0.3128047682651557,4.0,0.1296684635479246,-0.0307312815150213,-0.0422588361248408,0.0320912438473213,0.1728979667811045,-0.1922159960587648,-0.7444154872196833,0.1378606395843221,18.13297657938098,19.559121302839703,27.42906497878799,0.4167301304296327,1.0,-0.0250312434178101,0.0016351753011944,0.1100865160238982,-0.1600046850927236,171.3625745325037,3.308353912554153,-22.945927557687163,2.420384606356382,2.053490171528292,-0.6507684546332948,2.0,0.0157770277409416,0.4531351182956942,0.3106242565817606,1.7149296324198589,0.2491614687528554,1.4310028783992004,0.5898506649383208,1.9507254796635352,0.0,24.99941772921545,0.005866491247605,0.1100865160238982,-0.1600046850927236,0.1100865160238982,-0.1600046850927236,27.934539839194542,3.213925559279068,9.193369100160742,0.2462926555693015,19.691071073477453,19.691071073477453,-0.2829501253350897,0.5574666609853933,-0.1163526953582007,0.7648195244097791,154175465807.4439,<slsim.Lenses.lens.Lens object at 0x7fad500e2a50>,-22.96050093889644,-25.78376769623649,-26.922118768979857,-27.13016974854109,-27.27760667740754,-27.26211951917884,,,,,,,,,,,,,,,,,,,,,,,,,,,,,,,,,,,,,,,,,,,,,,,,,,,24.99941772921545,2.33599330757868,-0.7271650924020026,-0.770482235313246,2.4721034132401782,,,,,,,,,,,,,,,,,,,,,,,,,,24.999417729215455,,,,,,,,,27.335486149483938,11.111599117604863,3.3334065335036565,25.687575621779292,0.7748568336210091,0.8802595262881334,25.26947589666355,0.810532842268949,0.9002959748154764,26.820459376959636,1.147767988153903,1.0713393431373193,26.918686171024472,3.738926571509371,1.9336304123356591,"['u', 'g', 'r', 'i', 'z', 'y']","['g', 'r', 'i', 'z', 'y']",[25.94037769],[[0.26645166]],0.5161895563919735,,,,,,,,
99,deblcdouble459,06072026,8.198785310198977,1.0537517488344608,1.1485849501169962,0.9085089965529952,9.249346497756738,0.3285720903111837,2.3984188786635583,0.0167290267072924,0.7886802116240008,2,-0.7404577090676494,2.013532982920256,0.2371137061188459,2.2965459956481054,3.091679372038584,0.0,92.99284341543128,23.78746441963997,22.41427628736524,21.84166533450353,21.5435386361858,21.45846290850302,21.217122162771563,GAL-QSO-LENS_-0.0215_-0.0440,0.4988858235908924,1.994759678251672,-0.0214737385480312,-0.0439579577725025,-0.1310236401916154,0.0369208077246687,-0.0152685552825834,-0.0352117933655185,0.0,0.0,0.0517300994363649,23.78746441963997,24.93176082204893,0.4476020435890162,4.0,-0.0611152421361996,0.080498036317403,-0.0214737385480312,-0.0439579577725025,-0.4357454576807998,0.0040990979377702,0.800025765697129,-0.1575386003192694,22.77783656340514,25.08983472800904,26.54364868844975,0.3252158216262251,1.0,0.324544198937469,0.2389905622272852,-0.1368227592211302,0.3103249985238533,22.41427628736524,24.8188742412582,0.4476020435890162,4.0,-0.0611152421361996,0.080498036317403,-0.0214737385480312,-0.0439579577725025,-0.4357454576807998,0.0040990979377702,0.800025765697129,-0.1575386003192694,21.404648431130408,23.716646595734304,25.05792105865627,0.3252158216262251,1.0,0.324544198937469,0.2389905622272852,-0.1368227592211302,0.3103249985238533,21.84166533450353,24.242229035159447,0.4476020435890162,4.0,-0.0611152421361996,0.080498036317403,-0.0214737385480312,-0.0439579577725025,-0.4357454576807998,0.0040990979377702,0.800025765697129,-0.1575386003192694,20.832037478268703,23.1440356428726,24.871956030151942,0.3252158216262251,1.0,0.324544198937469,0.2389905622272852,-0.1368227592211302,0.3103249985238533,21.5435386361858,23.397584452172417,0.4476020435890162,4.0,-0.0611152421361996,0.080498036317403,-0.0214737385480312,-0.0439579577725025,-0.4357454576807998,0.0040990979377702,0.800025765697129,-0.1575386003192694,20.533910779950965,22.84590894455486,24.703655969938083,0.3252158216262251,1.0,0.324544198937469,0.2389905622272852,-0.1368227592211302,0.3103249985238533,21.45846290850302,22.63947446381749,0.4476020435890162,4.0,-0.0611152421361996,0.080498036317403,-0.0214737385480312,-0.0439579577725025,-0.4357454576807998,0.0040990979377702,0.800025765697129,-0.1575386003192694,20.448835052268187,22.760833216872083,24.55921990352462,0.3252158216262251,1.0,0.324544198937469,0.2389905622272852,-0.1368227592211302,0.3103249985238533,21.217122162771563,21.99998991683109,0.4476020435890162,4.0,-0.0611152421361996,0.080498036317403,-0.0214737385480312,-0.0439579577725025,-0.4357454576807998,0.0040990979377702,0.800025765697129,-0.1575386003192694,20.20749430653673,22.519492471140627,24.546776189856715,0.3252158216262251,1.0,0.324544198937469,0.2389905622272852,-0.1368227592211302,0.3103249985238533,199.7846147755073,3.091679372038584,-78.03432981612566,2.5342598461246606,14.958513599305624,-0.3013365950476535,2.0,0.0167290267072924,0.7886802116240008,0.3285720903111837,2.3984188786635583,0.2371137061188459,2.2965459956481054,0.8716799427970152,0.4312956615602196,0.0,92.99284341543128,0.0383796713434766,-0.1368227592211302,0.3103249985238533,-0.1368227592211302,0.3103249985238533,24.703655969938083,2.447405685135475,8.198785310198977,-0.789721043546236,22.84590894455486,22.84590894455486,1.4334636439431236,0.7603678296436253,1.1100842047932022,0.8164160699215702,251120285643.7624,<slsim.Lenses.lens.Lens object at 0x7fe6842af190>,-22.399069738809,-23.772257871083728,-24.34486882394544,-24.64299552226317,-24.72807124994595,-24.969411995677405,,,,,,,,,,,,,,,,,,,,,,,,,,,,,,,,,,,,,,,,,,,,,,,,,,,92.99284341543128,,,-0.7404577090676494,2.013532982920256,,,,,,,,,,,,,,,,,,,,,,,,,,92.99284341543128,,,,,,,,,89.02874224805349,65.68823429427877,8.104827838657572,96.2371607301214,40.99410565145533,6.402663949595928,99.67456095261083,37.21123955324741,6.100101601879055,97.40674194212254,44.79527244817666,6.692927046380878,103.66346437404422,51.00318670138539,7.141651538781866,"['u', 'g', 'r', 'i', 'z', 'y']","['g', 'r', 'i', 'z', 'y']",[97.66080019],[[9.2232901]],3.0369870094331692,,,,,,,,
100,deblcdouble207,06072026,7.955691321522677,1.5996065823920722,0.8477258222876025,0.6263684852201475,84.21926787014831,0.2191999846172055,2.742474737156797,0.0129097082079858,1.137044495854449,2,-0.6489756845937927,1.9339962425875967,0.2328044653598844,2.734570276576149,2.633917716045231,0.0,174.21421991944152,23.869894419506355,22.92829337078517,22.42069062693197,22.207763272223445,21.907379152195123,21.671124724021613,GAL-QSO-LENS_0.0472_0.0073,0.7831225035262181,1.996395939769373,0.0471692180341469,0.0072842436461032,0.1156800121299313,0.0659125473682134,0.014099034517147,-0.0170627597395762,0.0,0.0,-0.0147783975423506,23.869894419506355,24.82495592246299,0.6124362189637633,4.0,0.0673014587022941,0.0151349565264108,0.0471692180341469,0.0072842436461032,0.5539712502438373,0.0070837026527954,-1.3785696066433857,0.1246453575988884,23.231508303380828,25.48875681437491,28.80863245929823,0.1327202915324483,1.0,-0.0112251273323035,-0.0008988028254284,0.2619359551638327,-0.6392979166835325,22.92829337078517,24.218613887498,0.6124362189637633,4.0,0.0673014587022941,0.0151349565264108,0.0471692180341469,0.0072842436461032,0.5539712502438373,0.0070837026527954,-1.3785696066433857,0.1246453575988884,22.28990725465964,24.54715576565372,28.43262274903116,0.1327202915324483,1.0,-0.0112251273323035,-0.0008988028254284,0.2619359551638327,-0.6392979166835325,22.42069062693197,22.674161792240177,0.6124362189637633,4.0,0.0673014587022941,0.0151349565264108,0.0471692180341469,0.0072842436461032,0.5539712502438373,0.0070837026527954,-1.3785696066433857,0.1246453575988884,21.78230451080644,24.03955302180053,28.36849351532744,0.1327202915324483,1.0,-0.0112251273323035,-0.0008988028254284,0.2619359551638327,-0.6392979166835325,22.207763272223445,21.583349123494216,0.6124362189637633,4.0,0.0673014587022941,0.0151349565264108,0.0471692180341469,0.0072842436461032,0.5539712502438373,0.0070837026527954,-1.3785696066433857,0.1246453575988884,21.569377156097914,23.826625667092,28.157751098744583,0.1327202915324483,1.0,-0.0112251273323035,-0.0008988028254284,0.2619359551638327,-0.6392979166835325,21.907379152195123,20.766958445337053,0.6124362189637633,4.0,0.0673014587022941,0.0151349565264108,0.0471692180341469,0.0072842436461032,0.5539712502438373,0.0070837026527954,-1.3785696066433857,0.1246453575988884,21.268993036069595,23.52624154706368,28.10768312812368,0.1327202915324483,1.0,-0.0112251273323035,-0.0008988028254284,0.2619359551638327,-0.6392979166835325,21.671124724021613,20.491728566412363,0.6124362189637633,4.0,0.0673014587022941,0.0151349565264108,0.0471692180341469,0.0072842436461032,0.5539712502438373,0.0070837026527954,-1.3785696066433857,0.1246453575988884,21.03273860789609,23.289987118890167,27.73681037977787,0.1327202915324483,1.0,-0.0112251273323035,-0.0008988028254284,0.2619359551638327,-0.6392979166835325,230.2416318052626,2.633917716045231,-138.3992774076766,1.8003396505040912,35.81494251176491,-0.2251412339602145,2.0,0.0129097082079858,1.137044495854449,0.2191999846172055,2.742474737156797,0.2328044653598844,2.734570276576149,0.6060885725069292,0.6502723761849996,0.0,174.21421991944152,0.02213414882588,0.2619359551638327,-0.6392979166835325,0.2619359551638327,-0.6392979166835325,28.157751098744583,2.11219859805318,7.955691321522677,-0.0268524727133988,23.826625667092,23.826625667092,0.2589525039713115,0.7650065651919319,0.1106015569456336,0.870938424792092,396886467659.4278,<slsim.Lenses.lens.Lens object at 0x7fad74132c10>,-21.969830979091945,-22.91143202781313,-23.41903477166633,-23.63196212637485,-23.932346246403178,-24.168600674576687,,,,,,,,,,,,,,,,,,,,,,,,,,,,,,,,,,,,,,,,,,,,,,,,,,,174.21421991944152,2.1670791233776674,-0.5922274644527737,-0.6489756845937927,1.9339962425875967,,,,,,,,,,,,,,,,,,,,,,,,,,174.21421991944152,,,,,,,,,,,,171.55339486391046,59.68376857264669,7.72552707409965,,,,,,,,,,"['u', 'g', 'r', 'i', 'z', 'y']",['r'],[171.55339486],[[59.68376857]],7.72552707409965,,,,,,,,
101,deblcdouble401,06072026,7.769290063573456,1.3548424061486277,0.9687095432744338,0.5768794571897233,63.092316231896895,0.3341423068775505,1.6272224600176337,0.0236499698786647,0.3497499676437799,2,-0.5886943465564013,1.8838219811888952,0.2835022760648989,1.460503860478658,2.336169844673093,0.0,115.9383118753636,24.08430693698454,23.18455243482304,22.796728211193805,22.491133160138745,22.16563819783804,21.920263717126065,GAL-QSO-LENS_-0.0351_0.0246,0.7383351490241793,1.928003385809909,-0.0351362957071766,0.0245978320862465,0.0477971083574167,-0.1831655932676609,0.0264356509333787,0.0108808286953074,0.0,0.0,-0.0248895574416595,24.08430693698454,24.62901359826069,0.7821400854383646,4.0,0.0233562518091894,-0.0840051097823499,-0.0351362957071766,0.0245978320862465,-1.1528454934018255,0.2019318407105384,-0.0546189775946576,-0.0678975495811131,22.984052343832776,24.685470073552665,24.650350624998225,0.5653930717992565,1.0,-0.0527924435153324,-0.2375350272238716,-0.4101355670321889,0.1079398464271895,23.18455243482304,24.198256961845782,0.7821400854383646,4.0,0.0233562518091894,-0.0840051097823499,-0.0351362957071766,0.0245978320862465,-1.1528454934018255,0.2019318407105384,-0.0546189775946576,-0.0678975495811131,22.08429784167127,23.78571557139116,24.41696640212377,0.5653930717992565,1.0,-0.0527924435153324,-0.2375350272238716,-0.4101355670321889,0.1079398464271895,22.796728211193805,22.843149631486217,0.7821400854383646,4.0,0.0233562518091894,-0.0840051097823499,-0.0351362957071766,0.0245978320862465,-1.1528454934018255,0.2019318407105384,-0.0546189775946576,-0.0678975495811131,21.69647361804204,23.39789134776193,24.22876790270153,0.5653930717992565,1.0,-0.0527924435153324,-0.2375350272238716,-0.4101355670321889,0.1079398464271895,22.491133160138745,21.81005462481262,0.7821400854383646,4.0,0.0233562518091894,-0.0840051097823499,-0.0351362957071766,0.0245978320862465,-1.1528454934018255,0.2019318407105384,-0.0546189775946576,-0.0678975495811131,21.39087856698698,23.09229629670687,24.11132370618361,0.5653930717992565,1.0,-0.0527924435153324,-0.2375350272238716,-0.4101355670321889,0.1079398464271895,22.16563819783804,20.957744163611995,0.7821400854383646,4.0,0.0233562518091894,-0.0840051097823499,-0.0351362957071766,0.0245978320862465,-1.1528454934018255,0.2019318407105384,-0.0546189775946576,-0.0678975495811131,21.065383604686275,22.766801334406164,24.032403813290195,0.5653930717992565,1.0,-0.0527924435153324,-0.2375350272238716,-0.4101355670321889,0.1079398464271895,21.920263717126065,20.57453617864168,0.7821400854383646,4.0,0.0233562518091894,-0.0840051097823499,-0.0351362957071766,0.0245978320862465,-1.1528454934018255,0.2019318407105384,-0.0546189775946576,-0.0678975495811131,20.82000912397429,22.521426853694187,23.851542032556864,0.5653930717992565,1.0,-0.0527924435153324,-0.2375350272238716,-0.4101355670321889,0.1079398464271895,244.89850314343929,2.336169844673093,-104.95302711680638,2.754874615284693,10.985284758557214,-0.574823805311604,2.0,0.0236499698786647,0.3497499676437799,0.3341423068775505,1.6272224600176337,0.2835022760648989,1.460503860478658,-3.0476295528744872,2.3694844952234653,0.0,115.9383118753636,0.0285873411384842,-0.4101355670321889,0.1079398464271895,-0.4101355670321889,0.1079398464271895,24.11132370618361,3.0472329691838214,7.769290063573456,-0.0639487885272953,23.09229629670687,23.09229629670687,-0.657769194365865,0.681662571641577,-0.6498059494735231,0.8396021663532238,466515076412.6319,<slsim.Lenses.lens.Lens object at 0x7facc80213d0>,-21.48364676008146,-22.38340126224297,-22.7712254858722,-23.07682053692725,-23.40231549922796,-23.647689979939937,,,,,,,,,,,,,,,,,,,,,,,,,,,,,,,,,,,,,,,,,,,,,,,,,,,115.9383118753636,2.157217646723665,-0.616561269499083,-0.5886943465564013,1.8838219811888952,,,,,,,,,,,,,,,,,,,,,,,,,,115.9383118753636,,,,,,,,,,,,,,,109.96325727139642,68.52973683520045,8.278268951610624,116.36950158712222,74.43359254555949,8.627490512632251,,,,"['u', 'g', 'r', 'i', 'z', 'y']","['i', 'z']",[113.03410235],[[35.6798805]],5.973263806714309,,,,,,,,
102,deblcdouble2,06072026,7.939422789477596,1.0271685219130167,1.10858386390545,0.2660732108498212,27.14904786581777,0.2926242199711997,0.8519409053766831,0.0253373011382024,0.1615292825796352,2,-0.3626241439826999,2.281221474794838,0.2996459732040708,0.7960574007379797,2.0831871383837983,0.0,69.53036075274893,23.80680749792037,23.46707750779011,23.001191520994617,22.569679560719635,22.205037547206192,22.148560976475466,GAL-QSO-LENS_0.0205_-0.0193,0.5407280831446437,1.94395910884182,0.0204990532489223,-0.0192647733752249,0.0479223284512828,0.0401069427377258,-0.0079046803574104,0.0649727367803296,0.0,0.0,-0.0962191576832715,23.80680749792037,24.698383659928115,0.4227269098488632,4.0,0.0035958767811981,0.0022532502554318,0.0204990532489223,-0.0192647733752249,0.2916344702755092,-0.0886835274245965,0.6684115774891822,-0.2857547565607851,22.84033578172214,23.27330613840883,24.388435581569425,0.374182892724662,1.0,0.6073194400079958,-0.0309171300075257,0.0981472816901052,0.1869268550820551,23.46707750779011,24.5395840732752,0.4227269098488632,4.0,0.0035958767811981,0.0022532502554318,0.0204990532489223,-0.0192647733752249,0.2916344702755092,-0.0886835274245965,0.6684115774891822,-0.2857547565607851,22.50060579159188,22.933576148278565,24.270180719655727,0.374182892724662,1.0,0.6073194400079958,-0.0309171300075257,0.0981472816901052,0.1869268550820551,23.001191520994617,23.661636909345933,0.4227269098488632,4.0,0.0035958767811981,0.0022532502554318,0.0204990532489223,-0.0192647733752249,0.2916344702755092,-0.0886835274245965,0.6684115774891822,-0.2857547565607851,22.03471980479638,22.46769016148308,24.176568941702605,0.374182892724662,1.0,0.6073194400079958,-0.0309171300075257,0.0981472816901052,0.1869268550820551,22.569679560719635,22.754172971295343,0.4227269098488632,4.0,0.0035958767811981,0.0022532502554318,0.0204990532489223,-0.0192647733752249,0.2916344702755092,-0.0886835274245965,0.6684115774891822,-0.2857547565607851,21.6032078445214,22.03617820120809,24.17946942448328,0.374182892724662,1.0,0.6073194400079958,-0.0309171300075257,0.0981472816901052,0.1869268550820551,22.205037547206192,21.893323578448648,0.4227269098488632,4.0,0.0035958767811981,0.0022532502554318,0.0204990532489223,-0.0192647733752249,0.2916344702755092,-0.0886835274245965,0.6684115774891822,-0.2857547565607851,21.23856583100796,21.67153618769465,24.109073013333045,0.374182892724662,1.0,0.6073194400079958,-0.0309171300075257,0.0981472816901052,0.1869268550820551,22.148560976475466,21.26623250655061,0.4227269098488632,4.0,0.0035958767811981,0.0022532502554318,0.0204990532489223,-0.0192647733752249,0.2916344702755092,-0.0886835274245965,0.6684115774891822,-0.2857547565607851,21.18208926027723,21.61505961696392,24.020326890566714,0.374182892724662,1.0,0.6073194400079958,-0.0309171300075257,0.0981472816901052,0.1869268550820551,239.0723057983388,2.0831871383837983,-72.87598999663673,2.4355030987931308,-3.345629243887796,-1.634558783919535,2.0,0.0253373011382024,0.1615292825796352,0.2926242199711997,0.8519409053766831,0.2996459732040708,0.7960574007379797,-0.6161702517995908,-0.7319471633491709,0.0,69.53036075274893,0.0654518181281378,0.0981472816901052,0.1869268550820551,0.0981472816901052,0.1869268550820551,24.17946942448328,2.5099117332933094,7.939422789477596,-0.7735252958443388,22.03617820120809,22.03617820120809,0.3484243304040021,0.8823690087210573,0.2798818999118165,0.9915488216768358,440218967762.86536,<slsim.Lenses.lens.Lens object at 0x7fad9fcc9450>,-21.42795001428961,-21.76768000441988,-22.23356599121537,-22.66507795149036,-23.0297199650038,-23.086196535734523,,,,,,,,,,,,,,,,,,,,,,,,,,,,,,,,,,,,,,,,,,,,,,,,,,,69.53036075274893,2.146275681308061,-0.4279232998744028,-0.3626241439826999,2.281221474794838,,,,,,,,,,,,,,,,,,,,,,,,,,69.53036075274893,,,,,,,,,78.64853724169865,26.19519622062923,5.118124287337035,68.79318535440757,2.442273521952915,1.5627775023825097,66.69249668631834,2.10190285598866,1.4497940736493096,64.93113254636405,1.935164285979161,1.3911018244467803,67.28747215916887,7.0208673081899935,2.6496919270341586,"['u', 'g', 'r', 'i', 'z', 'y']","['g', 'r', 'i', 'z', 'y']",[67.00282231],[[0.63188222]],0.7949101979777596,,,,,,,,
103,deblcdouble3,06072026,8.055733252583751,1.0425413541559159,0.926200625614969,0.753302616193404,9.2301672478802,0.3275654285609888,0.913899829569402,0.0311610172221354,0.221709977144725,2,-0.663086941211142,1.9305776319189365,0.269293610078148,0.7461926107667097,3.624625350236995,0.0,39.596849696856395,26.068018593093026,23.66017465765142,22.607104847412245,22.41754179541931,22.309208138597985,22.368318318998604,GAL-QSO-LENS_-0.0181_-0.0194,0.5157695123757448,1.9048917450151857,-0.0180626285230072,-0.019366571709982,0.1010798732745759,-0.0575098365091893,-0.0005284216308332,0.0080476096036782,0.0,0.0,-0.0113732020103719,26.068018593093026,23.701378403169272,0.6129231620561382,4.0,0.0301825926246868,-0.0007066500415975,-0.0180626285230072,-0.019366571709982,0.0602142586182941,0.0072825844024189,0.7600517231011044,-0.2811450464818382,25.01647482844817,25.417720810329065,26.61717224649332,0.4501031862508154,1.0,-0.2421972263524061,-0.3799644231958566,-0.0138076151768395,0.214386824458585,23.66017465765142,23.66889930509724,0.6129231620561382,4.0,0.0301825926246868,-0.0007066500415975,-0.0180626285230072,-0.019366571709982,0.0602142586182941,0.0072825844024189,0.7600517231011044,-0.2811450464818382,22.608630893006573,23.00987687488746,24.01561315245034,0.4501031862508154,1.0,-0.2421972263524061,-0.3799644231958566,-0.0138076151768395,0.214386824458585,22.607104847412245,23.27106459849444,0.6129231620561382,4.0,0.0301825926246868,-0.0007066500415975,-0.0180626285230072,-0.019366571709982,0.0602142586182941,0.0072825844024189,0.7600517231011044,-0.2811450464818382,21.5555610827674,21.956807064648284,23.5721693116306,0.4501031862508154,1.0,-0.2421972263524061,-0.3799644231958566,-0.0138076151768395,0.214386824458585,22.41754179541931,22.553540221075927,0.6129231620561382,4.0,0.0301825926246868,-0.0007066500415975,-0.0180626285230072,-0.019366571709982,0.0602142586182941,0.0072825844024189,0.7600517231011044,-0.2811450464818382,21.365998030774463,21.76724401265535,23.60298471873492,0.4501031862508154,1.0,-0.2421972263524061,-0.3799644231958566,-0.0138076151768395,0.214386824458585,22.309208138597985,21.878209494911523,0.6129231620561382,4.0,0.0301825926246868,-0.0007066500415975,-0.0180626285230072,-0.019366571709982,0.0602142586182941,0.0072825844024189,0.7600517231011044,-0.2811450464818382,21.257664373953137,21.658910355834024,23.503932192748383,0.4501031862508154,1.0,-0.2421972263524061,-0.3799644231958566,-0.0138076151768395,0.214386824458585,22.368318318998604,21.526518061513933,0.6129231620561382,4.0,0.0301825926246868,-0.0007066500415975,-0.0180626285230072,-0.019366571709982,0.0602142586182941,0.0072825844024189,0.7600517231011044,-0.2811450464818382,21.31677455435376,21.718020536234643,23.42279056946009,0.4501031862508154,1.0,-0.2421972263524061,-0.3799644231958566,-0.0138076151768395,0.214386824458585,180.7440133094324,3.624625350236995,-39.00556329997763,2.634010524220009,0.5912863968787667,-1.820200012884528,2.0,0.0311610172221354,0.221709977144725,0.3275654285609888,0.913899829569402,0.269293610078148,0.7461926107667097,-0.1654338222013639,0.2157407180671762,0.0,39.5968496968564,0.0080649395380961,-0.0138076151768395,0.214386824458585,-0.0138076151768395,0.214386824458585,23.60298471873492,3.0276263470973395,8.055733252583751,0.7572875059978174,21.76724401265535,21.76724401265535,-0.2586394829034725,0.7916411326021956,-0.0117041133145542,0.9413878247654656,185199348406.526,<slsim.Lenses.lens.Lens object at 0x7fad9fceee50>,-20.43748299760155,-22.84532693304316,-23.89839674328233,-24.087959795275264,-24.19629345209659,-24.13718327169597,,,,,,,,,,,,,,,,,,,,,,,,,,,,,,,,,,,,,,,,,,,,,,,,,,,39.5968496968564,2.213445121163369,-0.467318398329988,-0.663086941211142,1.9305776319189365,,,,,,,,,,,,,,,,,,,,,,,,,,39.596849696856395,,,,,,,,,,,,53.16555030188103,56.84010243606421,7.539237523520811,31.141322704463867,13.808801413220941,3.7160195657747743,47.74233182507418,22.827882622860066,4.777853348823095,52.013877778118264,43.07805947004361,6.563387804331207,"['g', 'r', 'i', 'z', 'y']","['r', 'i', 'z', 'y']",[41.32552405],[[6.3681878]],2.523526857152441,,,,,,,,
104,deblcdouble302,06072026,8.502052962328781,0.8657350461223391,2.003597212994552,0.5243362477404103,42.73186313919408,0.2819146084497079,0.8141120705799604,0.0312248074858399,0.1220361501818005,2,-0.5376171661222137,2.2399408375228247,0.4270229883598753,0.9762607841808908,4.223430519991445,0.0,75.49293026386042,28.375308386321432,24.66681839689704,22.81039659811293,22.11800206438667,21.89186008891602,21.66090544889347,GAL-QSO-LENS_0.0031_0.0161,0.5100708976374574,2.047360511324697,0.0030582497135988,0.0161466118739695,0.1137112397337916,0.184724957396869,0.0573630788122593,-0.0176963562991413,0.0,0.0,-0.0514290639911732,28.375308386321432,25.97270355134524,0.6880447486520602,4.0,0.04573544794605,0.1117666368932098,0.0030582497135988,0.0161466118739695,-0.0684598819435112,-0.1813359054613827,0.613253865735855,-0.2450911542877025,27.18239014551453,28.283042691010937,28.65317582613816,0.3694245143585622,1.0,0.2165737807299224,-0.0716153428025748,0.0499389825519848,0.1640412027028783,24.66681839689704,25.873343220440432,0.6880447486520602,4.0,0.04573544794605,0.1117666368932098,0.0030582497135988,0.0161466118739695,-0.0684598819435112,-0.1813359054613827,0.613253865735855,-0.2450911542877025,23.473900156090146,24.574552701586544,26.538541263972267,0.3694245143585622,1.0,0.2165737807299224,-0.0716153428025748,0.0499389825519848,0.1640412027028783,22.81039659811293,25.660469966161585,0.6880447486520602,4.0,0.04573544794605,0.1117666368932098,0.0030582497135988,0.0161466118739695,-0.0684598819435112,-0.1813359054613827,0.613253865735855,-0.2450911542877025,21.61747835730604,22.71813090280244,25.447916087119832,0.3694245143585622,1.0,0.2165737807299224,-0.0716153428025748,0.0499389825519848,0.1640412027028783,22.11800206438667,25.494504880028543,0.6880447486520602,4.0,0.04573544794605,0.1117666368932098,0.0030582497135988,0.0161466118739695,-0.0684598819435112,-0.1813359054613827,0.613253865735855,-0.2450911542877025,20.92508382357977,22.02573636907617,25.221311148170965,0.3694245143585622,1.0,0.2165737807299224,-0.0716153428025748,0.0499389825519848,0.1640412027028783,21.89186008891602,24.88335804963792,0.6880447486520602,4.0,0.04573544794605,0.1117666368932098,0.0030582497135988,0.0161466118739695,-0.0684598819435112,-0.1813359054613827,0.613253865735855,-0.2450911542877025,20.69894184810912,21.799594393605524,25.071430667078392,0.3694245143585622,1.0,0.2165737807299224,-0.0716153428025748,0.0499389825519848,0.1640412027028783,21.66090544889347,24.228881953721604,0.6880447486520602,4.0,0.04573544794605,0.1117666368932098,0.0030582497135988,0.0161466118739695,-0.0684598819435112,-0.1813359054613827,0.613253865735855,-0.2450911542877025,20.467987208086573,21.56863975358297,24.89579929784227,0.3694245143585622,1.0,0.2165737807299224,-0.0716153428025748,0.0499389825519848,0.1640412027028783,246.24118577217865,4.223430519991445,-101.07097542407368,3.000318060986113,-25.57804516021326,-1.0886951247488166,2.0,0.0312248074858399,0.1220361501818005,0.2819146084497079,0.8141120705799604,0.4270229883598753,0.9762607841808908,0.1747067590150588,-1.17061516659935,0.0,75.49293026386042,0.0600306907930238,0.0499389825519848,0.1640412027028783,0.0499389825519848,0.1640412027028783,25.221311148170965,3.1588166207408,8.502052962328781,-0.5075171595272874,22.02573636907617,22.02573636907617,0.509503254141443,0.6434956835511029,0.5911900106806769,0.7844998475885744,475907886421.1137,<slsim.Lenses.lens.Lens object at 0x7facc8210c90>,-18.56179287754773,-22.270282866972124,-24.12670466575623,-24.81909919948249,-25.045241174953144,-25.276195814975694,,,,,,,,,,,,,,,,,,,,,,,,,,,,,,,,,,,,,,,,,,,,,,,,,,,75.49293026386042,1.636000326614235,-0.6338976893243194,-0.5376171661222137,2.2399408375228247,,,,,,,,,,,,,,,,,,,,,,,,,,75.49293026386042,,,,,,,,,,,,75.69861622054702,53.41212050811818,7.3083596318269795,82.58440409156555,13.724284669859887,3.7046301664079624,66.95939267602023,49.57450523122517,7.040916505059918,,,,"['g', 'r', 'i', 'z', 'y']","['r', 'i', 'z']",[78.61061887],[[8.94794185]],2.991311057968405,,,,,,,,
105,deblcdouble212,06072026,8.610557680294411,0.8942000046224624,1.552745652035032,0.2916327863477321,56.72277778548515,0.2678133548587986,0.9069491003722324,0.0216562987826631,0.1162996405283081,2,-0.4540333670718658,2.3268091215991187,0.3630362102157685,1.1083981907855294,2.9418353681990754,0.0,81.30779673570163,25.51899698923744,23.55334533994949,22.397718820162623,21.632123962313194,21.116340568646315,20.555834292409507,GAL-QSO-LENS_0.0429_-0.0133,0.4843251179381126,2.081635710052568,0.0428871077695192,-0.0132591041070905,0.089642819596343,-0.1324812962282269,-0.0248053950374451,0.0031035781771913,0.0,0.0,-0.0554353551417911,25.51899698923744,25.3373661173754,0.5952329737940206,4.0,0.155430988610853,0.0729023458410928,0.0428871077695192,-0.0132591041070905,-0.1162985111919084,0.2274831166489299,0.6103655892334501,-0.2151087232838535,24.535761695765075,25.73479695788721,25.43187915584535,0.7975509304596613,1.0,0.409257923525631,0.070923831184399,-0.0557610504791334,0.1598024603756377,23.55334533994949,25.25882338378312,0.5952329737940206,4.0,0.155430988610853,0.0729023458410928,0.0428871077695192,-0.0132591041070905,-0.1162985111919084,0.2274831166489299,0.6103655892334501,-0.2151087232838535,22.57011004647713,23.769145308599263,24.340570866957457,0.7975509304596613,1.0,0.409257923525631,0.070923831184399,-0.0557610504791334,0.1598024603756377,22.397718820162623,25.082740942941488,0.5952329737940206,4.0,0.155430988610853,0.0729023458410928,0.0428871077695192,-0.0132591041070905,-0.1162985111919084,0.2274831166489299,0.6103655892334501,-0.2151087232838535,21.41448352669026,22.613518788812392,24.241110451674885,0.7975509304596613,1.0,0.409257923525631,0.070923831184399,-0.0557610504791334,0.1598024603756377,21.632123962313194,24.34456871516724,0.5952329737940206,4.0,0.155430988610853,0.0729023458410928,0.0428871077695192,-0.0132591041070905,-0.1162985111919084,0.2274831166489299,0.6103655892334501,-0.2151087232838535,20.64888866884083,21.847923930962963,24.068797459343443,0.7975509304596613,1.0,0.409257923525631,0.070923831184399,-0.0557610504791334,0.1598024603756377,21.116340568646315,23.635668580086527,0.5952329737940206,4.0,0.155430988610853,0.0729023458410928,0.0428871077695192,-0.0132591041070905,-0.1162985111919084,0.2274831166489299,0.6103655892334501,-0.2151087232838535,20.13310527517395,21.332140537296084,23.96295566720027,0.7975509304596613,1.0,0.409257923525631,0.070923831184399,-0.0557610504791334,0.1598024603756377,20.555834292409507,23.16418336188428,0.5952329737940206,4.0,0.155430988610853,0.0729023458410928,0.0428871077695192,-0.0132591041070905,-0.1162985111919084,0.2274831166489299,0.6103655892334501,-0.2151087232838535,19.572598998937146,20.77163426105928,23.98817091499892,0.7975509304596613,1.0,0.409257923525631,0.070923831184399,-0.0557610504791334,0.1598024603756377,239.8163778021972,2.9418353681990754,-94.7420733585456,2.4733986384832543,-13.434276622843962,-0.8197473332795185,2.0,0.0216562987826631,0.1162996405283081,0.2678133548587986,0.9069491003722324,0.3630362102157685,1.1083981907855294,0.5238108770604809,1.494689464753985,0.0,81.30779673570163,0.0249987963803389,-0.0557610504791334,0.1598024603756377,-0.0557610504791334,0.1598024603756377,24.068797459343443,1.846009250053167,8.610557680294411,-0.868282463291592,21.847923930962963,21.847923930962963,-0.4879586781834339,0.7241977236416086,0.2192844956668057,0.7069527320158197,443833556633.5891,<slsim.Lenses.lens.Lens object at 0x7fad500d3010>,-20.54293959790266,-22.508591247190605,-23.66421776697748,-24.429812624826905,-24.945596018493784,-25.506102294730592,,,,,,,,,,,,,,,,,,,,,,,,,,,,,,,,,,,,,,,,,,,,,,,,,,,81.30779673570163,2.541604798970499,-0.5433366822342168,-0.4540333670718658,2.3268091215991187,,,,,,,,,,,,,,,,,,,,,,,,,,81.30779673570163,,,,,,,,,,,,76.34744462770446,14.332846603471014,3.785874615392197,74.81591521427463,10.456791567917067,3.2336962702018055,78.83892603525715,6.060660930533377,2.4618409636963507,79.77680750996156,16.73732133086746,4.091127146749104,"['g', 'r', 'i', 'z', 'y']","['r', 'i', 'z', 'y']",[77.55089266],[[2.56313868]],1.6009805366467966,,,,,,,,
106,deblcdouble240,06072026,7.93556888093141,0.8669981933299771,0.6862703414377013,0.1511345080143064,40.74405942674155,0.4243154818731113,1.016074366904243,0.0267320178305571,0.2121918735251658,2,-0.463513080731137,2.212909884340176,0.3162702373867592,0.8211694357532384,2.092460476150773,0.0,18.421783409644643,23.57035402605907,23.55769124590462,23.38898170988206,23.207901092297764,22.987427539063862,23.03544378239172,GAL-QSO-LENS_-0.0317_0.0387,0.4548274262235658,1.8796111807163665,-0.0317076261406875,0.0387159667477465,0.0982015006503547,-0.0429035896700683,-0.0189476064274897,-0.0072514642722215,0.0,0.0,0.0061094874116658,23.57035402605907,24.22904557253284,0.4177676478834803,4.0,0.1965510357963728,-0.1072389831688059,-0.0317076261406875,0.0387159667477465,0.3342479845042361,-0.2542886066467509,-0.4765472291079219,0.1600928168472633,21.981195790054485,23.142101796484173,27.575483581465782,0.2177391914351055,1.0,-0.0201888175088043,-0.0129552914818603,0.0922299287125907,-0.0574544352721415,23.55769124590462,23.556850834345585,0.4177676478834803,4.0,0.1965510357963728,-0.1072389831688059,-0.0317076261406875,0.0387159667477465,0.3342479845042361,-0.2542886066467509,-0.4765472291079219,0.1600928168472633,21.968533009900035,23.129439016329723,27.47604193885665,0.2177391914351055,1.0,-0.0201888175088043,-0.0129552914818603,0.0922299287125907,-0.0574544352721415,23.38898170988206,22.371244836575777,0.4177676478834803,4.0,0.1965510357963728,-0.1072389831688059,-0.0317076261406875,0.0387159667477465,0.3342479845042361,-0.2542886066467509,-0.4765472291079219,0.1600928168472633,21.79982347387748,22.96072948030716,27.357143044105143,0.2177391914351055,1.0,-0.0201888175088043,-0.0129552914818603,0.0922299287125907,-0.0574544352721415,23.207901092297764,21.30454104400365,0.4177676478834803,4.0,0.1965510357963728,-0.1072389831688059,-0.0317076261406875,0.0387159667477465,0.3342479845042361,-0.2542886066467509,-0.4765472291079219,0.1600928168472633,21.61874285629317,22.779648862722865,27.293389916707355,0.2177391914351055,1.0,-0.0201888175088043,-0.0129552914818603,0.0922299287125907,-0.0574544352721415,22.987427539063862,20.90229039349596,0.4177676478834803,4.0,0.1965510357963728,-0.1072389831688059,-0.0317076261406875,0.0387159667477465,0.3342479845042361,-0.2542886066467509,-0.4765472291079219,0.1600928168472633,21.39826930305928,22.559175309488964,26.85070540940123,0.2177391914351055,1.0,-0.0201888175088043,-0.0129552914818603,0.0922299287125907,-0.0574544352721415,23.03544378239172,20.622595423414825,0.4177676478834803,4.0,0.1965510357963728,-0.1072389831688059,-0.0317076261406875,0.0387159667477465,0.3342479845042361,-0.2542886066467509,-0.4765472291079219,0.1600928168472633,21.446285546387127,22.60719155281681,26.19834480509416,0.2177391914351055,1.0,-0.0201888175088043,-0.0129552914818603,0.0922299287125907,-0.0574544352721415,171.578543380958,2.092460476150773,-19.54204236108236,4.3217863591756736,-1.120258951437716,-1.483545572626514,2.0,0.0267320178305571,0.2121918735251658,0.4243154818731113,1.016074366904243,0.3162702373867592,0.8211694357532384,1.3060901561155307,2.178257843415261,0.0,18.421783409644643,0.0202878171182204,0.0922299287125907,-0.0574544352721415,0.0922299287125907,-0.0574544352721415,27.293389916707355,5.431980293073566,7.93556888093141,-0.5153721463227778,22.779648862722865,22.779648862722865,-0.205950600246766,0.8064161277558403,-0.2497308551580982,0.6341165610226369,154957232426.7532,<slsim.Lenses.lens.Lens object at 0x7fad50109f90>,-21.67711838580875,-21.6897811659632,-21.85849070198576,-22.03957131957005,-22.26004487280396,-22.21202862947611,,,,,,,,,,,,,,,,,,,,,,,,,,,,,,,,,,,,,,,,,,,,,,,,,,,18.421783409644643,2.412887530903577,-0.4702287754065419,-0.463513080731137,2.212909884340176,,,,,,,,,,,,,,,,,,,,,,,,,,18.421783409644643,,,,,,19.609663358731737,6.219994387282344,38.688330177823865,18.591403692379945,11.858478779568586,3.443614203067554,17.905389172924565,4.192423643879529,2.047540877218213,17.61164548689231,5.459722206908257,2.3366048461193127,19.412467054285678,6.096335223495513,2.4690757832629426,30.269676303180447,50.80568768062673,7.1278108617321445,"['u', 'g', 'r', 'i', 'z', 'y']","['u', 'g', 'r', 'i', 'z', 'y']",[18.65817303],[[1.39747509]],1.1821485062448862,,,,,,,,
107,deblcdouble68,06072026,7.662319285390597,1.722017268474622,0.4578879156350889,0.3511990172631382,35.78007690829348,0.3907009801940263,1.178680706519881,0.0223197651952226,0.2207407667289296,2,-0.4595518816828445,2.259801225215134,0.3664480535645023,1.0675901500442526,2.521175174289237,0.0,48.55744833909546,25.556681721638945,24.403173995428567,23.81004196797096,23.488986152653663,23.0485923294258,22.730207753648845,GAL-QSO-LENS_-0.0100_-0.0213,1.0231786084655108,1.8843632292019767,-0.0099743026039033,-0.0213412854023599,0.1069709424838984,-0.0168967916200076,-0.058160218936118,0.0153744532510409,0.0,0.0,-0.058999781253049,25.556681721638945,22.26006237120758,0.6807958687874256,4.0,0.0690792362841827,-0.0735896776261564,-0.0099743026039033,-0.0213412854023599,1.0456877243761549,-0.4669303942398345,0.7555036337525785,-0.0674969131241679,23.993374454395155,25.66785662019566,26.53110626393149,0.1989006750387108,1.0,-0.2163354149078444,-0.4983729614236983,0.363953370311306,0.0559122364035711,24.403173995428567,21.150211495301782,0.6807958687874256,4.0,0.0690792362841827,-0.0735896776261564,-0.0099743026039033,-0.0213412854023599,1.0456877243761549,-0.4669303942398345,0.7555036337525785,-0.0674969131241679,22.839866728184777,24.51434889398528,26.16424341422534,0.1989006750387108,1.0,-0.2163354149078444,-0.4983729614236983,0.363953370311306,0.0559122364035711,23.81004196797096,19.82566925698868,0.6807958687874256,4.0,0.0690792362841827,-0.0735896776261564,-0.0099743026039033,-0.0213412854023599,1.0456877243761549,-0.4669303942398345,0.7555036337525785,-0.0674969131241679,22.24673470072717,23.92121686652768,25.88307215203301,0.1989006750387108,1.0,-0.2163354149078444,-0.4983729614236983,0.363953370311306,0.0559122364035711,23.488986152653663,19.13306922795828,0.6807958687874256,4.0,0.0690792362841827,-0.0735896776261564,-0.0099743026039033,-0.0213412854023599,1.0456877243761549,-0.4669303942398345,0.7555036337525785,-0.0674969131241679,21.92567888540988,23.60016105121038,25.62653598386739,0.1989006750387108,1.0,-0.2163354149078444,-0.4983729614236983,0.363953370311306,0.0559122364035711,23.0485923294258,18.797633513125533,0.6807958687874256,4.0,0.0690792362841827,-0.0735896776261564,-0.0099743026039033,-0.0213412854023599,1.0456877243761549,-0.4669303942398345,0.7555036337525785,-0.0674969131241679,21.485285062182008,23.15976722798252,25.567335981938072,0.1989006750387108,1.0,-0.2163354149078444,-0.4983729614236983,0.363953370311306,0.0559122364035711,22.730207753648845,18.59208371114662,0.6807958687874256,4.0,0.0690792362841827,-0.0735896776261564,-0.0099743026039033,-0.0213412854023599,1.0456877243761549,-0.4669303942398345,0.7555036337525785,-0.0674969131241679,21.16690048640505,22.84138265220556,25.306850481108327,0.1989006750387108,1.0,-0.2163354149078444,-0.4983729614236983,0.363953370311306,0.0559122364035711,224.94871788496604,2.521175174289237,-48.69913471354924,4.2201016006011045,-0.1416863744537848,-0.9026721440333434,2.0,0.0223197651952226,0.2207407667289296,0.3907009801940263,1.178680706519881,0.3664480535645023,1.0675901500442526,-2.0573967713936576,-2.97159317223225,0.0,48.55744833909546,0.060157999297397,0.363953370311306,0.0559122364035711,0.363953370311306,0.0559122364035711,25.62653598386739,5.217105269066011,7.662319285390597,-0.2061713111908748,23.60016105121038,23.60016105121038,-0.0783312325260659,0.8045701055714015,-0.4085011909392093,0.8166417034343517,370590865686.58246,<slsim.Lenses.lens.Lens object at 0x7fad5e60e410>,-20.212065816477804,-21.365573542688185,-21.95870557014579,-22.27976138546308,-22.72015520869095,-23.038539784467904,,,,,,,,,,,,,,,,,,,,,,,,,,,,,,,,,,,,,,,,,,,,,,,,,,,48.55744833909546,1.9758678362854256,-0.4530242409433517,-0.4595518816828445,2.259801225215134,,,,,,,,,,,,,,,,,,,,,,,,,,48.55744833909546,,,,,,,,,42.47499156974333,83.850494456189,9.156991561434847,34.30701628687848,65.532698418721,8.095226891120532,54.35914973099539,21.407769817590008,4.626853122543443,,,,,,,"['g', 'r', 'i', 'z', 'y']","['g', 'r', 'i']",[48.30053249],[[13.53224692]],3.6786202464202487,,,,,,,,
108,deblcdouble120,06072026,8.663199159464195,2.3709128773564436,0.7916563082773936,0.879132733876446,6.523281479577454,0.2859643894472283,1.356805872429233,0.02068187490355,0.5187134929802792,2,-0.661839877203442,1.9763142226034784,0.2717789766326382,1.4458626531239225,4.751769703799726,0.0,224.70066881265632,27.8651827692776,25.276907874740782,22.94976186408985,21.116436211037403,20.780490294918675,20.620032985781435,GAL-QSO-LENS_0.0055_-0.0421,1.1242495495027611,2.044052960605519,0.005545340115587,-0.0421257007452069,-0.0901615120287222,0.1008444841479809,0.0095852523851752,-6.109854534662297e-05,0.0,0.0,0.0418752590554625,27.8651827692776,23.98184355024204,0.7241862735529357,4.0,0.03566848596677,0.0602545076480867,0.005545340115587,-0.0421257007452069,-1.1791452911528628,0.1633216685222577,1.5270816988185707,-0.4271471348125498,26.963856759970632,28.597598767842257,27.48599402274171,0.5296706508657295,1.0,-0.0585286447731433,0.0788246081024037,-0.3838141413819244,0.6330807095181366,25.276907874740782,23.405458248587514,0.7241862735529357,4.0,0.03566848596677,0.0602545076480867,0.005545340115587,-0.0421257007452069,-1.1791452911528628,0.1633216685222577,1.5270816988185707,-0.4271471348125498,24.37558186543382,26.009323873305444,25.97878385002274,0.5296706508657295,1.0,-0.0585286447731433,0.0788246081024037,-0.3838141413819244,0.6330807095181366,22.94976186408985,22.077875153157382,0.7241862735529357,4.0,0.03566848596677,0.0602545076480867,0.005545340115587,-0.0421257007452069,-1.1791452911528628,0.1633216685222577,1.5270816988185707,-0.4271471348125498,22.048435854782884,23.68217786265451,24.08292313486798,0.5296706508657295,1.0,-0.0585286447731433,0.0788246081024037,-0.3838141413819244,0.6330807095181366,21.116436211037403,20.929566225975613,0.7241862735529357,4.0,0.03566848596677,0.0602545076480867,0.005545340115587,-0.0421257007452069,-1.1791452911528628,0.1633216685222577,1.5270816988185707,-0.4271471348125498,20.21511020173044,21.84885220960206,23.82935577277122,0.5296706508657295,1.0,-0.0585286447731433,0.0788246081024037,-0.3838141413819244,0.6330807095181366,20.780490294918675,20.271296891837025,0.7241862735529357,4.0,0.03566848596677,0.0602545076480867,0.005545340115587,-0.0421257007452069,-1.1791452911528628,0.1633216685222577,1.5270816988185707,-0.4271471348125498,19.879164285611708,21.512906293483333,23.91378315002844,0.5296706508657295,1.0,-0.0585286447731433,0.0788246081024037,-0.3838141413819244,0.6330807095181366,20.620032985781435,20.00057984218926,0.7241862735529357,4.0,0.03566848596677,0.0602545076480867,0.005545340115587,-0.0421257007452069,-1.1791452911528628,0.1633216685222577,1.5270816988185707,-0.4271471348125498,19.71870697647447,21.352448984346093,23.799346241945056,0.5296706508657295,1.0,-0.0585286447731433,0.0788246081024037,-0.3838141413819244,0.6330807095181366,247.16490755757613,4.751769703799726,-200.71462889038,2.293667197950989,23.986039922276333,-0.509370278584704,2.0,0.02068187490355,0.5187134929802792,0.2859643894472283,1.356805872429233,0.2717789766326382,1.4458626531239225,1.2657283117012188,0.780591585886358,0.0,224.70066881265632,0.0095854471111029,-0.3838141413819244,0.6330807095181366,-0.3838141413819244,0.6330807095181366,23.82935577277122,3.1546275350648507,8.663199159464195,0.9059599178654452,21.84885220960206,21.84885220960206,1.1501613325762312,0.7616912379680313,0.5181533841332545,0.8691233655378602,489148881813.20667,<slsim.Lenses.lens.Lens object at 0x7fad7415e090>,-19.18553776427364,-21.77381265881045,-24.100958669461384,-25.934284322513832,-26.27023023863256,-26.4306875477698,,,,,,,,,,,,,,,,,,,,,,,,,,,,,,,,,,,,,,,,,,,,,,,,,,,224.70066881265632,2.152926017954884,-0.6468453623178673,-0.661839877203442,1.9763142226034784,,,,,,,,,,,,,,,,,,,,,,,,,,224.70066881265632,,,,,,,,,,,,226.09405847370675,93.13710021199493,9.650756458018973,226.0584582478852,20.485118240933815,4.526048855341027,223.9752933331308,18.82604863799331,4.33889947313755,228.27645720112864,38.43974498162312,6.199979433967755,"['g', 'r', 'i', 'z', 'y']","['r', 'i', 'z', 'y']",[225.67939587],[[7.21056346]],2.6852492365334637,,,,,,,,
109,deblcdouble215,06072026,7.567146340913207,1.1366269726891056,1.6696755089626365,0.2330271418119618,83.36626393407656,0.2201614215891347,0.4167942138873153,0.0353864010170869,0.0923809870207924,2,-0.4312789535426115,2.044960103652832,0.4354867658803295,0.7808772231835386,2.238412393495876,0.0,154.56811729809186,25.600196263465023,24.77971720361592,24.29269478983345,23.862039005734385,23.433730665450184,23.27272786048769,GAL-QSO-LENS_0.0234_-0.0213,0.5669845872092376,2.275721535360139,0.023443072096213,-0.021276308574735,0.1754880664480002,0.0458619524975547,-0.0,0.0,0.0,0.0,0.0,25.600196263465023,24.221069010909453,0.9518488313942568,4.0,0.1807443562084112,0.1251435791939729,0.023443072096213,-0.021276308574735,0.0044471895147369,0.2208107253172729,-0.7225413540657352,0.3933025845831358,24.65443358351009,24.17715806117728,24.444074928590904,0.3701376361588933,1.0,-0.2177251100780186,-0.1872412089466744,0.0053679489737218,-0.1745973907289449,24.77971720361592,24.206848696374813,0.9518488313942568,4.0,0.1807443562084112,0.1251435791939729,0.023443072096213,-0.021276308574735,0.0044471895147369,0.2208107253172729,-0.7225413540657352,0.3933025845831358,23.83395452366099,23.356679001328168,24.259325081587445,0.3701376361588933,1.0,-0.2177251100780186,-0.1872412089466744,0.0053679489737218,-0.1745973907289449,24.29269478983345,24.02314429701472,0.9518488313942568,4.0,0.1807443562084112,0.1251435791939729,0.023443072096213,-0.021276308574735,0.0044471895147369,0.2208107253172729,-0.7225413540657352,0.3933025845831358,23.34693210987852,22.8696565875457,24.183846373462924,0.3701376361588933,1.0,-0.2177251100780186,-0.1872412089466744,0.0053679489737218,-0.1745973907289449,23.862039005734385,23.436910532324987,0.9518488313942568,4.0,0.1807443562084112,0.1251435791939729,0.023443072096213,-0.021276308574735,0.0044471895147369,0.2208107253172729,-0.7225413540657352,0.3933025845831358,22.916276325779453,22.439000803446632,24.148280232762733,0.3701376361588933,1.0,-0.2177251100780186,-0.1872412089466744,0.0053679489737218,-0.1745973907289449,23.433730665450184,22.669990773707653,0.9518488313942568,4.0,0.1807443562084112,0.1251435791939729,0.023443072096213,-0.021276308574735,0.0044471895147369,0.2208107253172729,-0.7225413540657352,0.3933025845831358,22.487967985495253,22.01069246316243,24.13053312753045,0.3701376361588933,1.0,-0.2177251100780186,-0.1872412089466744,0.0053679489737218,-0.1745973907289449,23.27272786048769,22.238506886169297,0.9518488313942568,4.0,0.1807443562084112,0.1251435791939729,0.023443072096213,-0.021276308574735,0.0044471895147369,0.2208107253172729,-0.7225413540657352,0.3933025845831358,22.32696518053276,21.84968965819994,24.07665187881194,0.3701376361588933,1.0,-0.2177251100780186,-0.1872412089466744,0.0053679489737218,-0.1745973907289449,358.44015865309524,2.238412393495876,-324.65970999800567,2.389489200233885,-170.0915926999138,-3.7086451473930286,2.0,0.0353864010170869,0.0923809870207924,0.2201614215891347,0.4167942138873153,0.4354867658803295,0.7808772231835386,-0.0416023035708624,-0.8504994518855733,0.0,154.56811729809186,0.0,0.0053679489737218,-0.1745973907289449,0.0053679489737218,-0.1745973907289449,24.148280232762733,3.430053579911501,7.567146340913207,-0.9696045013986292,22.439000803446632,22.439000803446632,0.1278111366109222,0.692932711241195,0.3027964004367785,0.6395598608195673,1435816098886.8762,<slsim.Lenses.lens.Lens object at 0x7fad500db590>,-19.84756367072984,-20.668042730578943,-21.155065144361416,-21.58572092846048,-22.01402926874468,-22.17503207370717,,,,,,,,,,,,,,,,,,,,,,,,,,,,,,,,,,,,,,,,,,,,,,,,,,,154.56811729809186,2.0407114115049274,-0.472691122304147,-0.4312789535426115,2.0449601036528318,,,,,,,,,,,,,,,,,,,,,,,,,,154.56811729809186,,,,,,,,,145.1018169774206,82.72128232034422,9.095124095928774,145.428141571275,63.228077571896264,7.951608489601099,154.6144028474811,52.39453762125868,7.238407119060013,160.8444760190762,27.769684742009257,5.269694938230225,148.1069627143446,69.58463413673442,8.34174047406981,"['u', 'g', 'r', 'i', 'z', 'y']","['g', 'r', 'i', 'z', 'y']",[153.28492734],[[10.26989432]],3.204667583831687,,,,,,,,
110,deblcdouble179,06072026,8.151548183801545,0.8742599183931211,1.0756232991456989,0.450024396731999,58.564624730197046,0.1622893988667158,2.5246105438330555,0.0130218423471692,0.6260691813610216,2,-0.5707931755119549,1.9224699880442075,0.2515200637217855,3.571976065273239,1.71931455320074,0.0,130.14536897916113,21.90928179023264,21.506935175743813,21.255985854083395,20.92274039235697,20.87680236549632,20.84783852355168,GAL-QSO-LENS_0.0434_0.0279,0.4101275474890726,2.188990468302148,0.0433634750602918,0.0279082436053179,-0.0832580255690873,0.16414094544506,-0.0175780816702038,-0.0219099517138872,0.0,0.0,-0.0257559141838072,21.90928179023264,23.832864681972328,0.3617505237768726,4.0,0.0146151032082548,0.0613074427410959,0.0433634750602918,0.0279082436053179,-0.0710996386109656,0.034596157895475,0.8007690806928327,-0.0670781429068144,21.42217844769554,24.455468775516344,23.434263709476937,0.4217743032215581,1.0,-0.0226819750348421,0.0426982636475007,0.0337951827993902,0.457397351337994,21.506935175743813,23.76096798098333,0.3617505237768726,4.0,0.0146151032082548,0.0613074427410959,0.0433634750602918,0.0279082436053179,-0.0710996386109656,0.034596157895475,0.8007690806928327,-0.0670781429068144,21.01983183320672,24.053122161027524,23.325654411612504,0.4217743032215581,1.0,-0.0226819750348421,0.0426982636475007,0.0337951827993902,0.457397351337994,21.255985854083395,23.24327103549013,0.3617505237768726,4.0,0.0146151032082548,0.0613074427410959,0.0433634750602918,0.0279082436053179,-0.0710996386109656,0.034596157895475,0.8007690806928327,-0.0670781429068144,20.768882511546305,23.80217283936711,23.104001338492075,0.4217743032215581,1.0,-0.0226819750348421,0.0426982636475007,0.0337951827993902,0.457397351337994,20.92274039235697,22.56617870917597,0.3617505237768726,4.0,0.0146151032082548,0.0613074427410959,0.0433634750602918,0.0279082436053179,-0.0710996386109656,0.034596157895475,0.8007690806928327,-0.0670781429068144,20.43563704981988,23.46892737764069,22.85852292689865,0.4217743032215581,1.0,-0.0226819750348421,0.0426982636475007,0.0337951827993902,0.457397351337994,20.87680236549632,21.739904085716336,0.3617505237768726,4.0,0.0146151032082548,0.0613074427410959,0.0433634750602918,0.0279082436053179,-0.0710996386109656,0.034596157895475,0.8007690806928327,-0.0670781429068144,20.389699022959228,23.42298935078004,22.668569049365168,0.4217743032215581,1.0,-0.0226819750348421,0.0426982636475007,0.0337951827993902,0.457397351337994,20.84783852355168,21.19502203490357,0.3617505237768726,4.0,0.0146151032082548,0.0613074427410959,0.0433634750602918,0.0279082436053179,-0.0710996386109656,0.034596157895475,0.8007690806928327,-0.0670781429068144,20.360735181014583,23.39402550883539,22.544634116479315,0.4217743032215581,1.0,-0.0226819750348421,0.0426982636475007,0.0337951827993902,0.457397351337994,231.2010376543166,1.71931455320074,-102.22809138131444,1.5661787856118037,27.91727759784669,-0.0958352336214647,2.0,0.0130218423471692,0.6260691813610216,0.1622893988667158,2.5246105438330555,0.2515200637217855,3.571976065273239,0.2678998977547554,-0.1638243490025623,0.0,130.14536897916113,0.0280897657396644,0.0337951827993902,0.457397351337994,0.0337951827993902,0.457397351337994,22.85852292689865,1.6652998563161985,8.151548183801545,-0.5832123869838868,23.46892737764069,23.46892737764069,1.0201075680900151,0.6891188414331788,0.6683869387206389,0.8814225504124586,406141405542.8125,<slsim.Lenses.lens.Lens object at 0x7fad500acbd0>,-22.777926233607968,-23.180272848096788,-23.43122216975721,-23.764467631483623,-23.81040565834428,-23.83936950028892,,,,,,,,,,,,,,,,,,,,,,,,,,,,,,,,,,,,,,,,,,,,,,,,,,,130.14536897916113,2.44925855669866,-0.6420013472197381,-0.5707931755119549,1.9224699880442075,,,,,,,,,,,,,,,,,,,,,,,,,,130.14536897916113,,,,,,,,,,,,118.56355638571637,68.37876630189525,8.269145439638564,117.92481419679162,52.831174560187044,7.268505662114259,,,,,,,"['u', 'g', 'r', 'i', 'z', 'y']","['r', 'i']",[118.20321958],[[29.80391305]],5.459296021811454,,,,,,,,
111,deblcquad420,06072026,8.233017680939401,0.14363129539146105,1.7124789175289648,0.1957453153029407,13.85295995872436,0.3141225607605895,0.4235385510076034,0.0226929605047328,0.0411056792103781,4,-0.2822673063667285,2.00355057104157,0.3583613901215631,0.4440032497507706,4.295035068992733,0.0,4.752859209495547,30.09964193241856,26.341397186967008,24.520113348324344,23.94497709940762,23.7142171090674,23.602137273290577,GAL-QSO-LENS_-0.0230_0.0100,0.3623605618081836,2.0004576506266214,-0.0230364142481871,0.0100212008352363,-0.1477079400786846,-0.2370010016223136,-0.0028043791270969,0.071330583148661,0.0,0.0,-0.0248585019026874,30.09964193241856,27.934119303510403,0.2428030533157825,4.0,-0.1250039265663912,-0.1404320579800023,-0.0230364142481871,0.0100212008352363,0.4242383756935699,-0.0457240410331419,-0.0191283086443051,-0.4137847187536846,28.934722993724005,27.926834012866507,28.337795377204262,0.4918341669588353,1.0,-0.0857992046133712,-0.5651220887538921,0.0648334951017754,-0.0820601009931085,26.341397186967008,27.78585488829101,0.2428030533157825,4.0,-0.1250039265663912,-0.1404320579800023,-0.0230364142481871,0.0100212008352363,0.4242383756935699,-0.0457240410331419,-0.0191283086443051,-0.4137847187536846,25.176478248272453,24.168589267414955,26.30767892392641,0.4918341669588353,1.0,-0.0857992046133712,-0.5651220887538921,0.0648334951017754,-0.0820601009931085,24.520113348324344,27.307489110808813,0.2428030533157825,4.0,-0.1250039265663912,-0.1404320579800023,-0.0230364142481871,0.0100212008352363,0.4242383756935699,-0.0457240410331419,-0.0191283086443051,-0.4137847187536846,23.35519440962979,22.34730542877229,25.15532510775354,0.4918341669588353,1.0,-0.0857992046133712,-0.5651220887538921,0.0648334951017754,-0.0820601009931085,23.94497709940762,26.19755617408148,0.2428030533157825,4.0,-0.1250039265663912,-0.1404320579800023,-0.0230364142481871,0.0100212008352363,0.4242383756935699,-0.0457240410331419,-0.0191283086443051,-0.4137847187536846,22.780058160713065,21.772169179855567,25.039021894105545,0.4918341669588353,1.0,-0.0857992046133712,-0.5651220887538921,0.0648334951017754,-0.0820601009931085,23.7142171090674,25.06149302227654,0.2428030533157825,4.0,-0.1250039265663912,-0.1404320579800023,-0.0230364142481871,0.0100212008352363,0.4242383756935699,-0.0457240410331419,-0.0191283086443051,-0.4137847187536846,22.549298170372843,21.541409189515345,25.076310966726417,0.4918341669588353,1.0,-0.0857992046133712,-0.5651220887538921,0.0648334951017754,-0.0820601009931085,23.602137273290577,24.55330657888032,0.2428030533157825,4.0,-0.1250039265663912,-0.1404320579800023,-0.0230364142481871,0.0100212008352363,0.4242383756935699,-0.0457240410331419,-0.0191283086443051,-0.4137847187536846,22.43721833459602,21.429329353738524,24.99420905201124,0.4918341669588353,1.0,-0.0857992046133712,-0.5651220887538921,0.0648334951017754,-0.0820601009931085,187.5581534629765,4.295035068992733,-35.67826131233303,2.923934068128983,-30.92540210283748,7.3981506010632465,4.0,0.0226929605047328,0.0411056792103781,0.3141225607605895,0.4235385510076034,0.3583613901215631,0.4440032497507706,2.81396673383324,0.0526174834432054,0.0,4.752859209495551,0.0713856892844535,0.0648334951017754,-0.0820601009931085,0.0648334951017754,-0.0820601009931085,25.039021894105545,2.535206155315521,8.233017680939401,-0.972321266490666,21.772169179855567,21.7767157117352,-1.0640636542114144,0.5634017362701793,-1.1490680375457138,0.6834898324415978,210084999757.79984,<slsim.Lenses.lens.Lens object at 0x7facc80bdd50>,-16.904971188695335,-20.663215934146887,-22.48449977278955,-23.059636021706275,-23.290396012046497,-23.40247584782332,0.0953013660512892,-0.127789369725515,-0.3865490147514079,0.1523309121198791,27.931380544746137,30.790797687359248,0.0953013660512892,-0.127789369725515,-0.3865490147514079,0.1523309121198791,24.173135799294585,27.032552941907696,0.0953013660512892,-0.127789369725515,-0.3865490147514079,0.1523309121198791,22.35185196065192,25.211269103265032,0.0953013660512892,-0.127789369725515,-0.3865490147514079,0.1523309121198791,21.7767157117352,24.636132854348308,0.0953013660512892,-0.127789369725515,-0.3865490147514079,0.1523309121198791,21.54595572139497,24.405372864008086,0.0953013660512892,-0.127789369725515,-0.3865490147514079,0.1523309121198791,21.43387588561816,24.293293028231265,-30.75512851221608,-7.367235540656596,-3.323251420190673,-0.5290999226279456,0.0533398561956966,0.2589097311706125,0.5311664671588104,1.317875421202935,0.5962725936510378,1.4110446306861253,0.6827436673402323,1.2860378239816586,4.923132800116949,32.355009892142355,27.43187709202541,2.125868307697253,-0.3643317675726753,-0.2822673063667285,2.00355057104157,,,,,,,,,,,,,,,,,,,,,,,,,,4.752859209495547,4.923132800116949,32.355009892142355,0.17027359062140235,27.60215068264681,27.431877092025406,,,,,,,[ 1.61120595  1.4808873  19.14363472 -0.31166991 17.57523177 17.81343001],"[[ 8.07087623  4.89583522  5.04796004 -2.21409993 -2.45402381  0.21597525]
 [ 4.89583522  9.28205882  5.9100391   2.94653988  0.96370035 -2.39201724]
 [ 5.04796004  5.9100391  32.58519953  0.75556322 23.376434   22.79249644]
 [-2.21409993  2.94653988  0.75556322  5.64512675  3.04524379 -2.24357512]
 [-2.45402381  0.96370035 23.376434    3.04524379 28.84167093 22.4381094 ]
 [ 0.21597525 -2.39201724 22.79249644 -2.24357512 22.4381094  28.0125175 ]]",1.4004996428413699,[ 1.78118391  0.06115618 27.54153083 -1.89988049 25.39225564 27.30224469],"[[ 8.15655438  4.4594565   5.00606863 -2.47826986 -2.05582532  0.4160615 ]
 [ 4.4594565   8.7092516   4.58743833  2.55877415  0.22981896 -2.39246873]
 [ 5.00606863  4.58743833 26.50735955 -0.34463585 18.36141317 18.46063155]
 [-2.47826986  2.55877415 -0.34463585  5.50428123  2.11576012 -2.74282036]
 [-2.05582532  0.22981896 18.36141317  2.11576012 22.39717001 17.59529121]
 [ 0.4160615  -2.39246873 18.46063155 -2.74282036 17.59529121 22.95663888]]",1.3545308661050988,,,,,,,"['r', 'i', 'z']","['r', 'i']",[ 1.65545555  0.79101954 23.73959399 -1.0485766  21.92517407 22.98941252],"[[ 4.04489346  2.34074231  2.50054283 -1.17089423 -1.11835232  0.16099024]
 [ 2.34074231  4.47660829  2.59082738  1.36589487  0.27757818 -1.20500874]
 [ 2.50054283  2.59082738 14.58121386  0.07501021 10.27639991 10.17791615]
 [-1.17089423  1.36589487  0.07501021  2.7795202   1.26027787 -1.26381264]
 [-1.11835232  0.27757818 10.27639991  1.26027787 12.59629133  9.85210395]
 [ 0.16099024 -1.20500874 10.17791615 -1.26381264  9.85210395 12.5904737 ]]",0.9723054830103444,0.5311664671588104,1.317875421202935,0.0533398561956966,0.2589097311706125,0.5962725936510378,1.4110446306861253,4.923132800116949,32.355009892142355
112,deblcdouble286,06072026,7.909776640611343,1.3004547136689375,0.3598349847402809,0.1423439518663579,22.093218293042995,0.337749103544995,0.8178998827468941,0.0395588071588423,0.1914664070248431,2,-0.3663460262214915,2.6201838215345177,0.3503441159385908,0.8479903935360376,2.480116895745515,0.0,17.62989507993504,25.29082462095828,24.36580203135312,24.02305614078151,23.82371615243754,23.49725894810774,23.238186801860145,GAL-QSO-LENS_-0.0494_-0.0208,0.6536592416589626,2.0189137767073566,-0.0494361548557791,-0.0207968242104353,-0.0595765001558851,-0.0200141838313321,-0.0433732144927661,-0.0202939121237934,0.0,0.0,-0.0229968335755119,25.29082462095828,23.04162978404093,0.5935867998435287,4.0,-0.0558840220709658,-0.0499163130394915,-0.0494361548557791,-0.0207968242104353,0.544563301634654,-0.311250737479078,-0.7050544647893304,0.2741108903778129,24.039476120611564,24.88151976990829,25.259878610545087,0.280085670129359,1.0,0.011508503056024,-0.0088994544431728,0.1263385121283972,-0.209956340205858,24.36580203135312,21.3869787499744,0.5935867998435287,4.0,-0.0558840220709658,-0.0499163130394915,-0.0494361548557791,-0.0207968242104353,0.544563301634654,-0.311250737479078,-0.7050544647893304,0.2741108903778129,23.114453531006404,23.95649718030314,24.816213505894147,0.280085670129359,1.0,0.011508503056024,-0.0088994544431728,0.1263385121283972,-0.209956340205858,24.02305614078151,19.93759276059843,0.5935867998435287,4.0,-0.0558840220709658,-0.0499163130394915,-0.0494361548557791,-0.0207968242104353,0.544563301634654,-0.311250737479078,-0.7050544647893304,0.2741108903778129,22.771707640434794,23.61375128973153,24.52435900628,0.280085670129359,1.0,0.011508503056024,-0.0088994544431728,0.1263385121283972,-0.209956340205858,23.82371615243754,19.37666163197792,0.5935867998435287,4.0,-0.0558840220709658,-0.0499163130394915,-0.0494361548557791,-0.0207968242104353,0.544563301634654,-0.311250737479078,-0.7050544647893304,0.2741108903778129,22.572367652090826,23.41441130138756,24.263599620771146,0.280085670129359,1.0,0.011508503056024,-0.0088994544431728,0.1263385121283972,-0.209956340205858,23.49725894810774,19.06635899467734,0.5935867998435287,4.0,-0.0558840220709658,-0.0499163130394915,-0.0494361548557791,-0.0207968242104353,0.544563301634654,-0.311250737479078,-0.7050544647893304,0.2741108903778129,22.245910447761023,23.08795409705776,24.105962174150008,0.280085670129359,1.0,0.011508503056024,-0.0088994544431728,0.1263385121283972,-0.209956340205858,23.238186801860145,18.8964431276866,0.5935867998435287,4.0,-0.0558840220709658,-0.0499163130394915,-0.0494361548557791,-0.0207968242104353,0.544563301634654,-0.311250737479078,-0.7050544647893304,0.2741108903778129,21.98683830151343,22.828881950810164,23.835057932192143,0.280085670129359,1.0,0.011508503056024,-0.0088994544431728,0.1263385121283972,-0.209956340205858,173.0355937485199,2.480116895745515,-20.19238828357457,3.166207695642029,-2.562493203639532,-1.457880544860328,2.0,0.0395588071588423,0.1914664070248431,0.337749103544995,0.8178998827468941,0.3503441159385908,0.8479903935360376,1.5459589736375614,1.5014404868171494,0.0,17.62989507993504,0.047886100329049,0.1263385121283972,-0.209956340205858,0.1263385121283972,-0.209956340205858,24.263599620771146,4.495056715564932,7.909776640611343,0.9473300988101068,23.41441130138756,23.41441130138756,-1.4087485582907728,0.8817358308329001,-1.2062700868404006,0.8605844535756085,159595631710.43082,<slsim.Lenses.lens.Lens object at 0x7facc81fafd0>,-20.43690328229886,-21.36192587190402,-21.70467176247563,-21.9040117508196,-22.2304689551494,-22.489541101396995,,,,,,,,,,,,,,,,,,,,,,,,,,,,,,,,,,,,,,,,,,,,,,,,,,,17.62989507993504,2.045052797709573,-0.4298603652091053,-0.3663460262214915,2.6201838215345177,,,,,,,,,,,,,,,,,,,,,,,,,,17.62989507993504,,,,,,,,,20.635381837112337,17.3953540222951,4.170773791791531,16.95566506668276,7.2884895782966606,2.699720277787434,18.30559098446494,13.69501100910948,3.70067710143826,28.32432727627409,9.68218455787245,3.1116208891625035,13.762650665210654,42.090467398967355,6.487716655262262,"['u', 'g', 'r', 'i', 'z', 'y']","['g', 'r', 'i', 'z', 'y']",[20.52356926],[[2.53325294]],1.5916195969245392,,,,,,,,
113,deblcdouble34,06072026,7.440527803883424,1.6291878050499344,0.7899885684520231,0.3501142986871832,66.17243640440647,0.341178272980806,0.5817771689830064,0.033082173302492,0.0718188511045592,2,-0.535422994598678,2.0909723111554337,0.5343512497355346,0.8532340967388348,1.682180784098404,0.0,63.32198508989077,23.567636425868024,23.27720635693821,23.15675860455889,22.91505551294163,22.91083931081072,22.9382370005858,GAL-QSO-LENS_0.0265_0.0018,0.8846709107405534,2.1303694775406554,0.0265187306780845,0.0017938526111334,-0.0237607522417245,-0.0119863537028404,0.0451869675477762,-0.0037880533476534,0.0,0.0,-0.0441655596296466,23.567636425868024,24.026443878068456,0.9215179800665922,4.0,-0.0007509174206142,-0.0028700877387953,0.0265187306780845,0.0017938526111334,-0.3643829785636723,0.1047268337601361,-0.9092706905535272,0.6509180442170277,21.49706083502716,22.924641817703257,25.295661047885734,0.1377437270688662,1.0,0.3642596004155959,0.6863442121260946,-0.0120873407604906,-0.197955874431503,23.27720635693821,23.23967268790988,0.9215179800665922,4.0,-0.0007509174206142,-0.0028700877387953,0.0265187306780845,0.0017938526111334,-0.3643829785636723,0.1047268337601361,-0.9092706905535272,0.6509180442170277,21.20663076609734,22.63421174877345,25.262061897943926,0.1377437270688662,1.0,0.3642596004155959,0.6863442121260946,-0.0120873407604906,-0.197955874431503,23.15675860455889,21.768526367757232,0.9215179800665922,4.0,-0.0007509174206142,-0.0028700877387953,0.0265187306780845,0.0017938526111334,-0.3643829785636723,0.1047268337601361,-0.9092706905535272,0.6509180442170277,21.086183013718024,22.51376399639413,25.117725917701403,0.1377437270688662,1.0,0.3642596004155959,0.6863442121260946,-0.0120873407604906,-0.197955874431503,22.91505551294163,20.586444157370835,0.9215179800665922,4.0,-0.0007509174206142,-0.0028700877387953,0.0265187306780845,0.0017938526111334,-0.3643829785636723,0.1047268337601361,-0.9092706905535272,0.6509180442170277,20.84447992210076,22.272060904776865,24.94925485850273,0.1377437270688662,1.0,0.3642596004155959,0.6863442121260946,-0.0120873407604906,-0.197955874431503,22.91083931081072,19.94093401257461,0.9215179800665922,4.0,-0.0007509174206142,-0.0028700877387953,0.0265187306780845,0.0017938526111334,-0.3643829785636723,0.1047268337601361,-0.9092706905535272,0.6509180442170277,20.84026371996985,22.26784470264596,24.784789162114787,0.1377437270688662,1.0,0.3642596004155959,0.6863442121260946,-0.0120873407604906,-0.197955874431503,22.9382370005858,19.67478119420351,0.9215179800665922,4.0,-0.0007509174206142,-0.0028700877387953,0.0265187306780845,0.0017938526111334,-0.3643829785636723,0.1047268337601361,-0.9092706905535272,0.6509180442170277,20.86766140974493,22.295242392421034,24.619880156506188,0.1377437270688662,1.0,0.3642596004155959,0.6863442121260946,-0.0120873407604906,-0.197955874431503,273.25800545216583,1.682180784098404,-120.0927392047503,6.733335218774402,-56.770754114859535,-1.807997573456461,2.0,0.033082173302492,0.0718188511045592,0.341178272980806,0.5817771689830064,0.5343512497355346,0.8532340967388348,-0.7575140615218461,-0.2338266380857475,0.0,63.32198508989077,0.045345467075866,-0.0120873407604906,-0.197955874431503,-0.0120873407604906,-0.197955874431503,24.94925485850273,5.784469647974261,7.440527803883424,0.8003232014690115,22.272060904776865,22.272060904776865,-1.3371916291981434,0.9481539882534636,-0.9133479520821024,0.9940841600297644,640058055065.485,<slsim.Lenses.lens.Lens object at 0x7fad7413ab90>,-21.059010996091555,-21.349441065021367,-21.469888817400683,-21.711591909017947,-21.715808111148856,-21.68841042137377,,,,,,,,,,,,,,,,,,,,,,,,,,,,,,,,,,,,,,,,,,,,,,,,,,,63.32198508989077,2.535815515749257,-0.4528870454133004,-0.535422994598678,2.0909723111554337,,,,,,,,,,,,,,,,,,,,,,,,,,63.32198508989077,,,,,,,,,75.13961193734976,19.15182229312399,4.376279503542248,57.330735732020756,2.2657095308796604,1.5052274017169833,59.466823097818484,2.5131456016725933,1.5852903840219914,59.39539701391326,3.799375943939852,1.9491987953874412,62.34026007734053,11.269440748286858,3.356998770968923,"['u', 'g', 'r', 'i', 'z', 'y']","['g', 'r', 'i', 'z', 'y']",[59.5566812],[[0.80423247]],0.8967900929972868,,,,,,,,
114,deblcdouble493,06072026,8.00438174706317,3.8755802551330762,1.5170808463330456,0.6229903100509482,29.80971748119276,0.3016958507991011,1.2287750970711466,0.021876243913083,0.3907011055941427,2,-0.467685174122845,2.143488023335563,0.2770082875908838,1.0513878547638749,3.663240625467497,0.0,1494.3595739350073,26.3314982003232,23.9841977246578,22.96288896513408,22.785766835106863,22.68595344896641,22.748287349647484,GAL-QSO-LENS_0.0258_0.0423,1.9797858500853456,1.9193731660074995,0.0258268515096651,0.0423435861279115,0.0660203257130291,0.1170420588900515,0.002624762723676,0.0147574738356126,0.0,0.0,-0.0154518809003308,26.3314982003232,24.18965722496493,1.476923082808092,4.0,0.0460031375048539,0.0376322690737574,0.0258268515096651,0.0423435861279115,2.379405869412592,-0.6131341588289118,-2.0528289505917723,0.4098578937613017,25.36582558850305,26.38764993798124,27.594994172494665,0.2880517591665741,1.0,-0.2251630769896684,0.2938837021350395,0.9207765902564632,-0.6286371363466251,23.9841977246578,23.924863313402824,1.476923082808092,4.0,0.0460031375048539,0.0376322690737574,0.0258268515096651,0.0423435861279115,2.379405869412592,-0.6131341588289118,-2.0528289505917723,0.4098578937613017,23.018525112837647,24.04034946231584,25.01174807003744,0.2880517591665741,1.0,-0.2251630769896684,0.2938837021350395,0.9207765902564632,-0.6286371363466251,22.96288896513408,23.70690920203741,1.476923082808092,4.0,0.0460031375048539,0.0376322690737574,0.0258268515096651,0.0423435861279115,2.379405869412592,-0.6131341588289118,-2.0528289505917723,0.4098578937613017,21.997216353313927,23.01904070279212,24.56998055199145,0.2880517591665741,1.0,-0.2251630769896684,0.2938837021350395,0.9207765902564632,-0.6286371363466251,22.785766835106863,22.944062451343,1.476923082808092,4.0,0.0460031375048539,0.0376322690737574,0.0258268515096651,0.0423435861279115,2.379405869412592,-0.6131341588289118,-2.0528289505917723,0.4098578937613017,21.82009422328672,22.841918572764907,24.61069176101668,0.2880517591665741,1.0,-0.2251630769896684,0.2938837021350395,0.9207765902564632,-0.6286371363466251,22.68595344896641,22.30471313982733,1.476923082808092,4.0,0.0460031375048539,0.0376322690737574,0.0258268515096651,0.0423435861279115,2.379405869412592,-0.6131341588289118,-2.0528289505917723,0.4098578937613017,21.720280837146262,22.742105186624453,24.51949338302084,0.2880517591665741,1.0,-0.2251630769896684,0.2938837021350395,0.9207765902564632,-0.6286371363466251,22.748287349647484,21.74678002208704,1.476923082808092,4.0,0.0460031375048539,0.0376322690737574,0.0258268515096651,0.0423435861279115,2.379405869412592,-0.6131341588289118,-2.0528289505917723,0.4098578937613017,21.782614737827338,22.80443908730553,24.45101558995988,0.2880517591665741,1.0,-0.2251630769896684,0.2938837021350395,0.9207765902564632,-0.6286371363466251,433.5048625481567,3.663240625467497,-1342.9789596218252,2.433711222327578,151.38061431318206,-0.9495969366483556,2.0,0.021876243913083,0.3907011055941427,0.3016958507991011,1.2287750970711466,0.2770082875908838,1.0513878547638749,1.6811772655924748,2.103297105252461,0.0,1494.3595739350071,0.014989076468028,0.9207765902564632,-0.6286371363466251,0.9207765902564632,-0.6286371363466251,24.61069176101668,3.3261423800939336,8.00438174706317,0.3402573177658919,22.841918572764907,22.841918572764907,0.5286061790554897,0.7630802736944344,0.3428213817292232,0.8877993280685972,1079847990322.13,<slsim.Lenses.lens.Lens object at 0x7fe6857b00d0>,-20.203294321208013,-22.550594796873416,-23.57190355639713,-23.749025686424343,-23.8488390725648,-23.786505171883725,,,,,,,,,,,,,,,,,,,,,,,,,,,,,,,,,,,,,,,,,,,,,,,,,,,1494.3595739350071,,,-0.467685174122845,2.143488023335563,,,,,,,,,,,,,,,,,,,,,,,,,,1494.3595739350073,,,,,,,,,,,,1491.552265703007,71.25115530473481,8.44103994213597,1496.8364958638915,60.56824829932249,7.782560523331797,,,,,,,"['g', 'r', 'i', 'z', 'y']","['r', 'i']",[1494.40850305],[[32.73840989]],5.7217488485556105,,,,,,,,
115,deblcdouble57,06072026,7.712409134963282,1.2567322680300088,0.8243834943318838,0.1270226164296339,54.91573774781428,0.411471194250785,0.8444149902351377,0.0254992621211471,0.1201079921257626,2,-0.3599732084377617,2.004657680417533,0.2965766521115113,0.6047994549705824,2.825873432534196,0.0,38.95219622721356,25.736244400997435,24.9916314976832,24.75788194890432,24.670869044593115,24.64006223925102,24.46187125976728,GAL-QSO-LENS_-0.0466_-0.0157,0.6445170908029523,1.8253849745723376,-0.0465834436106762,-0.015710282791953,0.0766863407545004,-0.0199945316469327,-0.0027961916170658,-0.0159634374844316,0.0,0.0,-0.0156817102788981,25.736244400997435,23.90367326298767,0.5982139156284528,4.0,-0.0045166750966208,-0.0456857410740201,-0.0465834436106762,-0.015710282791953,0.2465476426868164,-0.2768747372788969,0.8149441823128373,-0.3275990359764659,24.26701115603372,24.569961772357235,25.500031361331388,0.3087598061213353,1.0,-0.049829437605297,-0.0555298798159055,0.0458137192397917,0.1632442316074295,24.9916314976832,23.694334898279767,0.5982139156284528,4.0,-0.0045166750966208,-0.0456857410740201,-0.0465834436106762,-0.015710282791953,0.2465476426868164,-0.2768747372788969,0.8149441823128373,-0.3275990359764659,23.522398252719483,23.825348869043,24.661861154283457,0.3087598061213353,1.0,-0.049829437605297,-0.0555298798159055,0.0458137192397917,0.1632442316074295,24.75788194890432,22.74159307010728,0.5982139156284528,4.0,-0.0045166750966208,-0.0456857410740201,-0.0465834436106762,-0.015710282791953,0.2465476426868164,-0.2768747372788969,0.8149441823128373,-0.3275990359764659,23.2886487039406,23.59159932026412,24.52956337981793,0.3087598061213353,1.0,-0.049829437605297,-0.0555298798159055,0.0458137192397917,0.1632442316074295,24.670869044593115,21.76141466348416,0.5982139156284528,4.0,-0.0045166750966208,-0.0456857410740201,-0.0465834436106762,-0.015710282791953,0.2465476426868164,-0.2768747372788969,0.8149441823128373,-0.3275990359764659,23.2016357996294,23.504586415952915,24.35937682514261,0.3087598061213353,1.0,-0.049829437605297,-0.0555298798159055,0.0458137192397917,0.1632442316074295,24.64006223925102,21.04275810532913,0.5982139156284528,4.0,-0.0045166750966208,-0.0456857410740201,-0.0465834436106762,-0.015710282791953,0.2465476426868164,-0.2768747372788969,0.8149441823128373,-0.3275990359764659,23.170828994287305,23.47377961061082,24.266022701487174,0.3087598061213353,1.0,-0.049829437605297,-0.0555298798159055,0.0458137192397917,0.1632442316074295,24.46187125976728,20.78721420846293,0.5982139156284528,4.0,-0.0045166750966208,-0.0456857410740201,-0.0465834436106762,-0.015710282791953,0.2465476426868164,-0.2768747372788969,0.8149441823128373,-0.3275990359764659,22.992638014803564,23.29558863112708,24.21141511493853,0.3087598061213353,1.0,-0.049829437605297,-0.0555298798159055,0.0458137192397917,0.1632442316074295,203.7302060985084,2.825873432534196,-42.29800892979758,3.8698425721910894,-3.345812702584017,-2.927608850806885,2.0,0.0254992621211471,0.1201079921257626,0.411471194250785,0.8444149902351377,0.2965766521115113,0.6047994549705824,-0.7369256128683335,-1.3056656031545428,0.0,38.95219622721356,0.0162064809221097,0.0458137192397917,0.1632442316074295,0.0458137192397917,0.1632442316074295,24.35937682514261,5.540059184888877,7.712409134963282,-0.5673493565393658,23.504586415952915,23.504586415952915,-0.1275264796489974,0.8531386058467824,-0.8346700502854211,0.912213223396374,271058496375.6228,<slsim.Lenses.lens.Lens object at 0x7fad50090dd0>,-20.224839657264862,-20.9694525605791,-21.20320210935798,-21.290215013669183,-21.32102181901128,-21.49921279849502,,,,,,,,,,,,,,,,,,,,,,,,,,,,,,,,,,,,,,,,,,,,,,,,,,,38.95219622721356,2.1743981120228804,-0.311608058342119,-0.3599732084377617,2.004657680417533,,,,,,,,,,,,,,,,,,,,,,,,,,38.95219622721356,,,,,,,,,24.43714831627104,15.022529806395916,3.8758908403612087,37.09593952791559,8.341123940619827,2.8881004034866633,53.66165990688792,17.816167820320494,4.220920257517369,44.08483489873386,25.886749696330956,5.087902288402456,,,,"['g', 'r', 'i', 'z', 'y']","['g', 'r', 'i', 'z']",[38.36593602],[[3.55602085]],1.8857414597504827,,,,,,,,
116,deblcdouble26,06072026,8.699670116142634,0.7430375938706298,0.9177934808823266,0.5815447939677577,81.73179621887373,0.519927935027129,1.192210867984997,0.0360300721759663,0.3982216490418745,2,-0.7240176648311724,2.1845928477439447,0.2694497805080497,0.7640456840751556,2.7425152526001413,0.0,15.588082257836385,22.70460757947569,21.513327164958216,20.8965559514554,20.498177231805013,20.290841185400183,19.98891081564648,GAL-QSO-LENS_-0.0144_-0.0335,0.4332066682513499,1.721284984612608,-0.0144203493418543,-0.0334670234795343,0.1108110913614175,0.1582344928596175,0.0463100156014961,0.0083019441052822,0.0,0.0,-0.0150892847268768,22.70460757947569,26.33323058572377,0.1721304838632185,4.0,0.085827820976233,0.1159496817543631,-0.0144203493418543,-0.0334670234795343,0.5316340932162504,-0.2112419520055754,-0.1428537399179701,-0.1273602786960592,20.70032911496944,22.049220123610045,25.58717131097832,0.6283500690685855,1.0,0.1402158624873686,-0.3785723439676504,0.0866621713656976,0.0004813808165919,21.513327164958216,25.71807007479273,0.1721304838632185,4.0,0.085827820976233,0.1159496817543631,-0.0144203493418543,-0.0334670234795343,0.5316340932162504,-0.2112419520055754,-0.1428537399179701,-0.1273602786960592,19.509048700451963,20.85793970909257,24.75257943855669,0.6283500690685855,1.0,0.1402158624873686,-0.3785723439676504,0.0866621713656976,0.0004813808165919,20.8965559514554,23.999046078223635,0.1721304838632185,4.0,0.085827820976233,0.1159496817543631,-0.0144203493418543,-0.0334670234795343,0.5316340932162504,-0.2112419520055754,-0.1428537399179701,-0.1273602786960592,18.89227748694914,20.241168495589744,24.396345400532223,0.6283500690685855,1.0,0.1402158624873686,-0.3785723439676504,0.0866621713656976,0.0004813808165919,20.498177231805013,22.93077065394293,0.1721304838632185,4.0,0.085827820976233,0.1159496817543631,-0.0144203493418543,-0.0334670234795343,0.5316340932162504,-0.2112419520055754,-0.1428537399179701,-0.1273602786960592,18.49389876729876,19.84278977593936,24.05885647864696,0.6283500690685855,1.0,0.1402158624873686,-0.3785723439676504,0.0866621713656976,0.0004813808165919,20.290841185400183,22.04304101882535,0.1721304838632185,4.0,0.085827820976233,0.1159496817543631,-0.0144203493418543,-0.0334670234795343,0.5316340932162504,-0.2112419520055754,-0.1428537399179701,-0.1273602786960592,18.286562720893933,19.63545372953453,23.89872535777605,0.6283500690685855,1.0,0.1402158624873686,-0.3785723439676504,0.0866621713656976,0.0004813808165919,19.98891081564648,21.694550776399325,0.1721304838632185,4.0,0.085827820976233,0.1159496817543631,-0.0144203493418543,-0.0334670234795343,0.5316340932162504,-0.2112419520055754,-0.1428537399179701,-0.1273602786960592,17.98463235114022,19.333523359780823,23.674827034472827,0.6283500690685855,1.0,0.1402158624873686,-0.3785723439676504,0.0866621713656976,0.0004813808165919,174.78987759075312,2.7425152526001413,-16.009059651864508,6.334486075342986,-0.420977394028123,-1.828752708476614,2.0,0.0360300721759663,0.3982216490418745,0.519927935027129,1.192210867984997,0.2694497805080497,0.7640456840751556,2.779893449553528,-2.204189769306361,0.0,15.588082257836383,0.0470482711790566,0.0866621713656976,0.0004813808165919,0.0866621713656976,0.0004813808165919,24.05885647864696,2.481817238285998,8.699670116142634,-0.2818309841696713,19.84278977593936,19.84278977593936,0.4799356351685956,0.676197610733926,0.4667931888827379,0.7478555888731573,165593819457.3698,<slsim.Lenses.lens.Lens object at 0x7fad9fb73fd0>,-23.190809460532137,-24.382089875049616,-24.99886108855244,-25.39723980820282,-25.60457585460765,-25.90650622436136,,,,,,,,,,,,,,,,,,,,,,,,,,,,,,,,,,,,,,,,,,,,,,,,,,,15.588082257836383,2.3003845641323366,-0.7277139466654234,-0.7240176648311724,2.1845928477439447,,,,,,,,,,,,,,,,,,,,,,,,,,15.588082257836385,,,,,,,,,12.963147075201855,48.040912889687625,6.931155234857147,13.149575508776351,1.8869001340531824,1.3736448354844795,18.37611000447597,2.8782700741779466,1.6965465140036529,19.417266339716694,1.0528629395989622,1.0260910971248909,24.20283549149793,3.317157175635549,1.8213064474809144,"['u', 'g', 'r', 'i', 'z', 'y']","['g', 'r', 'i', 'z', 'y']",[18.31230072],[[0.46523087]],0.6820783426121396,,,,,,,,
117,deblcdouble427,06072026,8.524785097691101,0.9830627276425687,0.953908870976946,0.3508295170622933,58.12314590546977,0.2536455571297973,0.9615208994375456,0.0139844030849663,0.1568965226716282,2,-0.5505039024851965,2.834146110708531,0.2978614919279908,1.0760494163548413,4.710394494082671,0.0,42.65237709317083,29.415643768192066,26.669233876624368,24.379527251412977,22.626339490028617,22.381309290147943,22.30647610485125,GAL-QSO-LENS_0.0264_0.0002,0.4848092319309999,2.050002751818602,0.0264452487606152,0.0002058063721379,-0.1580259135935161,-0.0009942269480225,-0.0149225528557518,-0.0095279880879587,0.0,0.0,-0.0081795913181085,29.415643768192066,24.90405500338709,0.3950209687412964,4.0,-0.0841854770324314,0.0040619340168562,0.0264452487606152,0.0002058063721379,-0.6694478833685574,0.2114022207210051,0.3008521076631619,-0.1356286142541458,28.592008612745943,29.573415576742267,29.734125822989785,0.4258919192604543,1.0,0.2477691315757631,-0.3017394015490356,-0.2221949052055821,0.1297084931406444,26.669233876624368,24.74569093226113,0.3950209687412964,4.0,-0.0841854770324314,0.0040619340168562,0.0264452487606152,0.0002058063721379,-0.6694478833685574,0.2114022207210051,0.3008521076631619,-0.1356286142541458,25.84559872117825,26.82700568517457,28.2014247868504,0.4258919192604543,1.0,0.2477691315757631,-0.3017394015490356,-0.2221949052055821,0.1297084931406444,24.379527251412977,23.96058822679898,0.3950209687412964,4.0,-0.0841854770324314,0.0040619340168562,0.0264452487606152,0.0002058063721379,-0.6694478833685574,0.2114022207210051,0.3008521076631619,-0.1356286142541458,23.555892095966858,24.53729905996318,26.40745884519909,0.4258919192604543,1.0,0.2477691315757631,-0.3017394015490356,-0.2221949052055821,0.1297084931406444,22.626339490028617,23.115872689180936,0.3950209687412964,4.0,-0.0841854770324314,0.0040619340168562,0.0264452487606152,0.0002058063721379,-0.6694478833685574,0.2114022207210051,0.3008521076631619,-0.1356286142541458,21.802704334582497,22.78411129857881,26.134242087524022,0.4258919192604543,1.0,0.2477691315757631,-0.3017394015490356,-0.2221949052055821,0.1297084931406444,22.381309290147943,22.306380688735008,0.3950209687412964,4.0,-0.0841854770324314,0.0040619340168562,0.0264452487606152,0.0002058063721379,-0.6694478833685574,0.2114022207210051,0.3008521076631619,-0.1356286142541458,21.557674134701827,22.539081098698148,26.21192628362001,0.4258919192604543,1.0,0.2477691315757631,-0.3017394015490356,-0.2221949052055821,0.1297084931406444,22.30647610485125,21.91346349916103,0.3950209687412964,4.0,-0.0841854770324314,0.0040619340168562,0.0264452487606152,0.0002058063721379,-0.6694478833685574,0.2114022207210051,0.3008521076631619,-0.1356286142541458,21.482840949405126,22.464247913401447,26.06356381949158,0.4258919192604543,1.0,0.2477691315757631,-0.3017394015490356,-0.2221949052055821,0.1297084931406444,170.07787263824017,4.710394494082671,-41.61502674857984,2.13527621367349,1.0373503445909884,-0.8647514055484096,2.0,0.0139844030849663,0.1568965226716282,0.2536455571297973,0.9615208994375456,0.2978614919279908,1.0760494163548413,2.391730505140212,1.9001543406906989,0.0,42.65237709317083,0.0177049467871833,-0.2221949052055821,0.1297084931406444,-0.2221949052055821,0.1297084931406444,26.134242087524022,2.740061346344321,8.524785097691101,-0.1622350635242698,22.78411129857881,22.78411129857881,-1.5676505964289376,0.7270724039639601,1.5466901125532122,0.8445361926993001,147226923231.1926,<slsim.Lenses.lens.Lens object at 0x7fe6842c9d10>,-17.638160281823495,-20.3845701733912,-22.674276798602584,-24.427464559986944,-24.67249475986761,-24.747327945164315,,,,,,,,,,,,,,,,,,,,,,,,,,,,,,,,,,,,,,,,,,,,,,,,,,,42.65237709317083,,,-0.5505039024851965,2.834146110708531,,,,,,,,,,,,,,,,,,,,,,,,,,42.65237709317083,,,,,,,,,,,,46.13728337996043,40.687798953213985,6.378698844843985,52.57254373226956,86.19611163891359,9.284186105357518,,,,31.872948139655886,27.424767709628384,5.236866210781824,"['r', 'i', 'z', 'y']","['r', 'i', 'y']",[40.00493261],[[13.7660965]],3.710269060564261,,,,,,,,
118,deblcdouble416,06072026,8.079470454363097,1.0392150414405843,1.3820247416970697,0.1278360431923382,84.25526209599172,0.3252848558226274,1.0171227860612744,0.032562640586744,0.2025931421900863,2,-0.4268976422169217,2.4430242290457835,0.3563371574883043,1.097231361808652,2.452367408049795,0.0,106.08372965791774,24.73401875459728,23.896914701814257,23.63628562670948,23.47911982971795,23.202044086683703,22.961325328706607,GAL-QSO-LENS_0.0106_0.0521,0.5425961396227432,2.044597317447905,0.0105798703522391,0.0520834402382383,0.065858984172532,0.1571224854519225,-0.0,0.0,0.0,0.0,0.0,24.73401875459728,25.887946956844708,0.5568270310697455,4.0,0.0175063004138106,0.0633259036961049,0.0105798703522391,0.0520834402382383,-0.1441395783095908,0.1852547551351824,-0.6949600467102343,0.290670348240545,23.52457807500896,24.935245375120264,24.891538229351937,0.5665519133503183,1.0,-0.0410875843173003,0.0112355161100525,-0.0936847982563938,-0.1632313732442533,23.896914701814257,25.627630516886548,0.5568270310697455,4.0,0.0175063004138106,0.0633259036961049,0.0105798703522391,0.0520834402382383,-0.1441395783095908,0.1852547551351824,-0.6949600467102343,0.290670348240545,22.68747402222594,24.09814132233725,24.6069423251921,0.5665519133503183,1.0,-0.0410875843173003,0.0112355161100525,-0.0936847982563938,-0.1632313732442533,23.63628562670948,25.110711236546408,0.5568270310697455,4.0,0.0175063004138106,0.0633259036961049,0.0105798703522391,0.0520834402382383,-0.1441395783095908,0.1852547551351824,-0.6949600467102343,0.290670348240545,22.42684494712116,23.837512247232468,24.31750286099843,0.5665519133503183,1.0,-0.0410875843173003,0.0112355161100525,-0.0936847982563938,-0.1632313732442533,23.47911982971795,23.67234172267805,0.5568270310697455,4.0,0.0175063004138106,0.0633259036961049,0.0105798703522391,0.0520834402382383,-0.1441395783095908,0.1852547551351824,-0.6949600467102343,0.290670348240545,22.26967915012963,23.68034645024094,24.112219358226994,0.5665519133503183,1.0,-0.0410875843173003,0.0112355161100525,-0.0936847982563938,-0.1632313732442533,23.202044086683703,23.043381560923105,0.5568270310697455,4.0,0.0175063004138106,0.0633259036961049,0.0105798703522391,0.0520834402382383,-0.1441395783095908,0.1852547551351824,-0.6949600467102343,0.290670348240545,21.992603407095388,23.403270707206698,24.050764622588936,0.5665519133503183,1.0,-0.0410875843173003,0.0112355161100525,-0.0936847982563938,-0.1632313732442533,22.961325328706607,22.270932131595885,0.5568270310697455,4.0,0.0175063004138106,0.0633259036961049,0.0105798703522391,0.0520834402382383,-0.1441395783095908,0.1852547551351824,-0.6949600467102343,0.290670348240545,21.75188464911829,23.1625519492296,23.81507238965979,0.5665519133503183,1.0,-0.0410875843173003,0.0112355161100525,-0.0936847982563938,-0.1632313732442533,257.91959599729523,2.452367408049795,-115.27609540429285,3.046325261323205,-9.192365746375108,-0.830824608899942,2.0,0.032562640586744,0.2025931421900863,0.3252848558226274,1.0171227860612744,0.3563371574883043,1.097231361808652,-0.3988575729158153,-1.2580026450290822,0.0,106.08372965791774,0.0,-0.0936847982563938,-0.1632313732442533,-0.0936847982563938,-0.1632313732442533,24.112219358226994,2.5745108558188314,8.079470454363097,-0.0337572137576938,23.68034645024094,23.68034645024094,0.5869425867254399,0.7088658239689875,0.6505423498532703,0.8766987413215376,542642103690.6527,<slsim.Lenses.lens.Lens object at 0x7fad500d2f10>,-20.96428669071989,-21.80139074350291,-22.06201981860769,-22.21918561559922,-22.49626135863346,-22.73698011661056,,,,,,,,,,,,,,,,,,,,,,,,,,,,,,,,,,,,,,,,,,,,,,,,,,,106.08372965791774,1.852020116308924,-0.4790384989656489,-0.4268976422169217,2.4430242290457835,,,,,,,,,,,,,,,,,,,,,,,,,,106.08372965791774,,,,,,,,,,,,100.75819993092303,84.6781788293637,9.20207470244421,,,,104.88852468538191,56.636721917521974,7.525737300592014,107.1980684101507,22.004840619408583,4.69093174320503,"['u', 'g', 'r', 'i', 'z', 'y']","['r', 'z', 'y']",[105.63848024],[[13.34928958]],3.653667962973347,,,,,,,,
119,deblcdouble101,06072026,7.980045993522901,1.5289227163099641,1.300987058611332,0.6241604717223628,67.41675206069385,0.2480618586507258,0.9080993435455248,0.0307983849246541,0.1949520695935614,2,-0.6274501878201946,2.1090755341210734,0.3563101451396657,1.3041567935986134,1.9313818033167205,0.0,352.79675776926155,21.84338262953083,21.710584056078,21.570141960471364,21.303780079093208,21.24922235626609,21.22676867983932,GAL-QSO-LENS_-0.0153_-0.0315,0.745591876647551,2.1801697431312137,-0.0153498301140915,-0.0315391583450143,-0.0070547105780309,0.0087209379546566,0.0,-0.0,0.0,0.0,0.0,21.84338262953083,24.9241729427652,1.1329881132707855,4.0,0.003741561498553,0.0056556206892434,-0.0153498301140915,-0.0315391583450143,0.9451102706833444,-0.3312449910487114,0.5952667351665589,-0.2464707050709149,20.948192841797407,22.414626834602693,24.99523123655112,0.4062084573684358,1.0,0.0658065570510446,-0.4711210693846779,0.3658631012116811,0.2220366850798863,21.710584056078,24.392987579739263,1.1329881132707855,4.0,0.003741561498553,0.0056556206892434,-0.0153498301140915,-0.0315391583450143,0.9451102706833444,-0.3312449910487114,0.5952667351665589,-0.2464707050709149,20.815394268344576,22.28182826114986,24.85592801859342,0.4062084573684358,1.0,0.0658065570510446,-0.4711210693846779,0.3658631012116811,0.2220366850798863,21.570141960471364,23.67612693415965,1.1329881132707855,4.0,0.003741561498553,0.0056556206892434,-0.0153498301140915,-0.0315391583450143,0.9451102706833444,-0.3312449910487114,0.5952667351665589,-0.2464707050709149,20.674952172737942,22.141386165543228,24.6268618237346,0.4062084573684358,1.0,0.0658065570510446,-0.4711210693846779,0.3658631012116811,0.2220366850798863,21.303780079093208,22.4904439538988,1.1329881132707855,4.0,0.003741561498553,0.0056556206892434,-0.0153498301140915,-0.0315391583450143,0.9451102706833444,-0.3312449910487114,0.5952667351665589,-0.2464707050709149,20.408590291359783,21.87502428416507,24.52365458827361,0.4062084573684358,1.0,0.0658065570510446,-0.4711210693846779,0.3658631012116811,0.2220366850798863,21.24922235626609,21.80227922017227,1.1329881132707855,4.0,0.003741561498553,0.0056556206892434,-0.0153498301140915,-0.0315391583450143,0.9451102706833444,-0.3312449910487114,0.5952667351665589,-0.2464707050709149,20.35403256853268,21.82046656133796,24.230550810170133,0.4062084573684358,1.0,0.0658065570510446,-0.4711210693846779,0.3658631012116811,0.2220366850798863,21.22676867983932,20.98821059412636,1.1329881132707855,4.0,0.003741561498553,0.0056556206892434,-0.0153498301140915,-0.0315391583450143,0.9451102706833444,-0.3312449910487114,0.5952667351665589,-0.2464707050709149,20.33157889210589,21.798012884911177,24.040215537683185,0.4062084573684358,1.0,0.0658065570510446,-0.4711210693846779,0.3658631012116811,0.2220366850798863,345.09140321172185,1.9313818033167205,-372.6488178905121,2.2807407128294144,-19.85206012125055,-0.5908841193075711,2.0,0.0307983849246541,0.1949520695935614,0.2480618586507258,0.9080993435455248,0.3563101451396657,1.3041567935986134,-1.9869464263143364,-1.948440649123558,0.0,352.79675776926155,0.0,0.3658631012116811,0.2220366850798863,0.3658631012116811,0.2220366850798863,24.52365458827361,2.3619905166852773,7.980045993522901,0.541229346172441,21.87502428416507,21.87502428416507,1.1254822106390672,0.9778146231703562,0.4931669347137449,0.9865288546806334,1025927458930.7664,<slsim.Lenses.lens.Lens object at 0x7fad500db190>,-23.15951151081601,-23.29231008426884,-23.432752179875475,-23.69911406125363,-23.753671784080744,-23.77612546050753,,,,,,,,,,,,,,,,,,,,,,,,,,,,,,,,,,,,,,,,,,,,,,,,,,,352.79675776926155,2.289610133206581,-0.6686392389911687,-0.6274501878201946,2.1090755341210734,,,,,,,,,,,,,,,,,,,,,,,,,,352.79675776926155,,,,,,,,,,,,350.6915479872041,52.025642951828864,7.212880350583175,,,,363.5699131127889,39.49847786612269,6.284781449352292,,,,"['u', 'r', 'i', 'z', 'y']","['r', 'z']",[358.01207967],[[22.45237308]],4.738393512781139,,,,,,,,
120,deblcdouble320,06072026,8.917721946171653,1.48382770900829,1.0577768384658324,0.6084430405939626,32.88764936275263,0.1830942547804421,1.0292979501819493,0.0166545420853529,0.2886055894383717,2,-0.7958732421434026,2.4165419282513745,0.2191115478270272,1.2222931173541314,3.0523194000199947,0.0,158.35812910791856,21.473228119502405,20.55333986424925,20.2502260137911,20.09114814468171,20.136320734882467,19.996931954798413,GAL-QSO-LENS_0.0376_0.0187,0.6957690215939157,2.065927421681586,0.0375925187580913,0.0187012631802415,-0.1686864086239002,-0.1711753592473165,0.0047645567070269,0.0168445452291435,0.0,0.0,-0.0149989133571296,21.473228119502405,25.27912074206612,0.7780768502237689,4.0,-0.0741785102663983,-0.1125843535443855,0.0375925187580913,0.0187012631802415,1.0947414031259437,-0.1688114799475812,0.6358534692614262,-0.1420789067825161,20.953024869020307,21.908480967802323,24.81053796509688,0.6169854801525271,1.0,0.1300368731079046,-0.3969677173293302,0.4747679789420281,0.2947004043032928,20.55333986424925,24.99836418907249,0.7780768502237689,4.0,-0.0741785102663983,-0.1125843535443855,0.0375925187580913,0.0187012631802415,1.0947414031259437,-0.1688114799475812,0.6358534692614262,-0.1420789067825161,20.033136613767148,20.988592712549163,23.4747492936774,0.6169854801525271,1.0,0.1300368731079046,-0.3969677173293302,0.4747679789420281,0.2947004043032928,20.2502260137911,23.768690003624727,0.7780768502237689,4.0,-0.0741785102663983,-0.1125843535443855,0.0375925187580913,0.0187012631802415,1.0947414031259437,-0.1688114799475812,0.6358534692614262,-0.1420789067825161,19.730022763309,20.685478862091017,23.435387561377507,0.6169854801525271,1.0,0.1300368731079046,-0.3969677173293302,0.4747679789420281,0.2947004043032928,20.09114814468171,22.81773724736201,0.7780768502237689,4.0,-0.0741785102663983,-0.1125843535443855,0.0375925187580913,0.0187012631802415,1.0947414031259437,-0.1688114799475812,0.6358534692614262,-0.1420789067825161,19.570944894199613,20.52640099298163,23.36166136693284,0.6169854801525271,1.0,0.1300368731079046,-0.3969677173293302,0.4747679789420281,0.2947004043032928,20.136320734882467,21.821965122048702,0.7780768502237689,4.0,-0.0741785102663983,-0.1125843535443855,0.0375925187580913,0.0187012631802415,1.0947414031259437,-0.1688114799475812,0.6358534692614262,-0.1420789067825161,19.61611748440037,20.571573583182385,23.295018601640106,0.6169854801525271,1.0,0.1300368731079046,-0.3969677173293302,0.4747679789420281,0.2947004043032928,19.996931954798413,21.258333054560367,0.7780768502237689,4.0,-0.0741785102663983,-0.1125843535443855,0.0375925187580913,0.0187012631802415,1.0947414031259437,-0.1688114799475812,0.6358534692614262,-0.1420789067825161,19.476728704316315,20.43218480309833,23.366442722347475,0.6169854801525271,1.0,0.1300368731079046,-0.3969677173293302,0.4747679789420281,0.2947004043032928,228.3574463623476,3.0523194000199947,-140.61203865461204,1.6146607940250648,17.746090453306532,-0.6697286235861293,2.0,0.0166545420853529,0.2886055894383717,0.1830942547804421,1.0292979501819493,0.2191115478270272,1.2222931173541314,-2.1093449662856267,-1.8280473502299048,0.0,158.35812910791856,0.0175054192920689,0.4747679789420281,0.2947004043032928,0.4747679789420281,0.2947004043032928,23.36166136693284,1.8777040157001288,8.917721946171653,-0.1286241890280185,20.52640099298163,20.52640099298163,-1.174435600327722,0.6124805932353663,-1.0766910760246415,0.7623868041910472,389157522887.4555,<slsim.Lenses.lens.Lens object at 0x7facc8063850>,-24.68380458964308,-25.60369284489624,-25.906806695354387,-26.065884564463776,-26.02071197426302,-26.16010075434708,,,,,,,,,,,,,,,,,,,,,,,,,,,,,,,,,,,,,,,,,,,,,,,,,,,158.35812910791856,2.0703167462706547,-0.7406142606075715,-0.7958732421434026,2.4165419282513745,,,,,,,,,,,,,,,,,,,,,,,,,,158.35812910791856,,,,,,166.94027981120183,9.624110947309367,92.62351152612,165.1658135168978,20.375356584386505,4.513907019909305,162.0554461616462,18.77212733969551,4.332681310654582,165.34216921991018,10.64754581704133,3.2630577403780845,158.41824244997696,14.83850241684058,3.8520776753384114,,,,"['u', 'g', 'r', 'i', 'z', 'y']","['u', 'g', 'r', 'i', 'z']",[163.03540629],[[3.64356651]],1.9088128525738384,,,,,,,,
121,deblcdouble258,06072026,7.167519633667068,1.496139289692056,1.0142217821013375,0.9655523677779192,77.56785399384889,0.360605270541341,0.6554864633188112,0.0411606152108418,0.1187276628548346,2,-0.4222927631797203,1.639580902194825,0.397443656245649,0.7359025757308768,3.577750176117049,0.0,41.377714128084804,28.14182863428389,25.69484224155637,24.631670200583223,24.34218634741116,24.174910711894995,24.14305332972657,GAL-QSO-LENS_0.0175_-0.0041,0.8734292994567219,2.035659521673862,0.0175008055696245,-0.0041061778425942,0.0758499959065163,0.1154890236655932,-0.0196643136298981,-0.0088215817340508,0.0,0.0,-0.0251154170052775,28.14182863428389,23.982960924707072,0.5737877306808539,4.0,0.0768609481147586,0.0802008358427596,0.0175008055696245,-0.0041061778425942,0.0938604316697947,0.5751183202026158,-0.9787039498883944,0.4379200718213818,26.640425184418017,27.20732791235472,29.36392379444699,0.1863465778610935,1.0,-0.1732068846475317,-0.1109602185935286,-0.0345813939904659,-0.0991082092987181,25.69484224155637,23.836023200761304,0.5737877306808539,4.0,0.0768609481147586,0.0802008358427596,0.0175008055696245,-0.0041061778425942,0.0938604316697947,0.5751183202026158,-0.9787039498883944,0.4379200718213818,24.193438791690497,24.7603415196272,26.74283098773359,0.1863465778610935,1.0,-0.1732068846475317,-0.1109602185935286,-0.0345813939904659,-0.0991082092987181,24.631670200583223,23.015593655348766,0.5737877306808539,4.0,0.0768609481147586,0.0802008358427596,0.0175008055696245,-0.0041061778425942,0.0938604316697947,0.5751183202026158,-0.9787039498883944,0.4379200718213818,23.13026675071736,23.697169478654057,26.27057763496739,0.1863465778610935,1.0,-0.1732068846475317,-0.1109602185935286,-0.0345813939904659,-0.0991082092987181,24.34218634741116,22.182492413993096,0.5737877306808539,4.0,0.0768609481147586,0.0802008358427596,0.0175008055696245,-0.0041061778425942,0.0938604316697947,0.5751183202026158,-0.9787039498883944,0.4379200718213818,22.840782897545285,23.40768562548199,26.263128613079544,0.1863465778610935,1.0,-0.1732068846475317,-0.1109602185935286,-0.0345813939904659,-0.0991082092987181,24.174910711894995,21.296651088587826,0.5737877306808539,4.0,0.0768609481147586,0.0802008358427596,0.0175008055696245,-0.0041061778425942,0.0938604316697947,0.5751183202026158,-0.9787039498883944,0.4379200718213818,22.673507262029123,23.240409989965823,26.138584546745555,0.1863465778610935,1.0,-0.1732068846475317,-0.1109602185935286,-0.0345813939904659,-0.0991082092987181,24.14305332972657,20.8325490828933,0.5737877306808539,4.0,0.0768609481147586,0.0802008358427596,0.0175008055696245,-0.0041061778425942,0.0938604316697947,0.5751183202026158,-0.9787039498883944,0.4379200718213818,22.641649879860694,23.2085526077974,26.02920218667148,0.1863465778610935,1.0,-0.1732068846475317,-0.1109602185935286,-0.0345813939904659,-0.0991082092987181,242.9149251194237,3.577750176117049,-92.1967368937745,3.986221066109758,-50.819022765689695,-2.364831974465942,2.0,0.0411606152108418,0.1187276628548346,0.360605270541341,0.6554864633188112,0.397443656245649,0.7359025757308768,0.1471697694789788,-1.8223089546653952,0.0,41.3777141280848,0.0215523904666173,-0.0345813939904659,-0.0991082092987181,-0.0345813939904659,-0.0991082092987181,26.263128613079544,9.964393898798011,7.167519633667068,0.6536707875491913,23.40768562548199,23.40768562548199,0.4948374800020679,0.7572068136257852,0.4033298804745858,0.8000430142319621,457787637817.1735,<slsim.Lenses.lens.Lens object at 0x7facc820a810>,-18.332724013705832,-20.779710406433352,-21.84288244740649,-22.132366300578564,-22.299641936094726,-22.331499318263155,,,,,,,,,,,,,,,,,,,,,,,,,,,,,,,,,,,,,,,,,,,,,,,,,,,41.3777141280848,2.0234154504744613,-0.4582231745658566,-0.4222927631797203,1.639580902194825,,,,,,,,,,,,,,,,,,,,,,,,,,41.377714128084804,,,,,,,,,,,,44.409854394582595,18.561157854758523,4.308266223756202,31.048826442275207,30.940537399109797,5.562421900495305,54.68636939822464,14.331259297918326,3.78566497433652,,,,"['g', 'r', 'i', 'z', 'y']","['r', 'i', 'z']",[46.23863058],[[6.41134358]],2.5320631068714645,,,,,,,,
122,deblcdouble210,06072026,7.940910977051385,2.1470482535013833,0.3656321538320016,0.8970548072869258,70.91228327486704,0.475138412045609,0.6296569042383784,0.0299626936125374,0.0662431173012263,2,-0.6305894210756472,1.916523004488728,0.3843130040803079,0.57795766684506,4.175333111783269,0.0,18.4492714388431,28.6829415944404,24.946068618042013,23.373448967072743,22.920068447354595,22.84257945139933,22.70899146179711,GAL-QSO-LENS_0.0357_-0.0086,0.928837369755896,2.10062004464209,0.0356860900673139,-0.0085753458546224,-0.023356412383995,0.0255025008581075,0.0009499790055489,-0.0118412325277893,0.0,0.0,0.1640127308001961,28.6829415944404,22.26092227699788,0.6162011109391422,4.0,0.0133696049200694,0.0405863276156314,0.0356860900673139,-0.0085753458546224,-1.2311724809819362,0.8447581943351898,-0.1520062921125083,0.3960156364092626,26.44912600566436,26.91845142017397,30.10423201120553,0.3607623787257701,1.0,-0.0661189708060046,-0.0248840781530851,-0.1300014634372523,-0.0566227000740365,24.946068618042013,20.87409861531528,0.6162011109391422,4.0,0.0133696049200694,0.0405863276156314,0.0356860900673139,-0.0085753458546224,-1.2311724809819362,0.8447581943351898,-0.1520062921125083,0.3960156364092626,22.71225302926598,23.18157844377559,27.931727701448967,0.3607623787257701,1.0,-0.0661189708060046,-0.0248840781530851,-0.1300014634372523,-0.0566227000740365,23.373448967072743,19.465567997708284,0.6162011109391422,4.0,0.0133696049200694,0.0405863276156314,0.0356860900673139,-0.0085753458546224,-1.2311724809819362,0.8447581943351898,-0.1520062921125083,0.3960156364092626,21.13963337829671,21.60895879280632,26.92412720010093,0.3607623787257701,1.0,-0.0661189708060046,-0.0248840781530851,-0.1300014634372523,-0.0566227000740365,22.920068447354595,18.90221723255928,0.6162011109391422,4.0,0.0133696049200694,0.0405863276156314,0.0356860900673139,-0.0085753458546224,-1.2311724809819362,0.8447581943351898,-0.1520062921125083,0.3960156364092626,20.686252858578563,21.15557827308817,26.779154004316144,0.3607623787257701,1.0,-0.0661189708060046,-0.0248840781530851,-0.1300014634372523,-0.0566227000740365,22.84257945139933,18.5700094678732,0.6162011109391422,4.0,0.0133696049200694,0.0405863276156314,0.0356860900673139,-0.0085753458546224,-1.2311724809819362,0.8447581943351898,-0.1520062921125083,0.3960156364092626,20.6087638626233,21.078089277132907,26.665788406952647,0.3607623787257701,1.0,-0.0661189708060046,-0.0248840781530851,-0.1300014634372523,-0.0566227000740365,22.70899146179711,18.39512616607646,0.6162011109391422,4.0,0.0133696049200694,0.0405863276156314,0.0356860900673139,-0.0085753458546224,-1.2311724809819362,0.8447581943351898,-0.1520062921125083,0.3960156364092626,20.47517587302108,20.944501287530684,26.571308206108444,0.3607623787257701,1.0,-0.0661189708060046,-0.0248840781530851,-0.1300014634372523,-0.0566227000740365,200.1876319809987,4.175333111783269,-39.63921827218014,7.825754786283189,-21.18994683333704,-5.079208837439979,2.0,0.0299626936125374,0.0662431173012263,0.475138412045609,0.6296569042383784,0.3843130040803079,0.57795766684506,-2.88893855997837,-2.2043761791554948,0.0,18.4492714388431,0.0118792780878368,-0.1300014634372523,-0.0566227000740365,-0.1300014634372523,-0.0566227000740365,26.779154004316144,8.95733638890105,7.940910977051385,0.8369646118215851,21.15557827308817,21.15557827308817,1.1561492549264318,0.9331482899689588,0.6262897620160098,0.9180389756446709,256617887349.5779,<slsim.Lenses.lens.Lens object at 0x7fad500e18d0>,-18.21856635835422,-21.9554393347526,-23.52805898572187,-23.98143950544002,-24.05892850139528,-24.192516490997505,,,,,,,,,,,,,,,,,,,,,,,,,,,,,,,,,,,,,,,,,,,,,,,,,,,18.4492714388431,1.9682865438672723,-0.6461550663577718,-0.6305894210756472,1.916523004488728,,,,,,,,,,,,,,,,,,,,,,,,,,18.4492714388431,,,,,,,,,21.001768903701773,1.6720747211661224,1.293087282887788,19.53246655287963,1.5428539754869959,1.2421167318279696,39.087610593796704,0.7418853458963361,0.8613276646528522,29.825182318231633,2.3234932298787387,1.5243008987331663,,,,"['g', 'r', 'i', 'z', 'y']","['g', 'r', 'i', 'z']",[30.00267952],[[0.3306318]],0.5750059095282566,,,,,,,,
123,deblcdouble239,06072026,7.836841184196801,0.702645469738346,0.4703216330427418,0.7113470978708509,51.52886886531016,0.1234057017295042,0.7370352119516751,0.0080611390151141,0.1768730260504636,2,-0.6822940434272439,1.9174072519758385,0.3041867362834546,1.7403146109250316,1.9002981721862195,0.0,14.83780739281665,21.83041786222023,21.761239847541127,21.698087783634094,21.47260873373716,21.46605180791222,21.460887339965456,GAL-QSO-LENS_0.0322_0.0247,0.3251868562737552,2.337276258688266,0.0322473322215572,0.0246614782252652,-0.0214140077920142,0.1861218609079181,0.008848977779569,0.0113459356619765,0.0,0.0,-0.002454677660926,21.83041786222023,24.908534634890508,0.1497892249926013,4.0,0.024285230823355,0.1239738098108,0.0322473322215572,0.0246614782252652,0.4595902194095793,-0.0798798868936942,-0.3295275901413509,0.12067532027678,21.405104691006645,23.008480035598325,25.129712977351936,0.4405387130824647,1.0,-0.1423034382845116,0.0531406476953285,0.2477944447128554,-0.1601937479787465,21.761239847541127,23.679009407688284,0.1497892249926013,4.0,0.024285230823355,0.1239738098108,0.0322473322215572,0.0246614782252652,0.4595902194095793,-0.0798798868936942,-0.3295275901413509,0.12067532027678,21.335926676327546,22.93930202091922,24.927210307485247,0.4405387130824647,1.0,-0.1423034382845116,0.0531406476953285,0.2477944447128554,-0.1601937479787465,21.698087783634094,22.29791035323712,0.1497892249926013,4.0,0.024285230823355,0.1239738098108,0.0322473322215572,0.0246614782252652,0.4595902194095793,-0.0798798868936942,-0.3295275901413509,0.12067532027678,21.27277461242051,22.87614995701219,24.65766467736,0.4405387130824647,1.0,-0.1423034382845116,0.0531406476953285,0.2477944447128554,-0.1601937479787465,21.47260873373716,21.54198851281253,0.1497892249926013,4.0,0.024285230823355,0.1239738098108,0.0322473322215572,0.0246614782252652,0.4595902194095793,-0.0798798868936942,-0.3295275901413509,0.12067532027678,21.047295562523573,22.65067090711525,24.443105218944687,0.4405387130824647,1.0,-0.1423034382845116,0.0531406476953285,0.2477944447128554,-0.1601937479787465,21.46605180791222,21.17740321414324,0.1497892249926013,4.0,0.024285230823355,0.1239738098108,0.0322473322215572,0.0246614782252652,0.4595902194095793,-0.0798798868936942,-0.3295275901413509,0.12067532027678,21.040738636698634,22.64411398129032,24.123766497804738,0.4405387130824647,1.0,-0.1423034382845116,0.0531406476953285,0.2477944447128554,-0.1601937479787465,21.460887339965456,20.9561259291997,0.1497892249926013,4.0,0.024285230823355,0.1239738098108,0.0322473322215572,0.0246614782252652,0.4595902194095793,-0.0798798868936942,-0.3295275901413509,0.12067532027678,21.03557416875187,22.63894951334355,23.992923281851667,0.4405387130824647,1.0,-0.1423034382845116,0.0531406476953285,0.2477944447128554,-0.1601937479787465,132.30114516637914,1.9002981721862195,-15.095067073877113,1.4795350857199707,-0.2572596810604619,-0.3378898380284789,2.0,0.0080611390151141,0.1768730260504636,0.1234057017295042,0.7370352119516751,0.3041867362834546,1.7403146109250316,1.7187577170473192,1.717477989411363,0.0,14.83780739281665,0.0143886991694529,0.2477944447128554,-0.1601937479787465,0.2477944447128554,-0.1601937479787465,24.443105218944687,1.570364379511631,7.836841184196801,-0.326756036828936,22.65067090711525,22.65067090711525,0.8426731736276495,0.6844237334809626,0.6886778929682691,0.7756784746575178,45698675002.27544,<slsim.Lenses.lens.Lens object at 0x7facc820b9d0>,-23.114880021154537,-23.18405803583364,-23.24721009974068,-23.47268914963761,-23.479246075462548,-23.48441054340931,,,,,,,,,,,,,,,,,,,,,,,,,,,,,,,,,,,,,,,,,,,,,,,,,,,14.83780739281665,2.240079567663796,-0.6941541186489533,-0.6822940434272439,1.9174072519758385,,,,,,,,,,,,,,,,,,,,,,,,,,14.83780739281665,,,,,,,,,,,,11.627350407669633,16.288546681705927,4.03590716960957,21.927531117684005,15.368546713367692,3.920273805918114,23.843570736103942,35.0121516579562,5.917106696516145,12.005965371000707,37.999204034072655,6.164349441268937,"['u', 'g', 'r', 'i', 'z', 'y']","['r', 'i', 'z', 'y']",[17.30230867],[[5.51454433]],2.348306694894349,,,,,,,,
124,deblcdouble233,06072026,8.286064087007347,1.0691260148071584,0.9084486628252558,0.2042675409140062,32.13598776123673,0.2451219588924743,0.9290009563494682,0.0334295087684408,0.2392460513748555,2,-0.468990352953374,2.2358757108683585,0.4178818941297387,1.35487225637819,1.881859135587508,0.0,76.03975592731938,22.46692915271272,22.24063174423381,22.022913215683595,21.675724458438985,21.59410302783605,21.53945091943791,GAL-QSO-LENS_0.0452_0.0222,0.5569864998493382,2.163456027331242,0.0452432221852322,0.0222190045045712,0.0094355868698615,0.0835021950860128,-0.0349707496774035,-0.0039955438283633,0.0,0.0,-0.0301775931364244,22.46692915271272,25.14217578981496,0.4605365639040409,4.0,0.0170609193962546,-0.0548357552041848,0.0452432221852322,0.0222190045045712,0.8370520552003865,-0.2320672555334684,-0.019088057053896,-0.0153019042039095,21.45901429335972,23.123435315867447,23.741911158123564,0.5265295818982975,1.0,-0.0119881559247444,-0.1229723531395345,0.3686704913544155,0.0376716511816223,22.24063174423381,24.59363976326817,0.4605365639040409,4.0,0.0170609193962546,-0.0548357552041848,0.0452432221852322,0.0222190045045712,0.8370520552003865,-0.2320672555334684,-0.019088057053896,-0.0153019042039095,21.232716884880805,22.897137907388533,23.680107838891544,0.5265295818982975,1.0,-0.0119881559247444,-0.1229723531395345,0.3686704913544155,0.0376716511816223,22.022913215683595,22.99104702652357,0.4605365639040409,4.0,0.0170609193962546,-0.0548357552041848,0.0452432221852322,0.0222190045045712,0.8370520552003865,-0.2320672555334684,-0.019088057053896,-0.0153019042039095,21.0149983563306,22.67941937883832,23.525082655196456,0.5265295818982975,1.0,-0.0119881559247444,-0.1229723531395345,0.3686704913544155,0.0376716511816223,21.675724458438985,21.932834421460743,0.4605365639040409,4.0,0.0170609193962546,-0.0548357552041848,0.0452432221852322,0.0222190045045712,0.8370520552003865,-0.2320672555334684,-0.019088057053896,-0.0153019042039095,20.667809599085984,22.33223062159372,23.44918140314484,0.5265295818982975,1.0,-0.0119881559247444,-0.1229723531395345,0.3686704913544155,0.0376716511816223,21.59410302783605,21.074867176237287,0.4605365639040409,4.0,0.0170609193962546,-0.0548357552041848,0.0452432221852322,0.0222190045045712,0.8370520552003865,-0.2320672555334684,-0.019088057053896,-0.0153019042039095,20.586188168483048,22.250609190990776,23.26000816419884,0.5265295818982975,1.0,-0.0119881559247444,-0.1229723531395345,0.3686704913544155,0.0376716511816223,21.53945091943791,20.754895445901663,0.4605365639040409,4.0,0.0170609193962546,-0.0548357552041848,0.0452432221852322,0.0222190045045712,0.8370520552003865,-0.2320672555334684,-0.019088057053896,-0.0153019042039095,20.53153606008491,22.19595708259264,23.1595550368926,0.5265295818982975,1.0,-0.0119881559247444,-0.1229723531395345,0.3686704913544155,0.0376716511816223,223.8157349194992,1.881859135587508,-81.17065554196724,2.5302646248227174,-5.1308996146478645,-0.5462576533858272,2.0,0.0334295087684408,0.2392460513748555,0.2451219588924743,0.9290009563494682,0.4178818941297387,1.35487225637819,3.0427355171714905,-2.889243715021477,0.0,76.03975592731938,0.0351982627907116,0.3686704913544155,0.0376716511816223,0.3686704913544155,0.0376716511816223,23.44918140314484,2.25697676500438,8.286064087007347,0.33265275960945,22.33223062159372,22.33223062159372,0.7291377733605973,0.8449612535244749,-0.634581102753171,0.8913807981909504,364289220333.1058,<slsim.Lenses.lens.Lens object at 0x7fad5010be50>,-22.44762274507256,-22.67392015355147,-22.89163868210168,-23.23882743934629,-23.320448869949228,-23.37510097834737,,,,,,,,,,,,,,,,,,,,,,,,,,,,,,,,,,,,,,,,,,,,,,,,,,,76.03975592731938,2.611093494604538,-0.5726693611401326,-0.468990352953374,2.2358757108683585,,,,,,,,,,,,,,,,,,,,,,,,,,76.03975592731938,,,,,,,,,73.77065506870544,48.57346179262238,6.9694663922442714,71.85178924609495,26.396944016785287,5.137795637896207,80.79607840262543,14.230753823688076,3.7723671379769064,66.8873981580998,35.15975350123466,5.9295660466205,,,,"['u', 'g', 'r', 'i', 'z', 'y']","['g', 'r', 'i', 'z']",[75.20348182],[[6.36203127]],2.522306736476282,,,,,,,,
125,deblcdouble173,06072026,7.72181116763138,0.9564986965236472,1.1118099565469075,0.8925708174185166,69.96231405946087,0.4133290210168319,0.8361662546434571,0.0244861689401113,0.0919599880189299,2,-0.631105619105734,2.160513423650168,0.3363481758555854,0.68764139608435,2.307907928385157,0.0,41.08736053506252,23.36496464880149,22.682520264490773,22.350794004498084,22.10220656332168,21.79789203526853,21.67359953720195,GAL-QSO-LENS_0.0274_0.0059,0.486552913727847,1.9000062351987503,0.0274232855384906,0.0058850572705386,0.061151665887258,0.0235209763909168,-0.0,-0.0,0.0,0.0,0.0,23.36496464880149,25.92882739143124,0.8405802496582154,4.0,0.0846357582372192,0.056080761769578,0.0274232855384906,0.0058850572705386,0.5145673736675109,-0.2524425539201546,-0.431351424095539,0.1401251961028731,21.774242466747,22.48832417585865,26.34610208397665,0.178450669167215,1.0,-0.2260937488790481,0.0659039070701245,0.1543456514545289,-0.0780733988164136,22.682520264490773,25.64631625618496,0.8405802496582154,4.0,0.0846357582372192,0.056080761769578,0.0274232855384906,0.0058850572705386,0.5145673736675109,-0.2524425539201546,-0.431351424095539,0.1401251961028731,21.091798082436284,21.80587979154793,26.156822527321417,0.178450669167215,1.0,-0.2260937488790481,0.0659039070701245,0.1543456514545289,-0.0780733988164136,22.350794004498084,24.2964326702039,0.8405802496582154,4.0,0.0846357582372192,0.056080761769578,0.0274232855384906,0.0058850572705386,0.5145673736675109,-0.2524425539201546,-0.431351424095539,0.1401251961028731,20.7600718224436,21.474153531555245,26.00771113288876,0.178450669167215,1.0,-0.2260937488790481,0.0659039070701245,0.1543456514545289,-0.0780733988164136,22.10220656332168,23.23263688896437,0.8405802496582154,4.0,0.0846357582372192,0.056080761769578,0.0274232855384906,0.0058850572705386,0.5145673736675109,-0.2524425539201546,-0.431351424095539,0.1401251961028731,20.51148438126719,21.22556609037884,25.92534042344821,0.178450669167215,1.0,-0.2260937488790481,0.0659039070701245,0.1543456514545289,-0.0780733988164136,21.79789203526853,22.323719244016694,0.8405802496582154,4.0,0.0846357582372192,0.056080761769578,0.0274232855384906,0.0058850572705386,0.5145673736675109,-0.2524425539201546,-0.431351424095539,0.1401251961028731,20.207169853214044,20.921251562325693,25.87347178188621,0.178450669167215,1.0,-0.2260937488790481,0.0659039070701245,0.1543456514545289,-0.0780733988164136,21.67359953720195,21.65897204043508,0.8405802496582154,4.0,0.0846357582372192,0.056080761769578,0.0274232855384906,0.0058850572705386,0.5145673736675109,-0.2524425539201546,-0.431351424095539,0.1401251961028731,20.082877355147463,20.79695906425912,25.65058591187502,0.178450669167215,1.0,-0.2260937488790481,0.0659039070701245,0.1543456514545289,-0.0780733988164136,215.75123109687704,2.307907928385157,-47.58628065553581,4.328016151491089,-6.498920120473286,-2.242106249362657,2.0,0.0244861689401113,0.0919599880189299,0.4133290210168319,0.8361662546434571,0.3363481758555854,0.68764139608435,1.688798900156928,2.256856114261995,0.0,41.08736053506252,0.0,0.1543456514545289,-0.0780733988164136,0.1543456514545289,-0.0780733988164136,25.92534042344821,5.933566468161878,7.72181116763138,-0.6619933754398504,21.22556609037884,21.22556609037884,0.1835947867397601,0.8770192437042522,0.2925955162238814,0.8156570341701078,323944460583.0584,<slsim.Lenses.lens.Lens object at 0x7fad5e60d690>,-22.170614911749432,-22.85305929606015,-23.18478555605284,-23.43337299722924,-23.73768752528239,-23.86198002334897,,,,,,,,,,,,,,,,,,,,,,,,,,,,,,,,,,,,,,,,,,,,,,,,,,,41.08736053506252,2.1428547239126514,-0.6112285223208654,-0.631105619105734,2.160513423650168,,,,,,,,,,,,,,,,,,,,,,,,,,41.08736053506252,,,,,,,,,,,,49.158552543711004,7.456020243284517,2.7305714133280814,38.452560216196346,9.982906932971757,3.15957385306496,41.89208931373037,7.925061556941728,2.81514858523342,40.383315857944886,32.23892323318436,5.67793300710605,"['u', 'g', 'r', 'i', 'z', 'y']","['r', 'i', 'z', 'y']",[43.3818667],[[2.55433438]],1.5982285146078383,,,,,,,,
126,deblcdouble336,06072026,8.487483865043162,1.9695092107390126,0.7916563082773936,0.7372543980291687,0.630582792341946,0.2650523407029362,0.7016243416143317,0.0310461310777584,0.1916021912321755,2,-0.6616889192088719,2.2969827380702443,0.301577885333238,0.7845191953066638,2.6850758092242395,0.0,122.6394412841441,21.998993196811128,21.240514908044617,20.87568275877185,20.715766074841355,20.57749570652658,20.411234299096407,GAL-QSO-LENS_-0.0272_-0.0228,0.9546978208327614,2.044052960605519,-0.0272156864152575,-0.0227563547616722,-0.0901615120287222,0.1008444841479809,-0.0017421989410638,-0.0099439661694096,0.0,0.0,-0.0137345645867883,21.998993196811128,23.98184355024204,0.7241862735529357,4.0,0.03566848596677,0.0602545076480867,-0.0272156864152575,-0.0227563547616722,-1.2328565825342996,0.4393253372453206,0.6891148083281251,-0.3514495377591088,21.130089764388693,21.30237021219464,26.15194751259077,0.2852924083465345,1.0,0.0544715422896335,-0.0891531999759249,-0.3995863740581123,0.2055867700706145,21.240514908044617,23.405458248587514,0.7241862735529357,4.0,0.03566848596677,0.0602545076480867,-0.0272156864152575,-0.0227563547616722,-1.2328565825342996,0.4393253372453206,0.6891148083281251,-0.3514495377591088,20.37161147562218,20.54389192342813,25.627635270580093,0.2852924083465345,1.0,0.0544715422896335,-0.0891531999759249,-0.3995863740581123,0.2055867700706145,20.87568275877185,22.077875153157382,0.7241862735529357,4.0,0.03566848596677,0.0602545076480867,-0.0272156864152575,-0.0227563547616722,-1.2328565825342996,0.4393253372453206,0.6891148083281251,-0.3514495377591088,20.006779326349413,20.179059774155363,25.540485331076297,0.2852924083465345,1.0,0.0544715422896335,-0.0891531999759249,-0.3995863740581123,0.2055867700706145,20.715766074841355,20.929566225975613,0.7241862735529357,4.0,0.03566848596677,0.0602545076480867,-0.0272156864152575,-0.0227563547616722,-1.2328565825342996,0.4393253372453206,0.6891148083281251,-0.3514495377591088,19.84686264241892,20.01914309022487,25.37036777347737,0.2852924083465345,1.0,0.0544715422896335,-0.0891531999759249,-0.3995863740581123,0.2055867700706145,20.57749570652658,20.271296891837025,0.7241862735529357,4.0,0.03566848596677,0.0602545076480867,-0.0272156864152575,-0.0227563547616722,-1.2328565825342996,0.4393253372453206,0.6891148083281251,-0.3514495377591088,19.708592274104145,19.88087272191009,25.3140142886812,0.2852924083465345,1.0,0.0544715422896335,-0.0891531999759249,-0.3995863740581123,0.2055867700706145,20.411234299096407,20.00057984218926,0.7241862735529357,4.0,0.03566848596677,0.0602545076480867,-0.0272156864152575,-0.0227563547616722,-1.2328565825342996,0.4393253372453206,0.6891148083281251,-0.3514495377591088,19.54233086667397,19.71461131447992,25.171331447993275,0.2852924083465345,1.0,0.0544715422896335,-0.0891531999759249,-0.3995863740581123,0.2055867700706145,247.16490755757613,2.6850758092242395,-136.18088438686655,2.226185619288477,-13.541443102722448,-1.8995432830328125,2.0,0.0310461310777584,0.1916021912321755,0.2650523407029362,0.7016243416143317,0.301577885333238,0.7845191953066638,2.0976114049515413,1.9233623242931952,0.0,122.6394412841441,0.0100954306658313,-0.3995863740581123,0.2055867700706145,-0.3995863740581123,0.2055867700706145,25.37036777347737,4.569069728911469,8.487483865043162,0.9967859441837608,20.01914309022487,20.01914309022487,1.1501613325762312,0.7616912379680313,0.5181533841332545,0.8691233655378602,489148881813.20667,<slsim.Lenses.lens.Lens object at 0x7facc80a2a50>,-23.86208296804874,-24.62056125681525,-24.98539340608802,-25.145310090018512,-25.283580458333287,-25.44984186576346,,,,,,,,,,,,,,,,,,,,,,,,,,,,,,,,,,,,,,,,,,,,,,,,,,,122.6394412841441,2.21781024473786,-0.7620610792275648,-0.6616889192088719,2.2969827380702443,,,,,,,,,,,,,,,,,,,,,,,,,,122.6394412841441,,,,,,116.7003302095609,5.484290514029153,30.077442442270154,153.6005021043837,94.51744135557196,9.722008092753882,136.83679434345888,13.61796937854413,3.6902532946322437,131.64805028615353,19.894194075286403,4.460290806134327,121.8962996190782,15.113117072534124,3.8875592693274945,120.49279245363006,93.65276707201117,9.677435976125658,"['u', 'g', 'r', 'i', 'z', 'y']","['u', 'g', 'r', 'i', 'z', 'y']",[128.99610998],[[4.09213353]],2.0229022534691903,,,,,,,,
127,deblcquad296,06112026,8.805701949643252,0.32730258056972517,0.5094662017724296,0.5197379157241526,32.13191965145679,0.262132877075751,0.2891422227569981,0.0381888684642482,0.0455741209885481,4,-0.6644050858047216,2.4760370955781705,0.5020981578050479,0.5444320763484863,1.836818541222383,0.0,0.6708888934027613,19.71135401718957,19.5597084236579,19.49459292558227,19.27905782701349,19.293583276725588,19.30386211405024,GAL-QSO-LENS_0.0117_0.0545,0.4234757090601486,2.237816830904792,0.0116775855408484,0.0545020949255781,0.2579477909096633,-0.053731841834502,-0.0019482528090947,-0.0042162853274377,0.0,0.0,-0.0240230321223829,19.71135401718957,23.29655007389998,0.3096644452226838,4.0,0.243349592018201,-0.0437671415354503,0.0116775855408484,0.0545020949255781,0.2175461828644148,0.3202059016175281,-0.3501375438048751,0.3678926139780795,18.37609442272302,18.011265049966443,23.382924153194143,0.7278685160944743,1.0,0.0828787011675729,-0.0113335370278269,0.0763489285637885,0.0397851015394196,19.5597084236579,22.74315012743665,0.3096644452226838,4.0,0.243349592018201,-0.0437671415354503,0.0116775855408484,0.0545020949255781,0.2175461828644148,0.3202059016175281,-0.3501375438048751,0.3678926139780795,18.224448829191346,17.859619456434768,23.30232337229505,0.7278685160944743,1.0,0.0828787011675729,-0.0113335370278269,0.0763489285637885,0.0397851015394196,19.49459292558227,21.65958839362054,0.3096644452226838,4.0,0.243349592018201,-0.0437671415354503,0.0116775855408484,0.0545020949255781,0.2175461828644148,0.3202059016175281,-0.3501375438048751,0.3678926139780795,18.15933333111572,17.79450395835914,23.11911428155836,0.7278685160944743,1.0,0.0828787011675729,-0.0113335370278269,0.0763489285637885,0.0397851015394196,19.27905782701349,20.880526399296244,0.3096644452226838,4.0,0.243349592018201,-0.0437671415354503,0.0116775855408484,0.0545020949255781,0.2175461828644148,0.3202059016175281,-0.3501375438048751,0.3678926139780795,17.943798232546936,17.578968859790358,23.00628339937269,0.7278685160944743,1.0,0.0828787011675729,-0.0113335370278269,0.0763489285637885,0.0397851015394196,19.293583276725588,20.509347124399014,0.3096644452226838,4.0,0.243349592018201,-0.0437671415354503,0.0116775855408484,0.0545020949255781,0.2175461828644148,0.3202059016175281,-0.3501375438048751,0.3678926139780795,17.958323682259035,17.593494309502457,22.7260560158693,0.7278685160944743,1.0,0.0828787011675729,-0.0113335370278269,0.0763489285637885,0.0397851015394196,19.30386211405024,20.263855571755684,0.3096644452226838,4.0,0.243349592018201,-0.0437671415354503,0.0116775855408484,0.0545020949255781,0.2175461828644148,0.3202059016175281,-0.3501375438048751,0.3678926139780795,17.96860251958368,17.603773146827102,22.54629954094128,0.7278685160944743,1.0,0.0828787011675729,-0.0113335370278269,0.0763489285637885,0.0397851015394196,155.01749775446595,1.836818541222383,-14.271949618458144,3.420612179803169,-13.601060725055383,4.78669313760333,4.0,0.0381888684642482,0.0455741209885481,0.262132877075751,0.2891422227569981,0.5020981578050479,0.5444320763484863,0.8869299810492688,-1.503189859106108,0.0,0.6708888934027613,0.0046446475614961,0.0763489285637885,0.0397851015394196,0.0763489285637885,0.0397851015394196,23.00628339937269,1.85165786151866,8.805701949643252,0.4619990526746994,17.578968859790358,17.64073492952693,-0.102684167769425,0.5829238299976972,-0.0889752488027321,0.6035224986418521,104447860757.52776,<slsim.Lenses.lens.Lens object at 0x7facc8213b90>,-25.136589277605,-25.28823487113668,-25.353350369212304,-25.568885467781087,-25.554360018068987,-25.544081180744342,0.4525487701684844,-0.3241999788363402,0.0685394038878823,0.1008221890753376,18.07303111970301,19.567296158861726,0.4525487701684844,-0.3241999788363402,0.0685394038878823,0.1008221890753376,17.92138552617134,19.41565056533005,0.4525487701684844,-0.3241999788363402,0.0685394038878823,0.1008221890753376,17.85627002809571,19.350535067254423,0.4525487701684844,-0.3241999788363402,0.0685394038878823,0.1008221890753376,17.64073492952693,19.13499996868564,0.4525487701684844,-0.3241999788363402,0.0685394038878823,0.1008221890753376,17.655260379239028,19.14952541839774,0.4525487701684844,-0.3241999788363402,0.0685394038878823,0.1008221890753376,17.665539216563673,19.159804255722385,-13.29475320839234,-4.521985433076817,-8.829081431319851,-1.1418870385040054,0.0920018899869719,0.1550127545010134,0.4713688443838102,0.6758154738183233,0.7075257585956479,0.9903731489503084,-3.057069909283892,2.868240018239858,0.9771964100658046,5.442868187138293,4.4656717770724885,2.383832605814905,-0.6560740105122517,-0.6889909630925733,2.317190692313965,,,,,,,,,,,,,,,,,,,,,,,,,,0.6708888934027613,0.9771964100658046,5.442868187138293,0.30630751666304334,4.771979293735532,4.4656717770724885,[ 0.469665    0.09799689 -8.96264653 -0.48230242 -9.34941949 -8.46884887],2.0430837583654977,"[[13.67007756  3.96739872  3.61144195 -5.24758254 -3.86534411  0.95295988]
 [ 3.96739872 17.94339606  3.94552431 10.69797868  1.27510219 -8.77106068]
 [ 3.61144195  3.94552431 42.37319176 -0.26831699 30.94151803 31.75631599]
 [-5.24758254 10.69797868 -0.26831699 22.39300862  4.6581302  -9.68850435]
 [-3.86534411  1.27510219 30.94151803  4.6581302  43.64167311 31.41405669]
 [ 0.95295988 -8.77106068 31.75631599 -9.68850435 31.41405669 51.24636269]]",[ 0.74492924  1.29514426 10.65154559  0.635932   10.06237683  9.49184712],"[[ 1.50207446  0.95441933  0.80117079 -0.45636564 -0.69297386 -0.17160706]
 [ 0.95441933  3.13976251  0.83815466  1.97610285 -0.12094298 -1.98151986]
 [ 0.80117079  0.83815466  4.72897914  0.0539927   3.80889813  3.36407033]
 [-0.45636564  1.97610285  0.0539927   2.67119194  0.50845563 -1.81839858]
 [-0.69297386 -0.12094298  3.80889813  0.50845563  4.59697562  3.5425096 ]
 [-0.17160706 -1.98151986  3.36407033 -1.81839858  3.5425096   5.96673369]]",0.7151622455992509,[ 1.00594854  0.06199081  5.86504659 -0.84818399  4.82743701  5.73234388],"[[ 1.04467757  0.61041117  0.64319126 -0.3827984  -0.37273432  0.00848756]
 [ 0.61041117  1.99274348  0.67276134  1.31659528  0.05510194 -1.25213787]
 [ 0.64319126  0.67276134  3.44923006  0.05021363  2.5643529   2.53505391]
 [-0.3827984   1.31659528  0.05021363  1.81659371  0.44741145 -1.28829222]
 [-0.37273432  0.05510194  2.5643529   0.44741145  3.09232735  2.46204092]
 [ 0.00848756 -1.25213787  2.53505391 -1.28829222  2.46204092  4.10121831]]",0.5906245436555356,[ 0.36634442 -0.32719271  3.73357403 -0.61745271  3.50392418  4.08402378],"[[ 1.09073566  0.57408151  0.54864274 -0.45169671 -0.45154517 -0.008105  ]
 [ 0.57408151  1.56826817  0.54452636  0.96353607  0.02231134 -0.9177489 ]
 [ 0.54864274  0.54452636  2.40367928  0.05907601  1.80778893  1.71233083]
 [-0.45169671  0.96353607  0.05907601  1.51551808  0.50682722 -0.9235002 ]
 [-0.45154517  0.02231134  1.80778893  0.50682722  2.48929528  1.85530026]
 [-0.008105   -0.9177489   1.71233083 -0.9235002   1.85530026  2.87384173]]",0.5439271580404582,[ 3.66786853  0.4810809  10.65182009 -3.16519647  6.83767634 10.02071255],"[[ 1.80917582  0.89530878  0.94190169 -0.75696938 -0.75845031  0.02238724]
 [ 0.89530878  3.12374127  1.00776812  2.10473454  0.10371426 -2.0433763 ]
 [ 0.94190169  1.00776812  4.53742889  0.06238204  3.4197852   3.35102319]
 [-0.75696938  2.10473454  0.06238204  3.02378855  0.77749109 -2.09868424]
 [-0.75845031  0.10371426  3.4197852   0.77749109  4.47640308  3.25324756]
 [ 0.02238724 -2.0433763   3.35102319 -2.09868424  3.25324756  5.62751971]]",0.7402213001987542,[ 2.7839127   2.50479018  8.82400773 -0.32812265  6.15982192  6.34534403],"[[ 3.20489198  1.58021047  1.65255947 -1.18806962 -1.20866736  0.04008276]
 [ 1.58021047  4.03713993  1.52134575  2.16954021 -0.05260893 -2.26564085]
 [ 1.65255947  1.52134575  5.90294547 -0.06604818  3.98601649  4.16893643]
 [-1.18806962  2.16954021 -0.06604818  3.48460282  1.09868389 -2.21612444]
 [-1.20866736 -0.05260893  3.98601649  1.09868389  5.51985148  4.01297593]
 [ 0.04008276 -2.26564085  4.16893643 -2.21612444  4.01297593  6.73155707]]",0.8619968543290512,"['u', 'g', 'r', 'i', 'z', 'y']","['u', 'g', 'r', 'i', 'z', 'y']",[ 1.35466865  0.52075458  6.81086612 -0.75336158  5.5450417   6.2624356 ],"[[ 0.2839694   0.15561088  0.15389673 -0.10946987 -0.11731425 -0.00507205]
 [ 0.15561088  0.47549242  0.15754894  0.30152931  0.00378283 -0.29418825]
 [ 0.15389673  0.15754894  0.74258935  0.01271178  0.56217449  0.54205891]
 [-0.10946987  0.30152931  0.01271178  0.44020558  0.12175307 -0.29235156]
 [-0.11731425  0.00378283  0.56217449  0.12175307  0.71760883  0.54980287]
 [-0.00507205 -0.29418825  0.54205891 -0.29235156  0.54980287  0.8922944 ]]",0.2916416652228805,0.4713688443838102,0.6758154738183233,0.0920018899869719,0.1550127545010134,0.7075257585956479,0.9903731489503084,0.9771964100658046,5.442868187138293
128,deblcquad612,06112026,7.691543403471272,0.9516666289557049,0.6588104053546142,0.2688062355898431,62.54617341529843,0.4228408059797687,0.4533909502478001,0.0528579586076728,0.0627691720767197,4,-0.3201401512197403,2.110914614946,0.3718914072991349,0.4064524566279698,2.7714545282464647,0.0,5.465946342577368,25.20653554666111,24.37338521896016,24.0312131756606,23.86479614833388,23.75843821940419,23.55098722770924,GAL-QSO-LENS_0.0046_-0.0097,0.7738643106536937,2.010392511588853,0.0045980866107184,-0.0097492096350291,-0.0257323851221183,0.0785181563564784,0.0390140974839059,-0.0227213968270695,0.0,0.0,0.0175966590332984,25.20653554666111,24.08140415919745,0.7006601925078747,4.0,-0.1087253911295379,0.0555492840193572,0.0045980866107184,-0.0097492096350291,0.8027938711002045,-0.7044350153117008,-0.3641414021386632,0.3808330893504287,23.430560967383325,23.020871699835013,25.990818882414928,0.2498954439824304,1.0,-0.1818738972362966,0.1428106145294444,0.0332516073865632,-0.0179143086083178,24.37338521896016,23.121982641424395,0.7006601925078747,4.0,-0.1087253911295379,0.0555492840193572,0.0045980866107184,-0.0097492096350291,0.8027938711002045,-0.7044350153117008,-0.3641414021386632,0.3808330893504287,22.59741063968237,22.187721372134057,25.297337376254475,0.2498954439824304,1.0,-0.1818738972362966,0.1428106145294444,0.0332516073865632,-0.0179143086083178,24.0312131756606,21.78577339179548,0.7006601925078747,4.0,-0.1087253911295379,0.0555492840193572,0.0045980866107184,-0.0097492096350291,0.8027938711002045,-0.7044350153117008,-0.3641414021386632,0.3808330893504287,22.25523859638281,21.8455493288345,25.142641130855225,0.2498954439824304,1.0,-0.1818738972362966,0.1428106145294444,0.0332516073865632,-0.0179143086083178,23.86479614833388,20.65745934133043,0.7006601925078747,4.0,-0.1087253911295379,0.0555492840193572,0.0045980866107184,-0.0097492096350291,0.8027938711002045,-0.7044350153117008,-0.3641414021386632,0.3808330893504287,22.08882156905609,21.679132301507785,24.92692154036243,0.2498954439824304,1.0,-0.1818738972362966,0.1428106145294444,0.0332516073865632,-0.0179143086083178,23.75843821940419,20.236237506528155,0.7006601925078747,4.0,-0.1087253911295379,0.0555492840193572,0.0045980866107184,-0.0097492096350291,0.8027938711002045,-0.7044350153117008,-0.3641414021386632,0.3808330893504287,21.982463640126404,21.57277437257809,24.857161408742314,0.2498954439824304,1.0,-0.1818738972362966,0.1428106145294444,0.0332516073865632,-0.0179143086083178,23.55098722770924,19.93029696764717,0.7006601925078747,4.0,-0.1087253911295379,0.0555492840193572,0.0045980866107184,-0.0097492096350291,0.8027938711002045,-0.7044350153117008,-0.3641414021386632,0.3808330893504287,21.77501264843145,21.36532338088314,24.778842196802728,0.2498954439824304,1.0,-0.1818738972362966,0.1428106145294444,0.0332516073865632,-0.0179143086083178,209.5985074656528,2.7714545282464647,-39.90519845430326,5.133219456530047,-34.43925211172589,7.486270903155759,4.0,0.0528579586076728,0.0627691720767197,0.4228408059797687,0.4533909502478001,0.3718914072991349,0.4064524566279698,2.268525751397096,2.082983287155947,0.0,5.465946342577368,0.0451482189710389,0.0332516073865632,-0.0179143086083178,0.0332516073865632,-0.0179143086083178,24.92692154036243,9.535847660012324,7.691543403471272,-0.9479430426719156,21.679132301507785,22.017660249191408,0.9437455871773732,0.8473579583264861,1.3346261549731695,0.7823819410720816,290293268910.19324,<slsim.Lenses.lens.Lens object at 0x7fe61439fe90>,-20.71087718312286,-21.544027510823817,-21.886199554123376,-22.05261658145009,-22.15897451037978,-22.366425502074737,0.1910261395687417,-0.4492072699302472,0.7030421717303321,-0.5819290534686246,23.35939964751864,23.489231072824765,0.1910261395687417,-0.4492072699302472,0.7030421717303321,-0.5819290534686246,22.526249319817683,22.65608074512381,0.1910261395687417,-0.4492072699302472,0.7030421717303321,-0.5819290534686246,22.184077276518124,22.31390870182425,0.1910261395687417,-0.4492072699302472,0.7030421717303321,-0.5819290534686246,22.017660249191408,22.14749167449753,0.1910261395687417,-0.4492072699302472,0.7030421717303321,-0.5819290534686246,21.91130232026172,22.041133745567844,0.1910261395687417,-0.4492072699302472,0.7030421717303321,-0.5819290534686246,21.703851328566763,21.83368275387289,-31.07924871243312,-5.480931314598477,-30.12346977209006,-4.863196183277748,0.1189204302748799,0.1093663325137841,0.5687507582015561,0.5878125487476294,0.6069815921855367,0.612800605144485,-0.5121123585927887,-1.2875746573393727,8.82594974187014,9.7817286822132,5.465946342577368,,,-0.3201401512197403,2.110914614946,,,,,,,,,,,,,,,,,,,,,,,,,,5.465946342577368,8.82594974187014,9.781728682213199,3.360003399292772,4.315782339635831,0.955778940343059,,,,,,,,,,"[  2.13397627   5.49837193 -17.26310219   2.98670083 -18.61537397
 -22.99636434]","[[ 7.03478780e+00  4.52961176e+00  4.72957556e+00 -1.47308289e+00
  -1.68023048e+00  2.74040575e-02]
 [ 4.52961176e+00  9.95487522e+00  5.51021542e+00  2.81212520e+00
   9.68852570e-01 -2.04201789e+00]
 [ 4.72957556e+00  5.51021542e+00  3.10342517e+01  3.92381226e-01
   2.52275056e+01  2.37682864e+01]
 [-1.47308289e+00  2.81212520e+00  3.92381226e-01  5.58467875e+00
   2.20980298e+00 -2.20805201e+00]
 [-1.68023048e+00  9.68852570e-01  2.52275056e+01  2.20980298e+00
   2.84995270e+01  2.42548759e+01]
 [ 2.74040575e-02 -2.04201789e+00  2.37682864e+01 -2.20805201e+00
   2.42548759e+01  2.96384268e+01]]",1.3831429743759374,,,,,,,"['u', 'g', 'r', 'i', 'z', 'y']",['i'],"[  2.13397627   5.49837193 -17.26310219   2.98670083 -18.61537397
 -22.99636434]","[[ 7.03478780e+00  4.52961176e+00  4.72957556e+00 -1.47308289e+00
  -1.68023048e+00  2.74040575e-02]
 [ 4.52961176e+00  9.95487522e+00  5.51021542e+00  2.81212520e+00
   9.68852570e-01 -2.04201789e+00]
 [ 4.72957556e+00  5.51021542e+00  3.10342517e+01  3.92381226e-01
   2.52275056e+01  2.37682864e+01]
 [-1.47308289e+00  2.81212520e+00  3.92381226e-01  5.58467875e+00
   2.20980298e+00 -2.20805201e+00]
 [-1.68023048e+00  9.68852570e-01  2.52275056e+01  2.20980298e+00
   2.84995270e+01  2.42548759e+01]
 [ 2.74040575e-02 -2.04201789e+00  2.37682864e+01 -2.20805201e+00
   2.42548759e+01  2.96384268e+01]]",1.3831429743759374,0.5687507582015561,0.5878125487476294,0.1189204302748799,0.1093663325137841,0.6069815921855367,0.612800605144485,8.82594974187014,9.781728682213199
129,deblcdouble549,06112026,7.560476741457332,1.0716175711686102,0.4546841318342703,0.4468284070208536,35.32205554807645,0.3284665548781843,0.6490729704779303,0.0199842585766565,0.0956887091657301,2,-0.5352921169083845,1.9676390051052568,0.2823643683779572,0.6718350107500584,4.260533334542764,0.0,9.989977773866386,30.68178553622092,26.902375397184425,25.156889384802977,24.688680503937714,24.47256883895368,24.45981004677424,GAL-QSO-LENS_-0.0336_-0.0002,0.5555550087728252,1.998979631670779,-0.0336441616849106,-0.0002475181636795,-0.128101924819866,0.1008272080606512,0.0446753063801553,-0.0116401087682718,0.0,0.0,0.0062035733778352,30.68178553622092,24.148796038863555,0.3455892999878094,4.0,-0.140116859893751,0.1093356324865635,-0.0336441616849106,-0.0002475181636795,0.6446489693554696,-0.1699470224259411,-0.27765688788988,0.4186171881828771,29.60588597964596,29.472173334513663,30.983477123129408,0.1610968367142533,1.0,0.0397834568467849,-0.2962860088941101,0.0683339367460051,-0.0663754499314402,26.902375397184425,22.65566385340701,0.3455892999878094,4.0,-0.140116859893751,0.1093356324865635,-0.0336441616849106,-0.0002475181636795,0.6446489693554696,-0.1699470224259411,-0.27765688788988,0.4186171881828771,25.826475840609465,25.69276319547717,28.920816301589387,0.1610968367142533,1.0,0.0397834568467849,-0.2962860088941101,0.0683339367460051,-0.0663754499314402,25.156889384802977,21.203096528890462,0.3455892999878094,4.0,-0.140116859893751,0.1093356324865635,-0.0336441616849106,-0.0002475181636795,0.6446489693554696,-0.1699470224259411,-0.27765688788988,0.4186171881828771,24.080989828228017,23.94727718309572,27.72627900532193,0.1610968367142533,1.0,0.0397834568467849,-0.2962860088941101,0.0683339367460051,-0.0663754499314402,24.688680503937714,20.469690406205704,0.3455892999878094,4.0,-0.140116859893751,0.1093356324865635,-0.0336441616849106,-0.0002475181636795,0.6446489693554696,-0.1699470224259411,-0.27765688788988,0.4186171881828771,23.612780947362754,23.47906830223046,27.402503801078733,0.1610968367142533,1.0,0.0397834568467849,-0.2962860088941101,0.0683339367460051,-0.0663754499314402,24.47256883895368,20.11357644111759,0.3455892999878094,4.0,-0.140116859893751,0.1093356324865635,-0.0336441616849106,-0.0002475181636795,0.6446489693554696,-0.1699470224259411,-0.27765688788988,0.4186171881828771,23.39666928237872,23.26295663724642,27.32404710369349,0.1610968367142533,1.0,0.0397834568467849,-0.2962860088941101,0.0683339367460051,-0.0663754499314402,24.45981004677424,19.908065065134043,0.3455892999878094,4.0,-0.140116859893751,0.1093356324865635,-0.0336441616849106,-0.0002475181636795,0.6446489693554696,-0.1699470224259411,-0.27765688788988,0.4186171881828771,23.38391049019928,23.25019784506697,27.1688605609147,0.1610968367142533,1.0,0.0397834568467849,-0.2962860088941101,0.0683339367460051,-0.0663754499314402,158.86075483012635,4.260533334542764,-15.834144937783211,2.6937657243844044,-5.844167163916826,-3.046806550826421,2.0,0.0199842585766565,0.0956887091657301,0.3284665548781843,0.6490729704779303,0.2823643683779572,0.6718350107500584,2.2835597535811862,0.5758342555837557,0.0,9.989977773866386,0.046166818520426,0.0683339367460051,-0.0663754499314402,0.0683339367460051,-0.0663754499314402,27.402503801078733,7.687014818392791,7.560476741457332,-0.7956840692204571,23.47906830223046,23.47906830223046,1.237387984245222,0.7196576692188251,1.2394845063320905,0.6981859008333927,112963006820.08807,<slsim.Lenses.lens.Lens object at 0x7fe6841b4250>,-16.288314331038062,-20.067724470074555,-21.813210482456004,-22.281419363321262,-22.497531028305303,-22.510289820484743,,,,,,,,,,,,,,,,,,,,,,,,,,,,,,,,,,,,,,,,,,,,,,,,,,,9.989977773866386,,,-0.5352921169083845,1.9676390051052572,,,,,,,,,,,,,,,,,,,,,,,,,,9.989977773866386,,,,,,,,,,,,34.42148680207507,67.84411803708386,8.23675409594604,12.650537576802327,46.172597788092254,6.795042147631776,23.614641897769605,66.86140670035877,8.176882456068375,,,,"['r', 'i', 'z']","['r', 'i', 'z']",[22.09246243],[[19.47273678]],4.412792401643808,,,,,,,,
130,deblcquad601,06112026,7.7242633097302065,0.31574555920367847,0.4671334954095734,0.5243829109347254,12.748131343842845,0.4812003050285671,0.6421644394161631,0.0275074966801052,0.0657510807826939,4,-0.4431770829570449,2.001200338059832,0.1771108839318131,0.2553482786043535,3.679598720143066,0.0,7.663526026911908,27.57803988241641,25.00218713588898,23.887134098264355,23.690978532594443,23.59987946414506,23.656222889693066,GAL-QSO-LENS_0.0539_0.0047,0.613220047919988,1.6542857255816812,0.0538536164280344,0.0046670475914149,0.0848655398984464,-0.1014511821742294,-0.0243510467785406,0.0214009660161481,0.0,0.0,-0.0385019616151353,27.57803988241641,22.348260762035466,0.4246078535203794,4.0,0.051931535458256,-0.1122494989115528,0.0538536164280344,0.0046670475914149,-0.2267395584249645,0.3841347812859619,-0.7419978005543737,0.4233016630114181,26.01850037262954,24.57369157192284,29.6542074948581,0.2311533748893122,1.0,-0.1462276403809398,-0.0244186462908542,0.0365006767678506,-0.081301587641,25.00218713588898,21.958430821089525,0.4246078535203794,4.0,0.051931535458256,-0.1122494989115528,0.0538536164280344,0.0046670475914149,-0.2267395584249645,0.3841347812859619,-0.7419978005543737,0.4233016630114181,23.442647626102108,21.9978388253954,27.08540250898873,0.2311533748893122,1.0,-0.1462276403809398,-0.0244186462908542,0.0365006767678506,-0.081301587641,23.887134098264355,20.96439038534759,0.4246078535203794,4.0,0.051931535458256,-0.1122494989115528,0.0538536164280344,0.0046670475914149,-0.2267395584249645,0.3841347812859619,-0.7419978005543737,0.4233016630114181,22.32759458847748,20.88278578777077,26.61635145988012,0.2311533748893122,1.0,-0.1462276403809398,-0.0244186462908542,0.0365006767678506,-0.081301587641,23.690978532594443,20.280293987991296,0.4246078535203794,4.0,0.051931535458256,-0.1122494989115528,0.0538536164280344,0.0046670475914149,-0.2267395584249645,0.3841347812859619,-0.7419978005543737,0.4233016630114181,22.13143902280757,20.686630222100863,26.61768339119932,0.2311533748893122,1.0,-0.1462276403809398,-0.0244186462908542,0.0365006767678506,-0.081301587641,23.59987946414506,19.894421725598928,0.4246078535203794,4.0,0.051931535458256,-0.1122494989115528,0.0538536164280344,0.0046670475914149,-0.2267395584249645,0.3841347812859619,-0.7419978005543737,0.4233016630114181,22.04033995435819,20.59553115365148,26.4932829442454,0.2311533748893122,1.0,-0.1462276403809398,-0.0244186462908542,0.0365006767678506,-0.081301587641,23.656222889693066,19.607151671874785,0.4246078535203794,4.0,0.051931535458256,-0.1122494989115528,0.0538536164280344,0.0046670475914149,-0.2267395584249645,0.3841347812859619,-0.7419978005543737,0.4233016630114181,22.09668337990619,20.65187457919948,26.40094361159161,0.2311533748893122,1.0,-0.1462276403809398,-0.0244186462908542,0.0365006767678506,-0.081301587641,169.12036806921168,3.679598720143066,-11.360475567439552,4.205482246299875,-3.696949540527644,15.912533252039424,4.0,0.0275074966801052,0.0657510807826939,0.4812003050285671,0.6421644394161631,0.1771108839318131,0.2553482786043535,-0.6928898042778576,-1.4766678236027857,0.0,7.663526026911908,0.032418741888528,0.0365006767678506,-0.081301587641,0.0365006767678506,-0.081301587641,26.61768339119932,9.181226900281844,7.7242633097302065,-0.9503645078931428,20.686630222100863,21.03898534123877,-0.4370913384649679,0.7663681631812094,-0.5687388494606237,0.7798655650692754,143859546455.35828,<slsim.Lenses.lens.Lens object at 0x7fe61430fdd0>,-18.97087657414214,-21.54672932066957,-22.6617823582942,-22.85793792396411,-22.94903699241349,-22.89269356686549,0.5297614204006161,-0.203168231180787,0.1431443141215239,0.3723695263750102,24.926046691060744,25.72227570641493,0.5297614204006161,-0.203168231180787,0.1431443141215239,0.3723695263750102,22.35019394453332,23.1464229598875,0.5297614204006161,-0.203168231180787,0.1431443141215239,0.3723695263750102,21.235140906908686,22.031369922262872,0.5297614204006161,-0.203168231180787,0.1431443141215239,0.3723695263750102,21.03898534123877,21.83521435659296,0.5297614204006161,-0.203168231180787,0.1431443141215239,0.3723695263750102,20.9478862727894,21.74411528814358,0.5297614204006161,-0.203168231180787,0.1431443141215239,0.3723695263750102,21.0042296983374,21.80045871369158,-3.559158527084309,-11.502633344739762,-2.735257564132885,-5.524661458845497,0.0920896968081313,0.1389579240759171,0.7347469217834612,0.8156579816120074,0.3966053579208144,0.4636685733671372,-2.760886339286701,1.3722672105621765,7.801317040355244,8.625218003306667,7.663526026911908,,,-0.4431770829570449,2.001200338059832,,,,,,,,,,,,,,,,,,,,,,,,,,7.663526026911908,7.801317040355244,8.625218003306667,0.13779101344333533,0.9616919763947589,0.8239009629514236,,,,,,,[14.39258731  8.12517793  8.5310429  -7.36569756 -7.35824091  0.03009945],"[[ 34.42929971  21.90045036  21.26446244  -6.88964794  -6.47375954
    0.86978511]
 [ 21.90045036  54.65374455  22.73067982  17.01006725   2.0526731
  -15.92225929]
 [ 21.26446244  22.73067982  38.96175659   0.88337757   7.74018493
    6.39605142]
 [ -6.88964794  17.01006725   0.88337757  28.13241451   7.93506929
  -15.5009034 ]
 [ -6.47375954   2.0526731    7.74018493   7.93506929  16.80500895
    6.32475975]
 [  0.86978511 -15.92225929   6.39605142 -15.5009034    6.32475975
   25.3130308 ]]",2.194937066104392,[12.60507162 12.09291798 10.66648432 -1.40449591 -3.23350322 -1.18307172],"[[21.0283265  14.23278124 13.68330786 -3.60881968 -4.29764588 -0.24369132]
 [14.23278124 27.05591543 13.63817555  9.39297232 -0.32146791 -9.01754464]
 [13.68330786 13.63817555 20.57971744  0.37577846  4.11833252  4.09074793]
 [-3.60881968  9.39297232  0.37577846 14.3829641   3.95342257 -8.81392891]
 [-4.29764588 -0.32146791  4.11833252  3.95342257  9.53545926  4.57898973]
 [-0.24369132 -9.01754464  4.09074793 -8.81392891  4.57898973 15.07748563]]",1.6355479200341028,"[ 9.93836980e+00  1.08438334e+01  5.33945910e+00 -4.12180999e-03
 -5.04955274e+00 -5.71581206e+00]","[[ 28.32832485  21.48319884  19.38274018  -3.17751702  -5.46565958
   -1.59382427]
 [ 21.48319884  41.3668138   20.60925786  10.74593538  -1.6392398
  -12.30275429]
 [ 19.38274018  20.60925786  29.023862     0.43266408   4.86864666
    3.89351855]
 [ -3.17751702  10.74593538   0.43266408  15.90685797   3.88404106
   -9.76857899]
 [ -5.46565958  -1.6392398    4.86864666   3.88404106  12.99323443
    6.82627432]
 [ -1.59382427 -12.30275429   3.89351855  -9.76857899   6.82627432
   19.35753906]]",1.8718018015586515,,,,"['g', 'r', 'i', 'z', 'y']","['r', 'i', 'z']",[12.15198685 10.95838826  8.41802087 -2.13672374 -4.7763977  -2.50839389],"[[ 8.89965521  6.18084809  5.85074787 -1.39065655 -1.73483235 -0.15518461]
 [ 6.18084809 12.34294622  6.03403216  3.87659909 -0.12073333 -3.8487713 ]
 [ 5.85074787  6.03403216  9.10872292  0.17054594  1.74633798  1.57673247]
 [-1.39065655  3.87659909  0.17054594  5.93988851  1.59653107 -3.56166864]
 [-1.73483235 -0.12073333  1.74633798  1.59653107  4.11225832  1.95051296]
 [-0.15518461 -3.8487713   1.57673247 -3.56166864  1.95051296  6.31131322]]",1.070182378083676,0.7347469217834612,0.8156579816120074,0.0920896968081313,0.1389579240759171,0.3966053579208144,0.4636685733671372,7.801317040355244,8.625218003306667
131,deblcquad27,06112026,7.0550306559110245,0.8538035990703268,0.5072290772542586,0.6922736196207991,11.32123402329378,0.495682560142039,0.5044070247900269,0.0254812557576167,0.0272625263180141,4,-0.5713742900476407,2.0393658899099343,0.2561021747132717,0.2504745485758526,1.9897627233837047,0.0,0.5201087946178777,24.477789960649112,24.27951040437085,23.97100970268138,23.61917572514392,23.351901242890666,23.321773827484503,GAL-QSO-LENS_-0.0225_0.0393,0.6994391200148468,1.7217310624481916,-0.0224738207021697,0.039330731291462,-0.136735542265478,0.1757835819961433,-0.0266899425949136,0.0096865825977092,0.0,0.0,-0.0187667054038224,24.477789960649112,23.54309077295691,0.4036643502057704,4.0,-0.1625370806784859,0.1982970121335149,-0.0224738207021697,0.039330731291462,-0.7458418966681546,0.5377295358575147,0.2670361186063401,-0.463693196539726,22.66749445473783,22.63317520048906,27.259228880293268,0.1614774420187617,1.0,-0.2005461093722962,0.3496497662874994,-0.0475418315859854,0.0057832389911375,24.27951040437085,22.293223450315253,0.4036643502057704,4.0,-0.1625370806784859,0.1982970121335149,-0.0224738207021697,0.039330731291462,-0.7458418966681546,0.5377295358575147,0.2670361186063401,-0.463693196539726,22.46921489845957,22.4348956442108,26.834773536609067,0.1614774420187617,1.0,-0.2005461093722962,0.3496497662874994,-0.0475418315859854,0.0057832389911375,23.97100970268138,20.88932774919114,0.4036643502057704,4.0,-0.1625370806784859,0.1982970121335149,-0.0224738207021697,0.039330731291462,-0.7458418966681546,0.5377295358575147,0.2670361186063401,-0.463693196539726,22.160714196770098,22.12639494252133,26.44275151679444,0.1614774420187617,1.0,-0.2005461093722962,0.3496497662874994,-0.0475418315859854,0.0057832389911375,23.61917572514392,20.029009433034005,0.4036643502057704,4.0,-0.1625370806784859,0.1982970121335149,-0.0224738207021697,0.039330731291462,-0.7458418966681546,0.5377295358575147,0.2670361186063401,-0.463693196539726,21.80888021923264,21.774560964983863,26.17271092837547,0.1614774420187617,1.0,-0.2005461093722962,0.3496497662874994,-0.0475418315859854,0.0057832389911375,23.351901242890666,19.61937252117781,0.4036643502057704,4.0,-0.1625370806784859,0.1982970121335149,-0.0224738207021697,0.039330731291462,-0.7458418966681546,0.5377295358575147,0.2670361186063401,-0.463693196539726,21.541605736979385,21.507286482730613,25.768173772408144,0.1614774420187617,1.0,-0.2005461093722962,0.3496497662874994,-0.0475418315859854,0.0057832389911375,23.321773827484503,19.37021177871149,0.4036643502057704,4.0,-0.1625370806784859,0.1982970121335149,-0.0224738207021697,0.039330731291462,-0.7458418966681546,0.5377295358575147,0.2670361186063401,-0.463693196539726,21.511478321573225,21.47715906732445,25.54730813874144,0.1614774420187617,1.0,-0.2005461093722962,0.3496497662874994,-0.0475418315859854,0.0057832389911375,196.23917661065167,1.9897627233837047,-14.541485641734967,5.298076225418936,-14.02137684711709,5.46821905663889,4.0,0.0254812557576167,0.0272625263180141,0.495682560142039,0.5044070247900269,0.2561021747132717,0.2504745485758526,2.6083463766848314,1.6916602829553895,0.0,0.5201087946178777,0.0283933604587767,-0.0475418315859854,0.0057832389911375,-0.0475418315859854,0.0057832389911375,26.17271092837547,13.938545727317498,7.0550306559110245,0.8105706582208722,21.774560964983863,21.98489123992346,1.1159462928687287,0.635720654019156,1.1287067563755022,0.5918520824843987,241258690700.03214,<slsim.Lenses.lens.Lens object at 0x7fad5e594190>,-20.624694055624698,-20.82297361190296,-21.13147431359243,-21.48330829112989,-21.750582773383144,-21.780710188789303,-0.3133528776373362,0.2347353763232774,-0.5318056860348467,0.4996146197411085,22.843505475428653,23.34136274656673,-0.3133528776373362,0.2347353763232774,-0.5318056860348467,0.4996146197411085,22.64522591915039,23.143083190288472,-0.3133528776373362,0.2347353763232774,-0.5318056860348467,0.4996146197411085,22.33672521746092,22.834582488599,-0.3133528776373362,0.2347353763232774,-0.5318056860348467,0.4996146197411085,21.98489123992346,22.48274851106154,-0.3133528776373362,0.2347353763232774,-0.5318056860348467,0.4996146197411085,21.717616757670207,22.215474028808288,-0.3133528776373362,0.2347353763232774,-0.5318056860348467,0.4996146197411085,21.687489342264048,22.185346613402128,-10.218471581765964,-4.505197081354996,-6.176397036758422,-2.848202646447117,0.1151602310485707,0.167988818770365,0.7827300508882793,0.902664611524711,0.5188179864622234,0.600477136369381,-0.9691685420740188,-1.0365631271284466,4.323014059969003,8.365088604976545,4.042074545007543,2.0485116766885283,-0.5125326561424002,-0.522388153821856,1.8749319100407689,,,,,,,,,,,,,,,,,,,,,,,,,,0.5201087946178777,4.323014059969003,8.365088604976545,3.802905265351125,7.844979810358668,4.042074545007543,,,,[0.74988414 7.42374412 9.07401889 6.73242036 8.67994966 0.60786619],"[[ 11.52048278   5.8100539    5.67372493  -4.78366952  -4.38791191
    0.0457977 ]
 [  5.8100539   17.37238492   5.21057085   9.17639259  -1.10744457
  -10.30182839]
 [  5.67372493   5.21057085  14.7743686   -1.14912902   7.23233279
    8.40481229]
 [ -4.78366952   9.17639259  -1.14912902  16.12749243   3.69349397
  -10.50167653]
 [ -4.38791191  -1.10744457   7.23233279   3.69349397  13.92344471
    8.84650791]
 [  0.0457977  -10.30182839   8.40481229 -10.50167653   8.84650791
   21.65658741]]",1.5970857322801422,[ 4.68368071 10.8010801   9.03747925  5.83241299  4.51712634 -1.60238415],"[[ 6.14667737  2.79659876  2.88940086 -2.87011409 -2.86820259  0.10567696]
 [ 2.79659876  6.49618857  2.48898179  3.33757212 -0.32639637 -3.59138065]
 [ 2.88940086  2.48898179  8.267859   -0.34029572  4.56295777  5.00673468]
 [-2.87011409  3.33757212 -0.34029572  6.73591735  2.60242529 -3.77869461]
 [-2.86820259 -0.32639637  4.56295777  2.60242529  8.0126128   4.94907956]
 [ 0.10567696 -3.59138065  5.00673468 -3.77869461  4.94907956  9.16210294]]",1.1043269786173233,[ 5.811324    6.65655031 13.60826077  0.79140663  7.70621509  6.80949463],"[[ 3.63512665  1.7414323   1.89088026 -1.72646973 -1.59385103  0.11216086]
 [ 1.7414323   4.43505874  1.68632808  2.54958438 -0.06278087 -2.6167471 ]
 [ 1.89088026  1.68632808  5.0598188  -0.15589315  2.24642805  2.42436937]
 [-1.72646973  2.54958438 -0.15589315  4.56672993  1.63930624 -2.82124905]
 [-1.59385103 -0.06278087  2.24642805  1.63930624  4.43818002  2.30692809]
 [ 0.11216086 -2.6167471   2.42436937 -2.82124905  2.30692809  5.64898369]]",0.870546272802815,[ 7.98348946 17.18626524 16.67394817 10.51055568  9.98739597 -0.10441246],"[[ 6.91843154  3.78839909  3.66567732 -2.94145282 -2.82148282 -0.02930165]
 [ 3.78839909  8.28417111  3.2807253   3.91660789 -0.30773525 -4.41630086]
 [ 3.66567732  3.2807253   8.84531125 -0.33735572  4.34395084  4.88562438]
 [-2.94145282  3.91660789 -0.33735572  7.3147165   2.58789798 -4.35683015]
 [-2.82148282 -0.30773525  4.34395084  2.58789798  7.63066758  4.69083357]
 [-0.02930165 -4.41630086  4.88562438 -4.35683015  4.69083357  9.70270298]]",1.1553687577145135,,,,"['u', 'g', 'r', 'i', 'z', 'y']","['g', 'r', 'i', 'z']",[ 5.25675289 10.21254501 12.56229603  5.24951214  7.80258106  2.4222722 ],"[[ 1.48750818  0.73252875  0.75492733 -0.67940795 -0.64311613  0.02765952]
 [ 0.73252875  1.77878945  0.66264002  0.95250248 -0.06094859 -1.01378773]
 [ 0.75492733  0.66264002  1.97560558 -0.08125368  0.97265308  1.08246211]
 [-0.67940795  0.95250248 -0.08125368  1.75468754  0.60950586 -1.06312145]
 [-0.64311613 -0.06094859  0.97265308  0.60950586  1.79270798  1.04823349]
 [ 0.02765952 -1.01378773  1.08246211 -1.06312145  1.04823349  2.27041041]]",0.5497505697141873,0.7827300508882793,0.902664611524711,0.1151602310485707,0.167988818770365,0.5188179864622234,0.600477136369381,4.323014059969003,8.365088604976545
132,deblcquad673,06112026,7.677296650338671,0.3337749803219104,0.5328199240244466,0.4838997738013346,71.80495764733818,0.4080200500753336,0.5012609361001047,0.0189067475149933,0.0375205918241845,4,-0.4828756683849327,1.862138799035762,0.2125932468742136,0.2427176445321983,3.1477936286826,0.0,2.4658952353682806,26.012501237747937,24.46715668521693,23.858958311581265,23.57602140440792,23.478036047305565,23.23892532213081,GAL-QSO-LENS_-0.0197_0.0278,0.4026585078161694,1.7454656549180372,-0.0196833115617476,0.0278190928921769,0.1817003405523679,-0.1820052684148287,0.0208967660171662,0.0283735602894135,0.0,0.0,-0.0393329649105071,26.012501237747937,25.15319501557073,0.1560587779375789,4.0,0.1898386288761566,-0.1807469946412556,-0.0196833115617476,0.0278190928921769,0.1134567744017331,-0.3283897037092056,0.4986383955942673,-0.2358796701342214,24.724120402776425,24.208406487313724,27.26173717913033,0.19355847402296,1.0,0.6809274631878565,-0.4473962487800879,-0.0421875850999566,0.0819264777712144,24.46715668521693,23.765520907510314,0.1560587779375789,4.0,0.1898386288761566,-0.1807469946412556,-0.0196833115617476,0.0278190928921769,0.1134567744017331,-0.3283897037092056,0.4986383955942673,-0.2358796701342214,23.178775850245422,22.66306193478272,25.6090255377264,0.19355847402296,1.0,0.6809274631878565,-0.4473962487800879,-0.0421875850999566,0.0819264777712144,23.858958311581265,22.35877622847287,0.1560587779375789,4.0,0.1898386288761566,-0.1807469946412556,-0.0196833115617476,0.0278190928921769,0.1134567744017331,-0.3283897037092056,0.4986383955942673,-0.2358796701342214,22.57057747660976,22.05486356114705,25.466467897303627,0.19355847402296,1.0,0.6809274631878565,-0.4473962487800879,-0.0421875850999566,0.0819264777712144,23.57602140440792,21.479817382566424,0.1560587779375789,4.0,0.1898386288761566,-0.1807469946412556,-0.0196833115617476,0.0278190928921769,0.1134567744017331,-0.3283897037092056,0.4986383955942673,-0.2358796701342214,22.2876405694364,21.7719266539737,25.35711360703533,0.19355847402296,1.0,0.6809274631878565,-0.4473962487800879,-0.0421875850999566,0.0819264777712144,23.478036047305565,21.11267645674794,0.1560587779375789,4.0,0.1898386288761566,-0.1807469946412556,-0.0196833115617476,0.0278190928921769,0.1134567744017331,-0.3283897037092056,0.4986383955942673,-0.2358796701342214,22.189655212334053,21.67394129687135,25.258327210692503,0.19355847402296,1.0,0.6809274631878565,-0.4473962487800879,-0.0421875850999566,0.0819264777712144,23.23892532213081,20.88205152212692,0.1560587779375789,4.0,0.1898386288761566,-0.1807469946412556,-0.0196833115617476,0.0278190928921769,0.1134567744017331,-0.3283897037092056,0.4986383955942673,-0.2358796701342214,21.950544487159306,21.434830571696605,25.273351594927032,0.19355847402296,1.0,0.6809274631878565,-0.4473962487800879,-0.0421875850999566,0.0819264777712144,141.96175951031628,3.1477936286826,-6.188744194953341,3.2760636725977745,-3.7228489595850607,5.267904584732569,4.0,0.0189067475149933,0.0375205918241845,0.4080200500753336,0.5012609361001047,0.2125932468742136,0.2427176445321983,-0.341697459320981,-1.8157722333284003,0.0,2.4658952353682806,0.0352382427693717,-0.0421875850999566,0.0819264777712144,-0.0421875850999566,0.0819264777712144,25.35711360703533,5.752048782933544,7.677296650338671,0.5589874478762439,21.7719266539737,22.119193746100947,-0.3931182775861371,0.5908636157304052,-0.3804349647101321,0.5846322938584355,66148020699.01773,<slsim.Lenses.lens.Lens object at 0x7fe6143e6fd0>,-20.215329112112787,-21.76067366464379,-22.36887203827946,-22.65180894545281,-22.74979430255516,-22.988905027729903,-0.3728305646607235,0.1800456183625642,0.0949235151085745,-0.1185788006293662,24.55567357944097,25.41107739837692,-0.3728305646607235,0.1800456183625642,0.0949235151085745,-0.1185788006293662,23.010329026909965,23.86573284584592,-0.3728305646607235,0.1800456183625642,0.0949235151085745,-0.1185788006293662,22.4021306532743,23.25753447221025,-0.3728305646607235,0.1800456183625642,0.0949235151085745,-0.1185788006293662,22.119193746100947,22.9745975650369,-0.3728305646607235,0.1800456183625642,0.0949235151085745,-0.1185788006293662,22.021208388998595,22.87661220793455,-0.3728305646607235,0.1800456183625642,0.0949235151085745,-0.1185788006293662,21.782097663823848,22.6375014827598,-3.227792007690439,-3.825877526395761,-1.2215288912088125,-1.740081283590945,0.138731026405585,0.2928050779467553,0.7684188654407292,1.0171769695711488,0.5612555259429367,0.7582749143173034,2.661337333856105,1.888165006441069,2.9609521872629023,4.967215303744529,2.4658952353682806,,,-0.4828756683849327,1.862138799035762,,,,,,,,,,,,,,,,,,,,,,,,,,2.4658952353682806,2.9609521872629023,4.967215303744529,0.49505695189462173,2.501320068376248,2.0062631164816263,,,,,,,,,,,,,[ 5.57472299 11.20943925 13.55447601  3.11809425  6.9383314   5.94009922],"[[ 16.45962361   6.84630936   6.91189913  -5.3671833   -5.7594722
    0.45005144]
 [  6.84630936  47.00336496   7.61577275  25.15411015  -0.74013377
  -27.01064211]
 [  6.91189913   7.61577275  46.79810332  -1.37714395  27.15684177
   24.11512913]
 [ -5.3671833   25.15411015  -1.37714395  37.94332262   4.30629154
  -23.28775766]
 [ -5.7594722   -0.74013377  27.15684177   4.30629154  42.14054064
   24.80948866]
 [  0.45005144 -27.01064211  24.11512913 -23.28775766  24.80948866
   64.00622784]]",2.431752399190646,,,,"['g', 'r', 'i', 'z', 'y']",['z'],[ 5.57472299 11.20943925 13.55447601  3.11809425  6.9383314   5.94009922],"[[ 16.45962361   6.84630936   6.91189913  -5.3671833   -5.7594722
    0.45005144]
 [  6.84630936  47.00336496   7.61577275  25.15411015  -0.74013377
  -27.01064211]
 [  6.91189913   7.61577275  46.79810332  -1.37714395  27.15684177
   24.11512913]
 [ -5.3671833   25.15411015  -1.37714395  37.94332262   4.30629154
  -23.28775766]
 [ -5.7594722   -0.74013377  27.15684177   4.30629154  42.14054064
   24.80948866]
 [  0.45005144 -27.01064211  24.11512913 -23.28775766  24.80948866
   64.00622784]]",2.431752399190646,0.7684188654407292,1.0171769695711488,0.138731026405585,0.2928050779467553,0.5612555259429367,0.7582749143173034,2.9609521872629023,4.967215303744529
133,deblcquad508,06112026,8.748529608334533,0.3020549636457939,0.6072059389207292,0.5064094962591899,69.56400696925577,0.3898280467201184,0.4433264935235563,0.0234649127337903,0.036069509236634,4,-0.7227864412736458,2.189708461604975,0.1517776419809414,0.2414532394674728,2.5179820794111194,0.0,1.3574459624562056,22.644686894553544,21.43655949163412,20.76756868447317,20.38677396194558,19.946290843401787,19.62153917458228,GAL-QSO-LENS_-0.0318_-0.0071,0.2979417447005481,1.764743521796273,-0.0318132858143712,-0.0070719093586404,0.2078800132160113,-0.0863243299044802,-0.0793190829888198,-0.0438497268388805,0.0,0.0,-0.0633958176505,22.644686894553544,25.351605122034165,0.0898070908201801,4.0,0.05083785202025,-0.0344826303204066,-0.0318132858143712,-0.0070719093586404,-0.097708958214145,-0.1330322214459354,0.3574594569857804,-0.2986978265977344,21.50260054973122,21.146401887607787,24.04475451310065,0.6462963219660485,1.0,0.1505944452418812,0.2843049712440173,-0.07000755948706,0.0129158218606034,21.43655949163412,24.49717027013608,0.0898070908201801,4.0,0.05083785202025,-0.0344826303204066,-0.0318132858143712,-0.0070719093586404,-0.097708958214145,-0.1330322214459354,0.3574594569857804,-0.2986978265977344,20.2944731468118,19.938274484688364,23.78333397044045,0.6462963219660485,1.0,0.1505944452418812,0.2843049712440173,-0.07000755948706,0.0129158218606034,20.76756868447317,23.281126855156245,0.0898070908201801,4.0,0.05083785202025,-0.0344826303204066,-0.0318132858143712,-0.0070719093586404,-0.097708958214145,-0.1330322214459354,0.3574594569857804,-0.2986978265977344,19.625482339650844,19.26928367752741,23.646367199002057,0.6462963219660485,1.0,0.1505944452418812,0.2843049712440173,-0.07000755948706,0.0129158218606034,20.38677396194558,22.369673523329155,0.0898070908201801,4.0,0.05083785202025,-0.0344826303204066,-0.0318132858143712,-0.0070719093586404,-0.097708958214145,-0.1330322214459354,0.3574594569857804,-0.2986978265977344,19.24468761712325,18.888488954999826,23.494765941015743,0.6462963219660485,1.0,0.1505944452418812,0.2843049712440173,-0.07000755948706,0.0129158218606034,19.946290843401787,22.02682729947976,0.0898070908201801,4.0,0.05083785202025,-0.0344826303204066,-0.0318132858143712,-0.0070719093586404,-0.097708958214145,-0.1330322214459354,0.3574594569857804,-0.2986978265977344,18.804204498579463,18.44800583645603,23.52613003882657,0.6462963219660485,1.0,0.1505944452418812,0.2843049712440173,-0.07000755948706,0.0129158218606034,19.62153917458228,21.73217222065007,0.0898070908201801,4.0,0.05083785202025,-0.0344826303204066,-0.0318132858143712,-0.0070719093586404,-0.097708958214145,-0.1330322214459354,0.3574594569857804,-0.2986978265977344,18.47945282975996,18.123254167636524,23.386661619762226,0.6462963219660485,1.0,0.1505944452418812,0.2843049712440173,-0.07000755948706,0.0129158218606034,129.19398378911146,2.5179820794111194,-4.259211989804668,2.863086953161301,-2.9017660273484625,3.9747882999741777,4.0,0.0234649127337903,0.036069509236634,0.3898280467201184,0.4433264935235563,0.1517776419809414,0.2414532394674728,0.4121230290515575,-1.06455128515637,0.0,1.3574459624562056,0.0906328608730394,-0.07000755948706,0.0129158218606034,-0.07000755948706,0.0129158218606034,23.494765941015743,1.8598690832683928,8.748529608334533,-0.5562499299300405,18.888488954999826,19.23004429704558,-0.1967961258817231,0.632531694052138,-0.2980020209547421,0.8842520225357241,37435423870.71284,<slsim.Lenses.lens.Lens object at 0x7fe6f93dde90>,-23.121160017767338,-24.32928742068676,-24.99827822784772,-25.379072950375303,-25.81955606891909,-26.1443077377386,-0.2809859204741837,0.1374692170757546,-0.0353598232504766,-0.0431407971087108,21.487957229653546,22.310881053788567,-0.2809859204741837,0.1374692170757546,-0.0353598232504766,-0.0431407971087108,20.27982982673412,21.102753650869143,-0.2809859204741837,0.1374692170757546,-0.0353598232504766,-0.0431407971087108,19.61083901957317,20.43376284370819,-0.2809859204741837,0.1374692170757546,-0.0353598232504766,-0.0431407971087108,19.23004429704558,20.0529681211806,-0.2809859204741837,0.1374692170757546,-0.0353598232504766,-0.0431407971087108,18.789561178501785,19.61248500263681,-0.2809859204741837,0.1374692170757546,-0.0353598232504766,-0.0431407971087108,18.464809509682283,19.287733333817304,-2.304050645648734,-2.901962967080376,-0.8201603701620144,-1.3599481053103746,0.0793225928999093,0.1980992884297279,0.7352572415940052,1.0512352865564272,0.643958898944358,0.8590385500990267,-2.922140587935097,2.8081917333602706,1.955161344155934,3.4390516196426537,1.4838902754867198,,,-0.7227864412736458,2.189708461604975,,,,,,,,,,,,,,,,,,,,,,,,,,1.3574459624562056,1.955161344155934,3.4390516196426537,0.5977153816997283,2.081605657186448,1.4838902754867198,,,,,,,[-1.94670429 -1.16596052  2.26309422  0.56347895  3.90868533  3.32684752],"[[ 1.61504066  0.83163508  0.80563217 -0.76937216 -0.76032606 -0.01299071]
 [ 0.83163508  5.9069116   0.77188533  4.93528986 -0.05961114 -4.94870345]
 [ 0.80563217  0.77188533  3.64560958 -0.12010343  2.64396895  2.81185069]
 [-0.76937216  4.93528986 -0.12010343  5.87590017  0.68660628 -4.98485774]
 [-0.76032606 -0.05961114  2.64396895  0.68660628  3.45156746  2.72125226]
 [-0.01299071 -4.94870345  2.81185069 -4.98485774  2.72125226  7.88434821]]",0.7786124626945675,[ 1.91507669  1.8937645   4.09235183 -0.32640525  2.13401358  2.63300346],"[[ 1.29890509  0.5998603   0.61510755 -0.59942625 -0.60376641  0.03252274]
 [ 0.5998603   5.52910729  0.4974475   4.28132102 -0.06601112 -4.52408025]
 [ 0.61510755  0.4974475   2.91180916 -0.09054602  1.97428503  2.10474959]
 [-0.59942625  4.28132102 -0.09054602  5.1548362   0.50990437 -4.30554907]
 [-0.60376641 -0.06601112  1.97428503  0.50990437  2.7545771   2.00776024]
 [ 0.03252274 -4.52408025  2.10474959 -4.30554907  2.00776024  6.834778  ]]",0.7075483289268912,[1.36072178 2.30543783 4.57399384 0.97496911 3.2264369  2.2546922 ],"[[ 0.92409787  0.3981013   0.42316741 -0.42587216 -0.45740179 -0.03798619]
 [ 0.3981013   2.80475371  0.30136908  2.30191598 -0.10249275 -2.30525711]
 [ 0.42316741  0.30136908  1.8955702  -0.08933676  1.31680809  1.33845072]
 [-0.42587216  2.30191598 -0.08933676  2.92562987  0.33845863 -2.41926022]
 [-0.45740179 -0.10249275  1.31680809  0.33845863  1.82025632  1.33563648]
 [-0.03798619 -2.30525711  1.33845072 -2.41926022  1.33563648  3.86856231]]",0.5665114454877216,[ 1.43404408  1.44341696 11.01772647 -0.19358496  9.319082    8.89700873],"[[ 2.78929641e+00  1.12455148e+00  1.28153422e+00 -1.14424105e+00
  -1.09338111e+00  2.66498219e-03]
 [ 1.12455148e+00  8.21196306e+00  1.26812955e+00  6.78187342e+00
   1.57767441e-01 -6.58984831e+00]
 [ 1.28153422e+00  1.26812955e+00  4.56761326e+00  1.01870736e-01
   3.13536039e+00  2.98964324e+00]
 [-1.14424105e+00  6.78187342e+00  1.01870736e-01  8.56315012e+00
   1.21766773e+00 -6.86086266e+00]
 [-1.09338111e+00  1.57767441e-01  3.13536039e+00  1.21766773e+00
   4.46517810e+00  2.92905646e+00]
 [ 2.66498219e-03 -6.58984831e+00  2.98964324e+00 -6.86086266e+00
   2.92905646e+00  1.09990708e+01]]",0.9403584872302581,"['u', 'g', 'r', 'i', 'z', 'y']","['r', 'i', 'z', 'y']",[0.78466086 1.31977612 5.05646291 0.346342   4.09479118 3.71413344],"[[ 0.34892422  0.16073974  0.16310674 -0.16468408 -0.16585175 -0.0015989 ]
 [ 0.16073974  1.19258286  0.1448937   0.98363518 -0.01786083 -0.9848883 ]
 [ 0.16310674  0.1448937   0.72195855 -0.0246713   0.50724834  0.52881598]
 [-0.16468408  0.98363518 -0.0246713   1.20901257  0.1421835  -1.00333885]
 [-0.16585175 -0.01786083  0.50724834  0.1421835   0.69570969  0.51542767]
 [-0.0015989  -0.9848883   0.52881598 -1.00333885  0.51542767  1.57645989]]",0.3538094622304613,0.7352572415940052,1.0512352865564272,0.0793225928999093,0.1980992884297279,0.643958898944358,0.8590385500990267,1.955161344155934,3.4390516196426537
134,deblctriple378,06112026,7.081644052767097,0.6483689583810481,0.307835719992814,0.2257937211079803,21.287970041274733,0.5966580505228402,0.6126031352471254,0.0347274096446875,0.0412001568177712,3,-0.300300612659493,2.316934980581121,0.2844383826860472,0.3203856441218408,2.414301455677523,0.0,0.7088646083910461,26.58803971035061,25.740000902609708,25.52015799877428,25.317185484418,25.028176083866416,24.76506380979528,GAL-QSO-LENS_-0.0265_0.0086,1.362630136299663,1.5720674662503975,-0.0264804511946031,0.008621592803184,0.2975740444319856,-0.0548104760217187,0.0135843481633732,-0.021227563212569,0.0,0.0,0.0122609509691401,26.58803971035061,21.38563906383261,1.7695416262358747,4.0,0.2024748538103596,-0.0119868318514197,-0.0264804511946031,0.008621592803184,1.871141180480109,2.0060529879895403,-1.0993257849267453,0.6732464626380144,23.86965129792275,23.27815809715884,26.681666633298285,0.23992258628921,1.0,-0.0516184979295979,-0.2315086816978249,0.7203383574407266,-0.0326885988614501,25.740000902609708,19.669060008351,1.7695416262358747,4.0,0.2024748538103596,-0.0119868318514197,-0.0264804511946031,0.008621592803184,1.871141180480109,2.0060529879895403,-1.0993257849267453,0.6732464626380144,23.021612490181845,22.430119289417927,26.45831732228242,0.23992258628921,1.0,-0.0516184979295979,-0.2315086816978249,0.7203383574407266,-0.0326885988614501,25.52015799877428,18.31479551943793,1.7695416262358747,4.0,0.2024748538103596,-0.0119868318514197,-0.0264804511946031,0.008621592803184,1.871141180480109,2.0060529879895403,-1.0993257849267453,0.6732464626380144,22.801769586346417,22.2102763855825,26.30816987787872,0.23992258628921,1.0,-0.0516184979295979,-0.2315086816978249,0.7203383574407266,-0.0326885988614501,25.317185484418,17.76718036541892,1.7695416262358747,4.0,0.2024748538103596,-0.0119868318514197,-0.0264804511946031,0.008621592803184,1.871141180480109,2.0060529879895403,-1.0993257849267453,0.6732464626380144,22.59879707199013,22.007303871226217,26.19346380238828,0.23992258628921,1.0,-0.0516184979295979,-0.2315086816978249,0.7203383574407266,-0.0326885988614501,25.028176083866416,17.48136274471835,1.7695416262358747,4.0,0.2024748538103596,-0.0119868318514197,-0.0264804511946031,0.008621592803184,1.871141180480109,2.0060529879895403,-1.0993257849267453,0.6732464626380144,22.30978767143855,21.718294470674635,26.16220800557098,0.23992258628921,1.0,-0.0516184979295979,-0.2315086816978249,0.7203383574407266,-0.0326885988614501,24.76506380979528,17.28227212508774,1.7695416262358747,4.0,0.2024748538103596,-0.0119868318514197,-0.0264804511946031,0.008621592803184,1.871141180480109,2.0060529879895403,-1.0993257849267453,0.6732464626380144,22.046675397367416,21.4551821966035,26.02648507358012,0.23992258628921,1.0,-0.0516184979295979,-0.2315086816978249,0.7203383574407266,-0.0326885988614501,245.11591002618647,2.414301455677523,-47.429113448186975,12.227998167525175,-46.72024883979593,21.0839824128147,3.0,0.0347274096446875,0.0412001568177712,0.5966580505228402,0.6126031352471254,0.2844383826860472,0.3203856441218408,2.3173594927140573,-2.6339417321710417,0.0,0.7088646083910461,0.0252020625141546,0.7203383574407266,-0.0326885988614501,0.7203383574407266,-0.0326885988614501,26.19346380238828,11.592198500736778,7.081644052767097,-0.2226813644353128,22.007303871226217,21.690670033828965,-0.0910747371786883,0.5354146358059467,-0.0295662821227528,0.6627462391934801,466880311344.2295,<slsim.Lenses.lens.Lens object at 0x7facc820bd50>,-19.068768853504096,-19.916807661245,-20.13665056508043,-20.33962307943672,-20.62863247998829,-20.89174475405943,2.0907547746037944,,0.030433960008765,,22.961524259761585,,2.0907547746037944,,0.030433960008765,,22.11348545202068,,2.0907547746037944,,0.030433960008765,,21.893642548185248,,2.0907547746037944,,0.030433960008765,,21.690670033828965,,2.0907547746037944,,0.030433960008765,,21.401660633277388,,2.0907547746037944,,0.030433960008765,,21.138548359206247,,-46.53626506166929,-28.22319524902244,,,0.0478027909369573,,0.6709089385423489,,0.3791210571862128,,-3.114366510393209,,0.8928483865176844,,0.7088646083910461,1.9767409209228723,-0.3094482538960582,-0.2823503367229981,1.668002158413203,,,,,,,,,,,,,,,,,,,,,,,,,,0.7088646083910461,0.8928483865176844,,0.18398377812663824,,,,,,,,,[1.91148657 7.28872304 4.05119168],"[[ 8.66663786  3.36891941 -2.22572209]
 [ 3.36891941 12.85254834  6.87201413]
 [-2.22572209  6.87201413 14.00726421]]",1.9441052049458114,[-2.52288177 -2.72376266  1.40829291],"[[ 3.97011651  2.19486381 -1.64434871]
 [ 2.19486381  5.69518637  1.99598981]
 [-1.64434871  1.99598981  4.64198411]]",1.2471835910603926,[ 1.88916523  2.09857851 -1.32926497],"[[ 6.52245153  2.83385975 -3.38023436]
 [ 2.83385975 11.61885083  1.62147412]
 [-3.38023436  1.62147412 11.50623914]]",1.7506371068295876,,,,"['u', 'g', 'r', 'i', 'z', 'y']","['r', 'i', 'z']",[-0.06544336  0.77451162  1.24273065],"[[ 1.88529692  0.9054845  -0.79759581]
 [ 0.9054845   2.82669857  1.0435722 ]
 [-0.79759581  1.0435722   2.58569121]]",0.8870304630776601,0.6709089385423489,,0.0478027909369573,,0.3791210571862128,,0.8928483865176844,
135,deblcdouble506,06112026,8.476581567639482,0.6513825407406048,0.1273917851566095,0.4416643644430896,18.99545892617689,0.4099934519515893,0.5642602581798857,0.0365858032715277,0.0683262509293983,2,-0.6320279681658363,2.413021700901282,0.4610591116689722,0.636727015484501,1.48822962293269,0.0,0.5148699962072081,20.731816226496733,20.43996613486189,19.99648340865512,19.773966563700817,19.7262616067642,19.744678693254823,GAL-QSO-LENS_-0.0120_0.0476,0.3309162994242084,2.0879039591057342,-0.0120246187115844,0.0476312117276285,-0.0696932362917617,0.0110074961653076,-0.0017565558602911,0.0190075936369682,0.0,0.0,0.0414469704240008,20.731816226496733,22.002956223610063,0.4207511564048827,4.0,-0.0903121297311137,0.0126885480733561,-0.0120246187115844,0.0476312117276285,-0.3542500098186474,0.1397079920254741,0.2163102748765598,-0.2083127423938756,18.56192262499897,19.065697223034373,23.938899990519303,0.9666915483259608,1.0,-0.4663386139749397,-0.2943019695082417,-0.0430040436377728,0.0759154241201248,20.43996613486189,20.51605262425634,0.4207511564048827,4.0,-0.0903121297311137,0.0126885480733561,-0.0120246187115844,0.0476312117276285,-0.3542500098186474,0.1397079920254741,0.2163102748765598,-0.2083127423938756,18.27007253336413,18.77384713139953,23.647421142148666,0.9666915483259608,1.0,-0.4663386139749397,-0.2943019695082417,-0.0430040436377728,0.0759154241201248,19.99648340865512,19.67320897772599,0.4207511564048827,4.0,-0.0903121297311137,0.0126885480733561,-0.0120246187115844,0.0476312117276285,-0.3542500098186474,0.1397079920254741,0.2163102748765598,-0.2083127423938756,17.826589807157355,18.33036440519276,23.43717284157667,0.9666915483259608,1.0,-0.4663386139749397,-0.2943019695082417,-0.0430040436377728,0.0759154241201248,19.773966563700817,19.28799110845158,0.4207511564048827,4.0,-0.0903121297311137,0.0126885480733561,-0.0120246187115844,0.0476312117276285,-0.3542500098186474,0.1397079920254741,0.2163102748765598,-0.2083127423938756,17.604072962203055,18.10784756023845,23.00251086183105,0.9666915483259608,1.0,-0.4663386139749397,-0.2943019695082417,-0.0430040436377728,0.0759154241201248,19.7262616067642,19.03676411931277,0.4207511564048827,4.0,-0.0903121297311137,0.0126885480733561,-0.0120246187115844,0.0476312117276285,-0.3542500098186474,0.1397079920254741,0.2163102748765598,-0.2083127423938756,17.556368005266435,18.06014260330184,22.70535526807206,0.9666915483259608,1.0,-0.4663386139749397,-0.2943019695082417,-0.0430040436377728,0.0759154241201248,19.744678693254823,18.89340776147347,0.4207511564048827,4.0,-0.0903121297311137,0.0126885480733561,-0.0120246187115844,0.0476312117276285,-0.3542500098186474,0.1397079920254741,0.2163102748765598,-0.2083127423938756,17.57478509175706,18.078559689792463,22.17587772083828,0.9666915483259608,1.0,-0.4663386139749397,-0.2943019695082417,-0.0430040436377728,0.0759154241201248,114.31584348673476,1.48822962293269,-1.3896110420367982,7.378319215354383,-0.8747410458295901,-4.639248130235555,2.0,0.0365858032715277,0.0683262509293983,0.4099934519515893,0.5642602581798857,0.4610591116689722,0.636727015484501,2.208424424948769,1.093557933957047,0.0,0.5148699962072081,0.0190885857087013,-0.0430040436377728,0.0759154241201248,-0.0430040436377728,0.0759154241201248,23.00251086183105,1.744750779320969,8.476581567639482,-0.9350167191612972,18.10784756023845,18.10784756023845,1.4924722824448404,0.8681861030924993,1.5010048408778804,0.8328460479089358,13730182535.823496,<slsim.Lenses.lens.Lens object at 0x7fe6841ae7d0>,-23.596713927785977,-23.88856401942082,-24.3320467456276,-24.554563590581893,-24.60226854751852,-24.583851461027884,,,,,,,,,,,,,,,,,,,,,,,,,,,,,,,,,,,,,,,,,,,,,,,,,,,0.5148699962072081,,,-0.6320279681658363,2.413021700901282,,,,,,,,,,,,,,,,,,,,,,,,,,0.5148699962072081,,,,,,,,,,,,-0.005127747438871663,1.5491869207863596,1.2446633764943675,-0.3470408981632475,0.9691307961818989,0.9844444098992583,1.124335024425142,1.4050734794806037,1.1853579541558759,-1.0762924954182456,47.38559607512264,6.88371963949162,"['u', 'g', 'r', 'i', 'z', 'y']","['r', 'i', 'z', 'y']",[0.1726349],[[0.4149098]],0.6441349275989492,,,,,,,,
136,deblcquad41,06112026,7.152560771877611,0.6742801733678009,0.2551325050520379,0.4130181314421534,87.4597284674835,0.3745961030150967,0.3724134623267092,0.0404731664721147,0.0446171244803154,4,-0.4452895127963226,2.026079507040376,0.4677868492714527,0.4760276253632808,1.4575239336323662,0.0,0.0327522913489382,23.922199197363984,23.75592418720556,23.366669031523976,23.13077370868307,23.100174579760967,23.142877861521285,GAL-QSO-LENS_-0.0173_0.0417,0.7107335052298536,2.068597503572542,-0.0173035575537299,0.0416844339757664,-0.1522319099172511,-0.0060349073076638,0.0151286104542834,0.0064544608955531,0.0,0.0,-0.0376288149867412,23.922199197363984,21.20284592685519,0.5820565245592693,4.0,-0.1252128067806707,-0.0347785062195667,-0.0173035575537299,0.0416844339757664,-0.611086616861541,0.6080433205345644,-0.4080861060097363,-0.3546993559865658,22.01294703576691,21.980696060127013,26.348609877187577,0.180199536605208,1.0,-0.337337702355706,0.3660729292673188,-0.014443512731194,-0.0443021906239065,23.75592418720556,19.82361618188427,0.5820565245592693,4.0,-0.1252128067806707,-0.0347785062195667,-0.0173035575537299,0.0416844339757664,-0.611086616861541,0.6080433205345644,-0.4080861060097363,-0.3546993559865658,21.846672025608484,21.814421049968587,26.091904471791253,0.180199536605208,1.0,-0.337337702355706,0.3660729292673188,-0.014443512731194,-0.0443021906239065,23.366669031523976,18.67865684487868,0.5820565245592693,4.0,-0.1252128067806707,-0.0347785062195667,-0.0173035575537299,0.0416844339757664,-0.611086616861541,0.6080433205345644,-0.4080861060097363,-0.3546993559865658,21.457416869926902,21.425165894287005,25.86096013418787,0.180199536605208,1.0,-0.337337702355706,0.3660729292673188,-0.014443512731194,-0.0443021906239065,23.13077370868307,18.20630312242161,0.5820565245592693,4.0,-0.1252128067806707,-0.0347785062195667,-0.0173035575537299,0.0416844339757664,-0.611086616861541,0.6080433205345644,-0.4080861060097363,-0.3546993559865658,21.221521547085995,21.18927057144609,25.473925823381265,0.180199536605208,1.0,-0.337337702355706,0.3660729292673188,-0.014443512731194,-0.0443021906239065,23.100174579760967,17.94861500901171,0.5820565245592693,4.0,-0.1252128067806707,-0.0347785062195667,-0.0173035575537299,0.0416844339757664,-0.611086616861541,0.6080433205345644,-0.4080861060097363,-0.3546993559865658,21.190922418163893,21.158671442524,25.260674169964915,0.180199536605208,1.0,-0.337337702355706,0.3660729292673188,-0.014443512731194,-0.0443021906239065,23.142877861521285,17.743306982733166,0.5820565245592693,4.0,-0.1252128067806707,-0.0347785062195667,-0.0173035575537299,0.0416844339757664,-0.611086616861541,0.6080433205345644,-0.4080861060097363,-0.3546993559865658,21.23362569992421,21.20137472428432,24.803643035005905,0.180199536605208,1.0,-0.337337702355706,0.3660729292673188,-0.014443512731194,-0.0443021906239065,180.05116750627175,1.4575239336323662,-12.128711619662772,5.803645336534348,-12.095959328313834,5.978624188746718,4.0,0.0404731664721147,0.0446171244803154,0.3745961030150967,0.3724134623267092,0.4677868492714527,0.4760276253632808,-1.830067732700164,1.988949086568312,0.0,0.0327522913489382,0.0164479457601755,-0.014443512731194,-0.0443021906239065,-0.014443512731194,-0.0443021906239065,25.473925823381265,8.54308839677947,7.152560771877611,0.0279650919899693,21.18927057144609,20.942506317339657,-1.5509852737421723,0.735581572774368,-1.435333389220447,0.7699850674193331,182790777946.40207,<slsim.Lenses.lens.Lens object at 0x7fad5e7f9850>,-20.378071018353666,-20.54434602851209,-20.93360118419368,-21.16949650703458,-21.20009563595668,-21.157392354196364,0.0176344786529327,-0.0395396151481572,-0.6803850198173552,0.607213949982045,21.73393180602057,23.219142048652703,0.0176344786529327,-0.0395396151481572,-0.6803850198173552,0.607213949982045,21.567656795862145,23.05286703849428,0.0176344786529327,-0.0395396151481572,-0.6803850198173552,0.607213949982045,21.178401640180564,22.6636118828127,0.0176344786529327,-0.0395396151481572,-0.6803850198173552,0.607213949982045,20.942506317339657,22.427716559971792,0.0176344786529327,-0.0395396151481572,-0.6803850198173552,0.607213949982045,20.911907188417555,22.39711743104969,0.0176344786529327,-0.0395396151481572,-0.6803850198173552,0.607213949982045,20.954610470177872,22.439820712810008,-11.630761858958754,-7.504244170722763,-7.321687449829106,-1.9108335568557129,0.0653437171854265,0.1039648268361119,0.5010376973947357,0.6622020905380592,0.6182404900229508,0.7983979246297299,0.1053917415501065,0.0856269671093261,0.4979497607040173,4.8070241698336655,4.309074409129648,2.1241178998607,-0.5367786866671648,-0.5317753915520614,1.817287789967201,,,,,,,,,,,,,,,,,,,,,,,,,,0.0327522913489382,0.4979497607040173,4.8070241698336655,0.4651974693550791,4.774271878484727,4.309074409129648,,,,,,,[-8.94456227 -0.52886367  3.48571662  8.48202542 12.11258685  3.78055856],"[[ 1.49022804  0.86553976  0.87202328 -0.58737136 -0.55235712  0.02776212]
 [ 0.86553976  1.56051489  0.83966903  0.64004657  0.0107384  -0.64902097]
 [ 0.87202328  0.83966903  2.18793209 -0.01909661  1.19483238  1.22203967]
 [-0.58737136  0.64004657 -0.01909661  1.29107667  0.58303639 -0.66211153]
 [-0.55235712  0.0107384   1.19483238  0.58303639  1.89313653  1.20963285]
 [ 0.02776212 -0.64902097  1.22203967 -0.66211153  1.20963285  2.00403844]]",0.5292065680557329,"[-1.07950560e+01  1.76880861e-02  7.57515038e+00  1.10272875e+01
  1.84462177e+01  7.38189829e+00]","[[ 2.42744823  1.43786866  1.59189637 -0.87214551 -0.70980752  0.15396579]
 [ 1.43786866  2.65875662  1.6354157   1.03828223  0.0999752  -0.99577083]
 [ 1.59189637  1.6354157   4.30450168 -0.08248934  2.37175138  2.53362326]
 [-0.87214551  1.03828223 -0.08248934  2.12522542  0.81176883 -1.11942829]
 [-0.70980752  0.0999752   2.37175138  0.81176883  3.49814859  2.26375625]
 [ 0.15396579 -0.99577083  2.53362326 -1.11942829  2.26375625  3.59522529]]",0.6975909135655209,"[-13.48546511  -2.13047132  -3.29634168  10.97747619  10.39886339
  -0.93258919]","[[ 5.42706299  3.05524042  3.23635713 -2.08790948 -1.9325909   0.14796386]
 [ 3.05524042  5.81437062  3.21074033  1.60478387 -0.12387232 -1.75359967]
 [ 3.23635713  3.21074033  8.87337249 -0.26845265  4.30642428  4.52450845]
 [-2.08790948  1.60478387 -0.26845265  4.04579101  1.86439227 -1.83606952]
 [-1.9325909  -0.12387232  4.30642428  1.86439227  6.68118425  4.31742676]
 [ 0.14796386 -1.75359967  4.52450845 -1.83606952  4.31742676  6.94963484]]",0.9951933389841366,"[  3.15139825  -5.06290107   1.39382349 -11.26807009  -1.93956043
   4.61689253]","[[ 30.41506505  10.78810168   6.43907129 -11.49560594 -15.89429995
   -5.22016221]
 [ 10.78810168  25.29043734   8.10954808   4.49418149  -2.74319594
   -9.89730819]
 [  6.43907129   8.10954808  41.60977638   1.69400406  19.81155191
   25.7491109 ]
 [-11.49560594   4.49418149   1.69400406  26.88536253  12.6417058
   -4.4959967 ]
 [-15.89429995  -2.74319594  19.81155191  12.6417058   48.83806546
   22.4896405 ]
 [ -5.22016221  -9.89730819  25.7491109   -4.4959967   22.4896405
   52.40585598]]",2.402815281772485,"['u', 'g', 'r', 'i', 'z', 'y']","['r', 'i', 'z', 'y']",[-9.98226436 -0.846455    3.6357812   9.19264402 13.42425356  4.29815248],"[[ 0.76413866  0.44298794  0.45959512 -0.29528492 -0.27017922  0.02107887]
 [ 0.44298794  0.79454592  0.45049267  0.31016356  0.00585086 -0.31900008]
 [ 0.45959512  0.45049267  1.19101361 -0.01664723  0.65158655  0.68271199]
 [-0.29528492  0.31016356 -0.01664723  0.64718939  0.28500164 -0.32713466]
 [-0.27017922  0.00585086  0.65158655  0.28500164  1.00668592  0.64925782]
 [ 0.02107887 -0.31900008  0.68271199 -0.32713466  0.64925782  1.04653653]]",0.380668708759207,0.5010376973947357,0.6622020905380592,0.0653437171854265,0.1039648268361119,0.6182404900229508,0.7983979246297299,0.4979497607040173,4.8070241698336655
137,deblcdouble465,06112026,8.36760095208342,0.7907179387513147,0.4023101140885796,0.9306585556338356,24.12800669422468,0.2410137610112236,0.4593877878594969,0.0254471853636417,0.0745297138049003,2,-0.8255542331546121,1.9684633396951028,0.4259120573079386,0.7961113886714283,2.048588565116962,0.0,5.767046574368736,21.04836421624893,20.791538351244416,20.41075392582609,20.09154030981627,19.809618154190723,19.79176960094272,GAL-QSO-LENS_0.0053_-0.0114,0.3885241033920093,2.2577734319334257,0.0053064538157227,-0.0114327637983742,0.1257828351403089,-0.0654087897391818,-0.0029335478002828,-0.0046046600023752,0.0,0.0,0.007258132592814,21.04836421624893,24.91124026639765,0.2172480598800019,4.0,0.0748719651999192,0.0179989864362848,0.0053064538157227,-0.0114327637983742,0.0031746915777214,0.1025562305293939,0.481305669579509,-0.3031420140672241,20.038919327724088,19.881942017872458,27.61931178778567,0.2284998330434658,1.0,-0.0502609216504544,0.0608910948140016,-0.0050439840515332,0.1036344633700821,20.791538351244416,23.038034418829984,0.2172480598800019,4.0,0.0748719651999192,0.0179989864362848,0.0053064538157227,-0.0114327637983742,0.0031746915777214,0.1025562305293939,0.481305669579509,-0.3031420140672241,19.78209346271957,19.62511615286794,27.457404663983795,0.2284998330434658,1.0,-0.0502609216504544,0.0608910948140016,-0.0050439840515332,0.1036344633700821,20.41075392582609,21.48284336251201,0.2172480598800019,4.0,0.0748719651999192,0.0179989864362848,0.0053064538157227,-0.0114327637983742,0.0031746915777214,0.1025562305293939,0.481305669579509,-0.3031420140672241,19.40130903730124,19.24433172744961,27.17949138893261,0.2284998330434658,1.0,-0.0502609216504544,0.0608910948140016,-0.0050439840515332,0.1036344633700821,20.09154030981627,20.84335922425616,0.2172480598800019,4.0,0.0748719651999192,0.0179989864362848,0.0053064538157227,-0.0114327637983742,0.0031746915777214,0.1025562305293939,0.481305669579509,-0.3031420140672241,19.082095421291424,18.9251181114398,26.91722285923672,0.2284998330434658,1.0,-0.0502609216504544,0.0608910948140016,-0.0050439840515332,0.1036344633700821,19.809618154190723,20.50072990943975,0.2172480598800019,4.0,0.0748719651999192,0.0179989864362848,0.0053064538157227,-0.0114327637983742,0.0031746915777214,0.1025562305293939,0.481305669579509,-0.3031420140672241,18.80017326566588,18.64319595581425,26.15615701464621,0.2284998330434658,1.0,-0.0502609216504544,0.0608910948140016,-0.0050439840515332,0.1036344633700821,19.79176960094272,20.31219471989007,0.2172480598800019,4.0,0.0748719651999192,0.0179989864362848,0.0053064538157227,-0.0114327637983742,0.0031746915777214,0.1025562305293939,0.481305669579509,-0.3031420140672241,18.782324712417875,18.625347402566245,25.36291206944543,0.2284998330434658,1.0,-0.0502609216504544,0.0608910948140016,-0.0050439840515332,0.1036344633700821,138.4413987910407,2.048588565116962,-11.012986777605128,2.5338328099343728,-5.245940203236392,-2.927985214657862,2.0,0.0254471853636417,0.0745297138049003,0.2410137610112236,0.4593877878594969,0.4259120573079386,0.7961113886714283,-0.0168823737256564,0.6125303380030528,0.0,5.767046574368736,0.0054597249412418,-0.0050439840515332,0.1036344633700821,-0.0050439840515332,0.1036344633700821,26.91722285923672,3.739970513627096,8.36760095208342,0.0007844191910576,18.9251181114398,18.9251181114398,-0.2397650136919853,0.7516614110884854,0.1179601033216098,0.85700154020052,57932150674.69807,<slsim.Lenses.lens.Lens object at 0x7fe6842b4090>,-24.138468696564203,-24.39529456156872,-24.77607898698705,-25.095292602996867,-25.37721475862241,-25.395063311870416,,,,,,,,,,,,,,,,,,,,,,,,,,,,,,,,,,,,,,,,,,,,,,,,,,,5.767046574368736,,,-0.8255542331546121,1.9684633396951028,,,,,,,,,,,,,,,,,,,,,,,,,,5.767046574368736,,,,,,,,,9.727482620057994,20.033901928799256,4.475924700975124,5.675159134428923,2.3926633742059447,1.546823640304849,8.142834936215156,1.907798699200476,1.3812308638314148,7.276013217715,3.801633164685836,1.9497777218662224,4.954755102745871,7.6736855999516,2.770141801415877,"['u', 'g', 'r', 'i', 'z', 'y']","['g', 'r', 'i', 'z', 'y']",[6.99100882],[[0.72182137]],0.8496007097266848,,,,,,,,
138,deblcdouble467,06112026,6.920187154443118,1.0238028627347489,0.3083207437618395,0.6211805817173639,70.80790929745652,0.2757128995193986,0.7378072552256756,0.0160856562498581,0.1431876798879142,2,-0.5122247986402952,2.1494967540197942,0.2058792634896234,0.6136489658899874,2.534372892835014,0.0,9.861185543316905,26.13920374035302,25.24282209068829,24.90204187508492,24.74552945089092,24.419455210789817,24.17796151717876,GAL-QSO-LENS_-0.0524_-0.0016,0.4708266733674122,1.945051923520012,-0.0523776038325487,-0.0016125536433483,-0.1621141252685448,-0.1637618060125939,0.0148708413922933,0.0225821171116433,0.0,0.0,0.0054197640039376,26.13920374035302,23.158925169613475,0.3222302290869363,4.0,-0.0305854187502502,-0.1164562048608407,-0.0523776038325487,-0.0016125536433483,0.6171347258635087,-0.2503239726533854,0.3524382118513081,-0.1913335308047838,25.34728421317812,24.85994588818785,26.72141641250441,0.0957254283002765,1.0,0.4042437576556908,0.4629499865684988,0.1354486897790883,0.1118846045598579,25.24282209068829,21.60388569814864,0.3222302290869363,4.0,-0.0305854187502502,-0.1164562048608407,-0.0523776038325487,-0.0016125536433483,0.6171347258635087,-0.2503239726533854,0.3524382118513081,-0.1913335308047838,24.45090256351338,23.96356423852312,26.3812452137204,0.0957254283002765,1.0,0.4042437576556908,0.4629499865684988,0.1354486897790883,0.1118846045598579,24.90204187508492,20.30217624443121,0.3222302290869363,4.0,-0.0305854187502502,-0.1164562048608407,-0.0523776038325487,-0.0016125536433483,0.6171347258635087,-0.2503239726533854,0.3524382118513081,-0.1913335308047838,24.110122347910018,23.62278402291976,26.230111718310297,0.0957254283002765,1.0,0.4042437576556908,0.4629499865684988,0.1354486897790883,0.1118846045598579,24.74552945089092,19.78105305868037,0.3222302290869363,4.0,-0.0305854187502502,-0.1164562048608407,-0.0523776038325487,-0.0016125536433483,0.6171347258635087,-0.2503239726533854,0.3524382118513081,-0.1913335308047838,23.95360992371601,23.466271598725747,26.048920233712707,0.0957254283002765,1.0,0.4042437576556908,0.4629499865684988,0.1354486897790883,0.1118846045598579,24.419455210789817,19.50122341514522,0.3222302290869363,4.0,-0.0305854187502502,-0.1164562048608407,-0.0523776038325487,-0.0016125536433483,0.6171347258635087,-0.2503239726533854,0.3524382118513081,-0.1913335308047838,23.627535683614912,23.14019735862465,26.01026858196276,0.0957254283002765,1.0,0.4042437576556908,0.4629499865684988,0.1354486897790883,0.1118846045598579,24.17796151717876,19.32052328561885,0.3222302290869363,4.0,-0.0305854187502502,-0.1164562048608407,-0.0523776038325487,-0.0016125536433483,0.6171347258635087,-0.2503239726533854,0.3524382118513081,-0.1913335308047838,23.386041990003857,22.8987036650136,25.84176521242894,0.0957254283002765,1.0,0.4042437576556908,0.4629499865684988,0.1354486897790883,0.1118846045598579,143.642147787205,2.534372892835014,-10.10495390347347,2.0738044920785774,-0.2437683601565653,-3.248651620317422,2.0,0.0160856562498581,0.1431876798879142,0.2757128995193986,0.7378072552256756,0.2058792634896234,0.6136489658899874,-2.166422374977629,-1.5760990154101129,0.0,9.861185543316903,0.0270387488053482,0.1354486897790883,0.1118846045598579,0.1354486897790883,0.1118846045598579,26.048920233712707,6.275048021793931,6.920187154443118,-0.8791953725445826,23.466271598725747,23.466271598725747,-1.175569186799664,0.6254453373592879,-0.9138152477997432,0.7850677899717081,71065129553.62282,<slsim.Lenses.lens.Lens object at 0x7fe6b1b39850>,-19.64065198523686,-20.5370336349016,-20.87781385050496,-21.03432627469897,-21.360400514800062,-21.60189420841112,,,,,,,,,,,,,,,,,,,,,,,,,,,,,,,,,,,,,,,,,,,,,,,,,,,9.861185543316903,,,-0.5122247986402952,2.1494967540197942,,,,,,,,,,,,,,,,,,,,,,,,,,9.861185543316905,,,,,,,,,12.813569872535183,31.094086872667365,5.576207212135087,20.705816837608776,36.063671562851454,6.005303619539269,15.556852954308015,20.46932898664507,4.5243042544290795,21.81004706459576,39.7403287944788,6.303993083314638,,,,"['g', 'r', 'i', 'z', 'y']","['g', 'r', 'i', 'z']",[17.13930756],[[7.46791825]],2.7327492108383997,,,,,,,,
139,deblcquad169,06112026,7.975919945516394,0.4229145412935299,0.2996458704771064,0.6701926027069901,51.99271128027686,0.2991332207923478,0.3307228733759288,0.047934637272167,0.0573512848030851,4,-0.4692427811085547,2.001772104321236,0.3843167334780877,0.4374525976380258,3.658857710403452,0.0,0.531232885690013,26.32563373222965,23.97833325656425,22.95702449704053,22.77990236701332,22.680088980872867,22.742422881553946,GAL-QSO-LENS_-0.0044_0.0514,0.3544701050206587,2.1092092578179225,-0.0043567796902807,0.0514033317728391,-0.1157133016778273,0.1269232752345734,-0.0112668702332079,-0.061820957527559,0.0,0.0,-0.0386363290723882,26.32563373222965,23.83246442990032,0.2960956678025853,4.0,-0.0225051990029392,0.0120896025815196,-0.0043567796902807,0.0514033317728391,0.3031942503032482,-0.3113956168378008,-0.1850232247863648,0.22711014810223,25.16549765085923,24.848636133085265,27.777612490424428,0.3222229596367688,1.0,-0.0034437410739607,-0.063719760905509,0.0098077769352471,0.0374361923706243,23.97833325656425,22.55049552922801,0.2960956678025853,4.0,-0.0225051990029392,0.0120896025815196,-0.0043567796902807,0.0514033317728391,0.3031942503032482,-0.3113956168378008,-0.1850232247863648,0.22711014810223,22.818197175193827,22.50133565741986,25.18590783185328,0.3222229596367688,1.0,-0.0034437410739607,-0.063719760905509,0.0098077769352471,0.0374361923706243,22.95702449704053,21.32216455553236,0.2960956678025853,4.0,-0.0225051990029392,0.0120896025815196,-0.0043567796902807,0.0514033317728391,0.3031942503032482,-0.3113956168378008,-0.1850232247863648,0.22711014810223,21.796888415670107,21.480026897896145,24.720054316700963,0.3222229596367688,1.0,-0.0034437410739607,-0.063719760905509,0.0098077769352471,0.0374361923706243,22.77990236701332,20.81972550204669,0.2960956678025853,4.0,-0.0225051990029392,0.0120896025815196,-0.0043567796902807,0.0514033317728391,0.3031942503032482,-0.3113956168378008,-0.1850232247863648,0.22711014810223,21.619766285642896,21.30290476786893,24.7243561838817,0.3222229596367688,1.0,-0.0034437410739607,-0.063719760905509,0.0098077769352471,0.0374361923706243,22.680088980872867,20.550203424972565,0.2960956678025853,4.0,-0.0225051990029392,0.0120896025815196,-0.0043567796902807,0.0514033317728391,0.3031942503032482,-0.3113956168378008,-0.1850232247863648,0.22711014810223,21.51995289950244,21.20309138172848,24.60254454747781,0.3222229596367688,1.0,-0.0034437410739607,-0.063719760905509,0.0098077769352471,0.0374361923706243,22.742422881553946,20.369465477506232,0.2960956678025853,4.0,-0.0225051990029392,0.0120896025815196,-0.0043567796902807,0.0514033317728391,0.3031942503032482,-0.3113956168378008,-0.1850232247863648,0.22711014810223,21.58228680018352,21.265425282409552,24.51064535181651,0.3222229596367688,1.0,-0.0034437410739607,-0.063719760905509,0.0098077769352471,0.0374361923706243,121.86440612171349,3.658857710403452,-3.669403499656613,2.9110819573305124,-3.1381706139666,3.897615912287559,4.0,0.047934637272167,0.0573512848030851,0.2991332207923478,0.3307228733759288,0.3843167334780877,0.4374525976380258,1.9119773209492603,2.2009240718093617,0.0,0.531232885690013,0.0628392644329658,0.0098077769352471,0.0374361923706243,0.0098077769352471,0.0374361923706243,24.7243561838817,2.9894997697146377,7.975919945516394,0.8943204521890712,21.30290476786893,21.72528837625792,1.1550133226439934,0.7068443903443106,1.3243181721043495,0.9501790333483122,25509670382.73944,<slsim.Lenses.lens.Lens object at 0x7fad5e57e0d0>,-20.205736725814337,-22.55303720147974,-23.57434596100346,-23.75146809103067,-23.851281477171124,-23.78894757649005,-0.2136649050785513,0.1173668308169707,-0.1843572469809616,0.3334913871278274,25.27101974147425,25.48981218396405,-0.2136649050785513,0.1173668308169707,-0.1843572469809616,0.3334913871278274,22.92371926580885,23.14251170829865,-0.2136649050785513,0.1173668308169707,-0.1843572469809616,0.3334913871278274,21.902410506285133,22.121202948774933,-0.2136649050785513,0.1173668308169707,-0.1843572469809616,0.3334913871278274,21.72528837625792,21.94408081874772,-0.2136649050785513,0.1173668308169707,-0.1843572469809616,0.3334913871278274,21.625474990117468,21.844267432607268,-0.2136649050785513,0.1173668308169707,-0.1843572469809616,0.3334913871278274,21.687808890798543,21.906601333288343,-2.729469711330545,-2.641469474918648,-2.557600675915278,-2.159377735934026,0.0773794653372539,0.0829161818093619,0.5465272902493269,0.5940579171470753,0.7643393578313382,0.7923921685710886,-1.4872783687693962,-0.8783304811363883,0.939933788326068,1.111802823741335,0.531232885690013,1.985354063211466,-0.5210574602585353,-0.4640815261779759,2.129307766637766,,,,,,,,,,,,,,,,,,,,,,,,,,0.531232885690013,0.9399337883260679,1.111802823741335,0.40870090263605485,0.5805699380513221,0.1718690354152672,,,,,,,[ 2.44783685  2.27111172  7.96449249 -0.04116332  6.90553429  5.27785182],"[[19.76264444  8.54536401  8.23741409 -8.32699192 -8.43280128 -0.13598917]
 [ 8.54536401 16.80946217  8.90504985  7.29484138  0.68059621 -6.01252132]
 [ 8.23741409  8.90504985 25.97778593  1.12064816 15.53009746 13.73801277]
 [-8.32699192  7.29484138  1.12064816 17.82701136  9.52363612 -6.3463508 ]
 [-8.43280128  0.68059621 15.53009746  9.52363612 27.60756492 13.98086341]
 [-0.13598917 -6.01252132 13.73801277 -6.3463508  13.98086341 22.68371147]]",1.873216478974411,[ 1.66115241 -4.9892958   6.22834137 -6.24840475  4.15905329  9.92323269],"[[ 6.47195487e+00  3.48355465e+00  3.32938321e+00 -2.77863726e+00
  -2.92513080e+00 -1.17684200e-01]
 [ 3.48355465e+00  6.52795202e+00  3.40513964e+00  2.87242291e+00
  -6.52051836e-02 -2.84537721e+00]
 [ 3.32938321e+00  3.40513964e+00  8.93759650e+00 -6.09513142e-03
   4.95246535e+00  4.67582477e+00]
 [-2.77863726e+00  2.87242291e+00 -6.09513142e-03  5.99878097e+00
   2.87465804e+00 -2.84297927e+00]
 [-2.92513080e+00 -6.52051836e-02  4.95246535e+00  2.87465804e+00
   8.80644598e+00  4.98115375e+00]
 [-1.17684200e-01 -2.84537721e+00  4.67582477e+00 -2.84297927e+00
   4.98115375e+00  8.28504857e+00]]",1.10395169046405,[-5.23075084 -2.43043314  2.46276928  2.22124269  6.09288649  3.16298782],"[[ 9.24332733  4.24167648  4.44134464 -4.40974748 -3.79792598  0.25318161]
 [ 4.24167648  7.89827896  3.61432957  3.17803428 -0.23255492 -3.23185079]
 [ 4.44134464  3.61432957 16.10217773 -0.65925654  9.74294874 10.16192905]
 [-4.40974748  3.17803428 -0.65925654  7.93548978  3.63874753 -3.52961184]
 [-3.79792598 -0.23255492  9.74294874  3.63874753 16.60582685  9.8285666 ]
 [ 0.25318161 -3.23185079 10.16192905 -3.52961184  9.8285666  15.65701596]]",1.3520866867697403,,,,"['g', 'r', 'i', 'z', 'y']","['r', 'i', 'z']",[-0.41908257 -2.73810661  5.51250443 -2.20668255  5.49369081  6.95702357],"[[ 3.15395107  1.56605684  1.54130841 -1.4269938  -1.40968466  0.00778659]
 [ 1.56605684  2.93029283  1.49850068  1.25022564 -0.02359669 -1.21839902]
 [ 1.54130841  1.49850068  4.64989889 -0.05151032  2.7167684   2.63095979]
 [-1.4269938   1.25022564 -0.05151032  2.84622401  1.39797003 -1.26787726]
 [-1.40968466 -0.02359669  2.7167684   1.39797003  4.70899989  2.70250448]
 [ 0.00778659 -1.21839902  2.63095979 -1.26787726  2.70250448  4.3200026 ]]",0.7741553947127119,0.5465272902493269,0.5940579171470753,0.0773794653372539,0.0829161818093619,0.7643393578313382,0.7923921685710886,0.9399337883260679,1.111802823741335
140,deblcdouble483,06112026,7.758484893771907,0.8162394901224856,0.618550816411205,0.9863835336513548,46.25523764334876,0.3892457051959567,0.6295461733772363,0.0604046469313744,0.1241580663128121,2,-0.7236788685046949,1.9314421235793588,0.4459933206338566,0.7911582499793838,1.837401989615448,0.0,7.868040979566169,24.03209493341273,23.021825803185457,22.0955540879852,21.22122029220856,20.86361683037161,20.60427378823086,GAL-QSO-LENS_0.0398_0.0021,0.4377327473466976,2.131474654888344,0.0398308999868105,0.0020603695562074,0.1100929529624039,0.0024802239551368,-0.017009670048396,-0.0386324394397919,0.0,0.0,0.0196495958975692,24.03209493341273,25.087064359710205,0.4539830019094665,4.0,0.1361859592618302,-0.0589313981418042,0.0398308999868105,0.0020603695562074,-0.3632989958408385,0.400581900537287,0.316380731324501,0.0287474902274978,22.134159002476096,23.254690425340907,24.62767585501584,0.4231423535375802,1.0,0.4399853301947054,-0.0649438456739702,-0.0322682356714722,0.0071035279316704,23.021825803185457,23.746338513591787,0.4539830019094665,4.0,0.1361859592618302,-0.0589313981418042,0.0398308999868105,0.0020603695562074,-0.3632989958408385,0.400581900537287,0.316380731324501,0.0287474902274978,21.123889872248824,22.24442129511364,24.63254926377252,0.4231423535375802,1.0,0.4399853301947054,-0.0649438456739702,-0.0322682356714722,0.0071035279316704,22.0955540879852,22.357819024573807,0.4539830019094665,4.0,0.1361859592618302,-0.0589313981418042,0.0398308999868105,0.0020603695562074,-0.3632989958408385,0.400581900537287,0.316380731324501,0.0287474902274978,20.197618157048566,21.31814957991337,24.539011410733483,0.4231423535375802,1.0,0.4399853301947054,-0.0649438456739702,-0.0322682356714722,0.0071035279316704,21.22122029220856,21.250782115366896,0.4539830019094665,4.0,0.1361859592618302,-0.0589313981418042,0.0398308999868105,0.0020603695562074,-0.3632989958408385,0.400581900537287,0.316380731324501,0.0287474902274978,19.323284361271924,20.44381578413673,24.56214380175165,0.4231423535375802,1.0,0.4399853301947054,-0.0649438456739702,-0.0322682356714722,0.0071035279316704,20.86361683037161,20.857255451982205,0.4539830019094665,4.0,0.1361859592618302,-0.0589313981418042,0.0398308999868105,0.0020603695562074,-0.3632989958408385,0.400581900537287,0.316380731324501,0.0287474902274978,18.965680899434982,20.0862123222998,24.454735380500924,0.4231423535375802,1.0,0.4399853301947054,-0.0649438456739702,-0.0322682356714722,0.0071035279316704,20.60427378823086,20.56398724036185,0.4539830019094665,4.0,0.1361859592618302,-0.0589313981418042,0.0398308999868105,0.0020603695562074,-0.3632989958408385,0.400581900537287,0.316380731324501,0.0287474902274978,18.706337857294223,19.82686928015904,24.337386841660337,0.4231423535375802,1.0,0.4399853301947054,-0.0649438456739702,-0.0322682356714722,0.0071035279316704,167.4239986688141,1.837401989615448,-18.02529491493105,5.743470204003507,-10.15725393536488,-2.046264657140324,2.0,0.0604046469313744,0.1241580663128121,0.3892457051959567,0.6295461733772363,0.4459933206338566,0.7911582499793838,1.858945492276404,-2.946904877579718,0.0,7.868040979566169,0.0422113047917793,-0.0322682356714722,0.0071035279316704,-0.0322682356714722,0.0071035279316704,24.56214380175165,3.2176980436345533,7.758484893771907,-0.1366158008773859,20.44381578413673,20.44381578413673,0.0112623216069538,0.8016055936056603,-0.2041987943534866,0.7415689727880964,139387898229.6933,<slsim.Lenses.lens.Lens object at 0x7fe6841cfa90>,-20.81663665611101,-21.826905786338283,-22.75317750153854,-23.627511297315184,-23.985114759152125,-24.24445780129288,,,,,,,,,,,,,,,,,,,,,,,,,,,,,,,,,,,,,,,,,,,,,,,,,,,7.868040979566169,,,-0.7236788685046949,1.9314421235793588,,,,,,,,,,,,,,,,,,,,,,,,,,7.868040979566169,,,,,,,,,,,,13.977116002042658,18.345145358380893,4.2831233181384,14.088332673637744,6.233834547221123,2.4967648161613307,9.0402365295819,20.202706819604284,4.494742130490278,17.562317564125806,46.21678100178512,6.798292506341951,"['u', 'g', 'r', 'i', 'z', 'y']","['r', 'i', 'z', 'y']",[13.45641247],[[3.49576128]],1.8696955058484994,,,,,,,,
141,deblcdouble543,06112026,6.861510574882933,0.9953278130736714,0.2070377018442125,0.3612221746659227,8.872922828898327,0.5561155916449043,0.8402526377108561,0.0362990660716192,0.1187210717057032,2,-0.5068979832749062,1.9310573729260727,0.2871450515322852,0.472061069842133,1.5131616920776707,0.0,2.75777644849846,24.655213498116986,24.539404224690283,24.29568632586708,24.058958151101088,24.068476773156085,24.12103696794185,GAL-QSO-LENS_0.0246_0.0341,0.4881433950581478,1.7319963532215317,0.0246002659975283,0.0340976118517916,-0.0341999121546432,0.0686970868030791,-0.0007501805421224,0.0058389122539851,0.0,0.0,0.0524225061832492,24.655213498116986,21.66446838328685,0.2995907446563287,4.0,-0.1074875638526261,-0.0119043261127923,0.0246002659975283,0.0340976118517916,-0.2296909550843742,-0.020839800379277,0.63013506407363,-0.3430343202867519,22.30299584646093,22.893154657345416,25.69157526486964,0.1555907743938616,1.0,-0.1022030213248982,-0.0646293679561314,0.0143695641555375,0.1193694214311816,24.539404224690283,20.081946346511216,0.2995907446563287,4.0,-0.1074875638526261,-0.0119043261127923,0.0246002659975283,0.0340976118517916,-0.2296909550843742,-0.020839800379277,0.63013506407363,-0.3430343202867519,22.18718657303424,22.77734538391872,25.507212674422377,0.1555907743938616,1.0,-0.1022030213248982,-0.0646293679561314,0.0143695641555375,0.1193694214311816,24.29568632586708,19.05020861374536,0.2995907446563287,4.0,-0.1074875638526261,-0.0119043261127923,0.0246002659975283,0.0340976118517916,-0.2296909550843742,-0.020839800379277,0.63013506407363,-0.3430343202867519,21.94346867421103,22.533627485095508,25.36376309335585,0.1555907743938616,1.0,-0.1022030213248982,-0.0646293679561314,0.0143695641555375,0.1193694214311816,24.058958151101088,18.609924698739107,0.2995907446563287,4.0,-0.1074875638526261,-0.0119043261127923,0.0246002659975283,0.0340976118517916,-0.2296909550843742,-0.020839800379277,0.63013506407363,-0.3430343202867519,21.706740499445043,22.29689931032952,25.109445731815065,0.1555907743938616,1.0,-0.1022030213248982,-0.0646293679561314,0.0143695641555375,0.1193694214311816,24.068476773156085,18.399472453754143,0.2995907446563287,4.0,-0.1074875638526261,-0.0119043261127923,0.0246002659975283,0.0340976118517916,-0.2296909550843742,-0.020839800379277,0.63013506407363,-0.3430343202867519,21.71625912150004,22.30641793238452,24.955187554647186,0.1555907743938616,1.0,-0.1022030213248982,-0.0646293679561314,0.0143695641555375,0.1193694214311816,24.12103696794185,18.224392214898764,0.2995907446563287,4.0,-0.1074875638526261,-0.0119043261127923,0.0246002659975283,0.0340976118517916,-0.2296909550843742,-0.020839800379277,0.63013506407363,-0.3430343202867519,21.76881931628581,22.35897812717029,24.580148153443417,0.1555907743938616,1.0,-0.1022030213248982,-0.0646293679561314,0.0143695641555375,0.1193694214311816,144.76425742024736,1.5131616920776707,-3.602559217264931,8.7274437957374,-0.8447827687664708,-5.067847483048163,2.0,0.0362990660716192,0.1187210717057032,0.5561155916449043,0.8402526377108561,0.2871450515322852,0.472061069842133,0.7804940627590018,-0.2598981835767556,0.0,2.75777644849846,0.0058869064164056,0.0143695641555375,0.1193694214311816,0.0143695641555375,0.1193694214311816,25.109445731815065,12.34829231941968,6.861510574882933,-0.9606881691116058,22.29689931032952,22.29689931032952,1.016355789453801,0.857459792625508,-1.5156457165796904,0.8048183505672646,73563312583.41713,<slsim.Lenses.lens.Lens object at 0x7fe6142f9410>,-19.702301829144524,-19.818111102571223,-20.061829001394432,-20.29855717616042,-20.28903855410542,-20.23647835931965,,,,,,,,,,,,,,,,,,,,,,,,,,,,,,,,,,,,,,,,,,,,,,,,,,,2.75777644849846,,,-0.5068979832749062,1.9310573729260727,,,,,,,,,,,,,,,,,,,,,,,,,,2.75777644849846,,,,,,,,,,,,6.269704070086365,6.132122057076472,2.4763121889367,2.0869522684871713,15.516855761650776,3.9391440392109014,1.6427087420777142,6.751200841946742,2.5983073032162194,,,,"['u', 'g', 'r', 'i', 'z', 'y']","['r', 'i', 'z']",[3.72761135],[[2.66209831]],1.6315937955477993,,,,,,,,
142,deblcdouble451,06112026,7.486178655554211,0.9016732106855152,0.8163788493575754,0.1076539613944148,43.135167965230906,0.4714899257161566,0.5927185951790024,0.0632329528412698,0.0921416398345017,2,-0.2629205694791374,2.1467339287601344,0.5062696171105278,0.6357864719601548,1.9968350090192268,0.0,7.8253748901072875,25.109936765601493,25.03444923021328,24.839913112623098,24.56275390248561,24.34252387010716,24.34698923465811,GAL-QSO-LENS_-0.0444_-0.0047,0.4644806930265123,2.0384374009624766,-0.0444123304045682,-0.0046648500929715,-0.0584941255184067,0.0374899615543702,-0.0,-0.0,0.0,0.0,0.0,25.109936765601493,23.620404450714563,0.8103240837506596,4.0,-0.0805448675838703,0.0344348219016135,-0.0444123304045682,-0.0046648500929715,0.2205099435701676,-0.1672503346644075,0.4213257570748612,-0.3927114321808696,21.0149157830663,23.55295778002282,26.19702095710189,0.3354942637164709,1.0,-0.1171666517986637,-0.0317972207317402,-0.0287084315579401,0.0417955129159432,25.03444923021328,23.314535557257063,0.8103240837506596,4.0,-0.0805448675838703,0.0344348219016135,-0.0444123304045682,-0.0046648500929715,0.2205099435701676,-0.1672503346644075,0.4213257570748612,-0.3927114321808696,20.939428247678087,23.47747024463461,26.07119563436144,0.3354942637164709,1.0,-0.1171666517986637,-0.0317972207317402,-0.0287084315579401,0.0417955129159432,24.839913112623098,22.354957539087824,0.8103240837506596,4.0,-0.0805448675838703,0.0344348219016135,-0.0444123304045682,-0.0046648500929715,0.2205099435701676,-0.1672503346644075,0.4213257570748612,-0.3927114321808696,20.744892130087905,23.282934127044424,25.871878801317514,0.3354942637164709,1.0,-0.1171666517986637,-0.0317972207317402,-0.0287084315579401,0.0417955129159432,24.56275390248561,21.32626618821376,0.8103240837506596,4.0,-0.0805448675838703,0.0344348219016135,-0.0444123304045682,-0.0046648500929715,0.2205099435701676,-0.1672503346644075,0.4213257570748612,-0.3927114321808696,20.46773291995042,23.005774916906937,25.82803146750381,0.3354942637164709,1.0,-0.1171666517986637,-0.0317972207317402,-0.0287084315579401,0.0417955129159432,24.34252387010716,20.79392718070636,0.8103240837506596,4.0,-0.0805448675838703,0.0344348219016135,-0.0444123304045682,-0.0046648500929715,0.2205099435701676,-0.1672503346644075,0.4213257570748612,-0.3927114321808696,20.24750288757197,22.785544884528484,25.58840106647719,0.3354942637164709,1.0,-0.1171666517986637,-0.0317972207317402,-0.0287084315579401,0.0417955129159432,24.34698923465811,20.620595466670675,0.8103240837506596,4.0,-0.0805448675838703,0.0344348219016135,-0.0444123304045682,-0.0046648500929715,0.2205099435701676,-0.1672503346644075,0.4213257570748612,-0.3927114321808696,20.25196825212292,22.79001024907944,25.34137189907144,0.3354942637164709,1.0,-0.1171666517986637,-0.0317972207317402,-0.0287084315579401,0.0417955129159432,188.6107746267152,1.9968350090192268,-23.424662015789604,43.45186214361442,-15.599287125682316,-4.195576017238847,2.0,0.0632329528412698,0.0921416398345017,0.4714899257161566,0.5927185951790024,0.5062696171105278,0.6357864719601548,-1.1144247830543097,-0.6132904036005999,0.0,7.825374890107287,0.0,-0.0287084315579401,0.0417955129159432,-0.0287084315579401,0.0417955129159432,25.82803146750381,4.243874206693056,7.486178655554211,0.9331007433999876,23.005774916906937,23.005774916906937,1.2858140995782688,0.8700728615509296,1.3687932704583108,0.8389164538211697,209899012232.3548,<slsim.Lenses.lens.Lens object at 0x7fe6d01a03d0>,-20.002734104832733,-20.078221640220946,-20.272757757811128,-20.54991696794861,-20.770147000327068,-20.765681635776115,,,,,,,,,,,,,,,,,,,,,,,,,,,,,,,,,,,,,,,,,,,,,,,,,,,7.825374890107287,,,-0.2629205694791374,2.1467339287601344,,,,,,,,,,,,,,,,,,,,,,,,,,7.8253748901072875,,,,,,,,,17.318049836414165,10.878844300071368,3.298309309338857,14.567865965195814,20.78220472663135,4.558750347039345,14.57996159381767,12.973699296156353,3.601902177482941,14.385133379823676,15.347608814784074,3.917602431945344,,,,"['u', 'g', 'r', 'i', 'z', 'y']","['g', 'r', 'i', 'z']",[15.42457256],[[3.54263998]],1.882190209118976,,,,,,,,
143,deblcdouble546,06112026,7.913961854629488,1.5876319440513718,0.0800232641801518,0.6423013990237083,30.464232344914283,0.2656403948757523,0.7471722534856505,0.0317291126088674,0.1452323395317698,2,-0.5518705679303065,2.115650363064962,0.3145682063423776,0.9045561743043276,4.455152359087295,0.0,5.909250065116136,30.030026145042456,26.566122784378447,24.35216207509696,23.582630132005903,23.16179107958345,23.079506652215425,GAL-QSO-LENS_-0.0240_-0.0194,0.7711875926929906,2.084269922528464,-0.0240299556144952,-0.019444973213878,0.1314187296318136,0.0116498199698235,-0.010958537863627,0.0194551526863841,0.0,0.0,0.0064671693606449,30.030026145042456,18.406199350848503,1.6052790335970522,4.0,0.0683744572942508,0.0050177116406739,-0.0240299556144952,-0.019444973213878,-0.2733446186627328,0.191791743053056,1.1018015903497778,-0.4161652586894682,29.139473986268747,29.723886418743422,29.250441161161067,0.2497932984241327,1.0,0.1143490960467123,0.2955274536602491,-0.1482845435510136,0.3334314660334647,26.566122784378447,16.860795821523823,1.6052790335970522,4.0,0.0683744572942508,0.0050177116406739,-0.0240299556144952,-0.019444973213878,-0.2733446186627328,0.191791743053056,1.1018015903497778,-0.4161652586894682,25.675570625604745,26.259983058079417,27.44318067196883,0.2497932984241327,1.0,0.1143490960467123,0.2955274536602491,-0.1482845435510136,0.3334314660334647,24.35216207509696,16.08233036581713,1.6052790335970522,4.0,0.0683744572942508,0.0050177116406739,-0.0240299556144952,-0.019444973213878,-0.2733446186627328,0.191791743053056,1.1018015903497778,-0.4161652586894682,23.461609916323248,24.046022348797926,26.03577925608447,0.2497932984241327,1.0,0.1143490960467123,0.2955274536602491,-0.1482845435510136,0.3334314660334647,23.582630132005903,15.711522851850916,1.6052790335970522,4.0,0.0683744572942508,0.0050177116406739,-0.0240299556144952,-0.019444973213878,-0.2733446186627328,0.191791743053056,1.1018015903497778,-0.4161652586894682,22.692077973232195,23.27649040570688,25.8297612017036,0.2497932984241327,1.0,0.1143490960467123,0.2955274536602491,-0.1482845435510136,0.3334314660334647,23.16179107958345,15.47897098532642,1.6052790335970522,4.0,0.0683744572942508,0.0050177116406739,-0.0240299556144952,-0.019444973213878,-0.2733446186627328,0.191791743053056,1.1018015903497778,-0.4161652586894682,22.27123892080975,22.855651353284426,25.95571196645412,0.2497932984241327,1.0,0.1143490960467123,0.2955274536602491,-0.1482845435510136,0.3334314660334647,23.079506652215425,15.334612741366293,1.6052790335970522,4.0,0.0683744572942508,0.0050177116406739,-0.0240299556144952,-0.019444973213878,-0.2733446186627328,0.191791743053056,1.1018015903497778,-0.4161652586894682,22.18895449344172,22.773366925916395,25.78956782037935,0.2497932984241327,1.0,0.1143490960467123,0.2955274536602491,-0.1482845435510136,0.3334314660334647,167.33859963710628,4.455152359087295,-6.566114615333744,2.27101950117658,-0.6568645502176081,-1.325732461801958,2.0,0.0317291126088674,0.1452323395317698,0.2656403948757523,0.7471722534856505,0.3145682063423776,0.9045561743043276,0.5038586526202704,1.0080288507941968,0.0,5.909250065116136,0.0223291853447247,-0.1482845435510136,0.3334314660334647,-0.1482845435510136,0.3334314660334647,25.8297612017036,3.598192982340795,7.913961854629488,0.1241519271420198,23.27649040570688,23.27649040570688,0.0442077300642613,0.7668873477449638,0.0366272234898384,0.8716807069745738,138747501671.78888,<slsim.Lenses.lens.Lens object at 0x7fe6841edf10>,-17.09491998269562,-20.55882334335963,-22.77278405264112,-23.54231599573217,-23.963155048154626,-24.04543947552265,,,,,,,,,,,,,,,,,,,,,,,,,,,,,,,,,,,,,,,,,,,,,,,,,,,5.909250065116136,,,-0.5518705679303065,2.115650363064962,,,,,,,,,,,,,,,,,,,,,,,,,,5.909250065116136,,,,,,,,,,,,11.36389992349156,48.975876949599154,6.998276712848611,,,,,,,,,,"['r', 'i', 'z']",['r'],[11.36389992],[[48.97587695]],6.998276712848611,,,,,,,,
144,deblcdouble522,06112026,7.992990850147021,1.0540100231826088,0.3441434102762151,0.9316267841397948,47.64809033514931,0.421444716030298,0.8640243928791533,0.0348837844701621,0.1331391864105143,2,-0.6703177180924336,2.0622515923172102,0.2491100287483837,0.6204010696141292,1.6617464667155817,0.0,8.831707456886152,21.00069494175408,20.72266799576566,20.638923171659307,20.45088593101027,20.462413221247985,20.521274753188948,GAL-QSO-LENS_0.0242_-0.0326,0.5448587842688152,1.8214843198532296,0.0242273530215268,-0.0325558447903427,-0.0130677062601789,0.1717526036098373,-0.0091167383253328,-0.0088345787716475,0.0,0.0,0.0262512952519135,21.00069494175408,22.710948585057803,0.5667778571977773,4.0,-0.0398970634483102,0.014928370835273,0.0242273530215268,-0.0325558447903427,-0.63837388260423,0.3850647091933553,0.331166268570254,0.0791532177399861,19.589789970417467,19.910607669884296,23.924135795093683,0.3807719404296766,1.0,0.1155958218461917,-0.3159543316979397,-0.1043019619186817,-0.008529089564338,20.72266799576566,21.37989641848861,0.5667778571977773,4.0,-0.0398970634483102,0.014928370835273,0.0242273530215268,-0.0325558447903427,-0.63837388260423,0.3850647091933553,0.331166268570254,0.0791532177399861,19.311763024429048,19.63258072389588,23.866851565496265,0.3807719404296766,1.0,0.1155958218461917,-0.3159543316979397,-0.1043019619186817,-0.008529089564338,20.638923171659307,20.03447996833926,0.5667778571977773,4.0,-0.0398970634483102,0.014928370835273,0.0242273530215268,-0.0325558447903427,-0.63837388260423,0.3850647091933553,0.331166268570254,0.0791532177399861,19.22801820032269,19.548835899789523,23.697217260301308,0.3807719404296766,1.0,0.1155958218461917,-0.3159543316979397,-0.1043019619186817,-0.008529089564338,20.45088593101027,19.483871974692324,0.5667778571977773,4.0,-0.0398970634483102,0.014928370835273,0.0242273530215268,-0.0325558447903427,-0.63837388260423,0.3850647091933553,0.331166268570254,0.0791532177399861,19.039980959673656,19.360798659140485,23.4938950681862,0.3807719404296766,1.0,0.1155958218461917,-0.3159543316979397,-0.1043019619186817,-0.008529089564338,20.462413221247985,19.1690759516047,0.5667778571977773,4.0,-0.0398970634483102,0.014928370835273,0.0242273530215268,-0.0325558447903427,-0.63837388260423,0.3850647091933553,0.331166268570254,0.0791532177399861,19.05150824991137,19.3723259493782,23.358339779182536,0.3807719404296766,1.0,0.1155958218461917,-0.3159543316979397,-0.1043019619186817,-0.008529089564338,20.521274753188948,18.987917429514862,0.5667778571977773,4.0,-0.0398970634483102,0.014928370835273,0.0242273530215268,-0.0325558447903427,-0.63837388260423,0.3850647091933553,0.331166268570254,0.0791532177399861,19.11036978185233,19.431187481319164,23.198361025021946,0.3807719404296766,1.0,0.1155958218461917,-0.3159543316979397,-0.1043019619186817,-0.008529089564338,163.27189788838382,1.6617464667155817,-10.647257337084929,3.6674313113658745,-1.815549880198777,-2.729197147847844,2.0,0.0348837844701621,0.1331391864105143,0.421444716030298,0.8640243928791533,0.2491100287483837,0.6204010696141292,2.218123563883605,-2.49300574963843,0.0,8.831707456886152,0.0126950659614291,-0.1043019619186817,-0.008529089564338,-0.1043019619186817,-0.008529089564338,23.4938950681862,4.659488627586279,7.992990850147021,0.126806822889936,19.360798659140485,19.360798659140485,0.8233672467087758,0.7061221474421364,1.3917739744601896,0.918283985814404,126928726683.56429,<slsim.Lenses.lens.Lens object at 0x7fe6841ad290>,-23.594498178142423,-23.87252512413084,-23.9562699482372,-24.14430718888624,-24.13277989864852,-24.07391836670756,,,,,,,,,,,,,,,,,,,,,,,,,,,,,,,,,,,,,,,,,,,,,,,,,,,8.831707456886152,,,-0.6703177180924336,2.0622515923172102,,,,,,,,,,,,,,,,,,,,,,,,,,8.831707456886152,,,,,,13.328285389344677,2.1820095072004313,4.761165489513069,16.767326818223104,4.515687218959165,2.1250146397046694,15.566729317379341,1.4653472861051162,1.2105152977575773,20.298053403918182,1.3101382711383165,1.1446127166593583,13.238678641801952,5.10978125932465,2.2604825279848217,16.275798273135894,22.99222549544681,4.795020906674632,"['u', 'g', 'r', 'i', 'z', 'y']","['u', 'g', 'r', 'i', 'z', 'y']",[16.97586322],[[0.47250288]],0.6873884525204563,,,,,,,,
145,deblcdouble499,06112026,7.626826426039503,0.5973198612856491,0.4343390996960912,0.6579534329462762,19.53054058731418,0.4586708658391719,0.5704109384135433,0.0495298543221914,0.0699894592176899,2,-0.4251378761066367,1.868449094551236,0.4155336771328018,0.5199379375870493,3.8064834065063495,0.0,0.8701484620619451,28.17262055363945,25.34459830618229,24.077793997802456,23.780979130650863,23.634224230954008,23.63441234360137,GAL-QSO-LENS_-0.0015_0.0424,0.3367302361547225,1.9225468966335104,-0.0015497569189556,0.0424365034137212,0.0225954841556352,0.0446117163061204,0.0206479342248605,-0.0067151547984966,0.0,0.0,-0.0475806667325135,28.17262055363945,26.0004866059366,0.2182161017863117,4.0,0.0309868730396217,0.0051430992381633,-0.0015497569189556,0.0424365034137212,0.2951774118225619,-0.2931360776905096,-0.1413861667565183,-0.038050525551462,25.873907136760792,25.506195734007648,29.375002712837173,0.2174070995964462,1.0,-0.3408027013997604,0.0498799488347096,0.0169704549723903,0.0386003977442018,25.34459830618229,24.109658077547927,0.2182161017863117,4.0,0.0309868730396217,0.0051430992381633,-0.0015497569189556,0.0424365034137212,0.2951774118225619,-0.2931360776905096,-0.1413861667565183,-0.038050525551462,23.04588488930364,22.67817348655049,26.84780117431324,0.2174070995964462,1.0,-0.3408027013997604,0.0498799488347096,0.0169704549723903,0.0386003977442018,24.077793997802456,22.57011859103963,0.2182161017863117,4.0,0.0309868730396217,0.0051430992381633,-0.0015497569189556,0.0424365034137212,0.2951774118225619,-0.2931360776905096,-0.1413861667565183,-0.038050525551462,21.7790805809238,21.41136917817065,26.227044214698296,0.2174070995964462,1.0,-0.3408027013997604,0.0498799488347096,0.0169704549723903,0.0386003977442018,23.780979130650863,21.872438198217743,0.2182161017863117,4.0,0.0309868730396217,0.0051430992381633,-0.0015497569189556,0.0424365034137212,0.2951774118225619,-0.2931360776905096,-0.1413861667565183,-0.038050525551462,21.482265713772208,21.114554311019063,26.130599333343497,0.2174070995964462,1.0,-0.3408027013997604,0.0498799488347096,0.0169704549723903,0.0386003977442018,23.634224230954008,21.516182885572825,0.2182161017863117,4.0,0.0309868730396217,0.0051430992381633,-0.0015497569189556,0.0424365034137212,0.2951774118225619,-0.2931360776905096,-0.1413861667565183,-0.038050525551462,21.33551081407535,20.967799411322204,25.9790592195306,0.2174070995964462,1.0,-0.3408027013997604,0.0498799488347096,0.0169704549723903,0.0386003977442018,23.63441234360137,21.31686277746104,0.2182161017863117,4.0,0.0309868730396217,0.0051430992381633,-0.0015497569189556,0.0424365034137212,0.2951774118225619,-0.2931360776905096,-0.1413861667565183,-0.038050525551462,21.33569892672272,20.96798752396957,25.87359212186258,0.2174070995964462,1.0,-0.3408027013997604,0.0498799488347096,0.0169704549723903,0.0386003977442018,123.73653786914583,3.8064834065063495,-3.315636700187883,8.307787257227456,-2.4454882381259377,-11.65654723426358,2.0,0.0495298543221914,0.0699894592176899,0.4586708658391719,0.5704109384135433,0.4155336771328018,0.5199379375870493,1.9999997767949365,-2.568328720342549,0.0,0.8701484620619451,0.021712450154737,0.0169704549723903,0.0386003977442018,0.0169704549723903,0.0386003977442018,26.130599333343497,4.736698512227736,7.626826426039503,0.3431093655465532,21.114554311019063,21.114554311019063,0.5509842478472672,0.9047480984568738,0.0822386465706695,0.9390915996717468,27622050671.13238,<slsim.Lenses.lens.Lens object at 0x7fe6f940f290>,-18.474660694997816,-21.30268294245497,-22.56948725083481,-22.8663021179864,-23.01305701768326,-23.01286890503589,,,,,,,,,,,,,,,,,,,,,,,,,,,,,,,,,,,,,,,,,,,,,,,,,,,0.8701484620619451,,,-0.4251378761066367,1.868449094551236,,,,,,,,,,,,,,,,,,,,,,,,,,0.8701484620619451,,,,,,,,,,,,-2.7371321321244544,15.049745607741153,3.879400160816251,-2.670362033254941,22.11593971704652,4.702758734726514,,,,,,,"['g', 'r', 'i', 'z', 'y']","['r', 'i']",[-2.71009448],[[8.95555305]],2.9925830066011034,,,,,,,,
146,deblcdouble496,06112026,7.376324606749992,0.9886210632824864,0.521378324679848,0.8376559467130638,51.92107190266846,0.3538482618934457,0.6749952898955693,0.0491010031697156,0.1428005231452909,2,-0.5060192292720603,1.7986067676800035,0.4275545553486298,0.7774151942383557,2.29016671093065,0.0,9.885237634513574,24.35482134142019,23.60760693206321,23.282184418066564,23.014478909364968,22.69824539019116,22.54580362831549,GAL-QSO-LENS_-0.0223_-0.0225,0.5866602268065927,2.016096918356585,-0.0223499884082431,-0.0225222412517491,-0.0989351498778545,-0.0781504828708258,-0.0019014278146188,0.0310991010125134,0.0,0.0,-0.0520360130819141,24.35482134142019,23.85609336108775,0.4995903209180468,4.0,-0.0998460640524974,-0.0499353310693424,-0.0223499884082431,-0.0225222412517491,-0.6648761858607051,0.2445355203770781,0.0161425397062878,-0.3715970060244492,22.78114648952766,23.599520607834314,27.47674417084408,0.135187235978774,1.0,-0.0065292515864624,0.1115489179768846,-0.1000767843287585,0.0342215580311593,23.60760693206321,22.62523866866804,0.4995903209180468,4.0,-0.0998460640524974,-0.0499353310693424,-0.0223499884082431,-0.0225222412517491,-0.6648761858607051,0.2445355203770781,0.0161425397062878,-0.3715970060244492,22.03393208017068,22.85230619847733,27.126708594463263,0.135187235978774,1.0,-0.0065292515864624,0.1115489179768846,-0.1000767843287585,0.0342215580311593,23.282184418066564,21.24405368188692,0.4995903209180468,4.0,-0.0998460640524974,-0.0499353310693424,-0.0223499884082431,-0.0225222412517491,-0.6648761858607051,0.2445355203770781,0.0161425397062878,-0.3715970060244492,21.70850956617404,22.526883684480687,26.86017262808772,0.135187235978774,1.0,-0.0065292515864624,0.1115489179768846,-0.1000767843287585,0.0342215580311593,23.014478909364968,20.392107523677907,0.4995903209180468,4.0,-0.0998460640524974,-0.0499353310693424,-0.0223499884082431,-0.0225222412517491,-0.6648761858607051,0.2445355203770781,0.0161425397062878,-0.3715970060244492,21.44080405747244,22.25917817577909,26.668414764008023,0.135187235978774,1.0,-0.0065292515864624,0.1115489179768846,-0.1000767843287585,0.0342215580311593,22.69824539019116,20.0180296191376,0.4995903209180468,4.0,-0.0998460640524974,-0.0499353310693424,-0.0223499884082431,-0.0225222412517491,-0.6648761858607051,0.2445355203770781,0.0161425397062878,-0.3715970060244492,21.124570538298627,21.94294465660528,26.4665179796007,0.135187235978774,1.0,-0.0065292515864624,0.1115489179768846,-0.1000767843287585,0.0342215580311593,22.54580362831549,19.78211562660435,0.4995903209180468,4.0,-0.0998460640524974,-0.0499353310693424,-0.0223499884082431,-0.0225222412517491,-0.6648761858607051,0.2445355203770781,0.0161425397062878,-0.3715970060244492,20.97212877642296,21.79050289472961,26.157503726748605,0.135187235978774,1.0,-0.0065292515864624,0.1115489179768846,-0.1000767843287585,0.0342215580311593,177.09401335721265,2.29016671093065,-18.664183275125392,4.260591933162173,-8.778945640611818,-2.00502731469081,2.0,0.0491010031697156,0.1428005231452909,0.3538482618934457,0.6749952898955693,0.4275545553486298,0.7774151942383557,2.951562675072484,1.3198085516861804,0.0,9.885237634513574,0.0311571743186175,-0.1000767843287585,0.0342215580311593,-0.1000767843287585,0.0342215580311593,26.668414764008023,8.667837681962366,7.376324606749992,0.6588989328111375,22.25917817577909,22.25917817577909,-1.2365153265018212,0.7760759038165458,-1.33892325270254,0.7991487962832904,172081362016.79678,<slsim.Lenses.lens.Lens object at 0x7fe68427f010>,-21.158582534730098,-21.905796944087083,-22.231219458083725,-22.49892496678532,-22.81515848595913,-22.9676002478348,,,,,,,,,,,,,,,,,,,,,,,,,,,,,,,,,,,,,,,,,,,,,,,,,,,9.885237634513574,,,-0.5060192292720603,1.7986067676800035,,,,,,,,,,,,,,,,,,,,,,,,,,9.885237634513574,,,,,,45.73880977088248,8.917777645791928,79.52675813978621,14.119555204055088,32.32151480909909,5.685201386855095,10.710240375251823,3.583617079057709,1.893044394370536,11.677708738731175,3.0021736685778126,1.7326781780174334,12.921836728566658,5.681718848532195,2.383635636697059,12.65420878792449,12.89546661624037,3.591025844551995,"['u', 'g', 'r', 'i', 'z', 'y']","['u', 'g', 'r', 'i', 'z', 'y']",[12.25906506],[[1.09986451]],1.0487442543300276,,,,,,,,
147,deblcdouble445,06112026,7.03221934296633,0.8298347098460523,0.553559132172383,0.1715682193729768,61.04804606833067,0.4172333445377125,0.592211150991029,0.0573315181792759,0.1046266364480916,2,-0.289279704252261,2.259820091501453,0.4379945529062153,0.6347444545274633,1.789546687971381,0.0,5.835743483043697,25.339883439440893,25.211108944398,25.1536334887792,24.862333431683133,24.87114719785308,24.8582421765107,GAL-QSO-LENS_0.0010_-0.0256,0.4489886506582654,1.974980290465316,0.0009611920654138,-0.0255603318297653,0.0150122863373519,-0.0290625866732911,0.0440583597398845,0.0044452706346515,0.0,0.0,-0.0322208699407856,25.339883439440893,24.24589949046032,0.4128405877889233,4.0,-0.0195351555776833,0.0357068882481405,0.0009611920654138,-0.0255603318297653,-0.291824599649963,0.0467027217954807,-0.4276288867407132,0.3300154218238368,23.26390603730758,23.77496056710397,26.587451841988404,0.4056314642147596,1.0,0.0695626132368884,-0.0046458995780247,-0.0199032169941332,-0.0901593173480431,25.211108944398,23.23612790301441,0.4128405877889233,4.0,-0.0195351555776833,0.0357068882481405,0.0009611920654138,-0.0255603318297653,-0.291824599649963,0.0467027217954807,-0.4276288867407132,0.3300154218238368,23.135131542264688,23.64618607206108,26.3865623420499,0.4056314642147596,1.0,0.0695626132368884,-0.0046458995780247,-0.0199032169941332,-0.0901593173480431,25.1536334887792,21.91998915636808,0.4128405877889233,4.0,-0.0195351555776833,0.0357068882481405,0.0009611920654138,-0.0255603318297653,-0.291824599649963,0.0467027217954807,-0.4276288867407132,0.3300154218238368,23.077656086645888,23.58871061644228,26.104652308240134,0.4056314642147596,1.0,0.0695626132368884,-0.0046458995780247,-0.0199032169941332,-0.0901593173480431,24.862333431683133,20.969694647272835,0.4128405877889233,4.0,-0.0195351555776833,0.0357068882481405,0.0009611920654138,-0.0255603318297653,-0.291824599649963,0.0467027217954807,-0.4276288867407132,0.3300154218238368,22.78635602954982,23.29741055934621,25.847052319109626,0.4056314642147596,1.0,0.0695626132368884,-0.0046458995780247,-0.0199032169941332,-0.0901593173480431,24.87114719785308,20.56153456756117,0.4128405877889233,4.0,-0.0195351555776833,0.0357068882481405,0.0009611920654138,-0.0255603318297653,-0.291824599649963,0.0467027217954807,-0.4276288867407132,0.3300154218238368,22.79516979571976,23.30622432551615,25.51636007890741,0.4056314642147596,1.0,0.0695626132368884,-0.0046458995780247,-0.0199032169941332,-0.0901593173480431,24.8582421765107,20.288322532763285,0.4128405877889233,4.0,-0.0195351555776833,0.0357068882481405,0.0009611920654138,-0.0255603318297653,-0.291824599649963,0.0467027217954807,-0.4276288867407132,0.3300154218238368,22.78226477437739,23.29331930417377,25.346516035007586,0.4056314642147596,1.0,0.0695626132368884,-0.0046458995780247,-0.0199032169941332,-0.0901593173480431,164.41138762059373,1.789546687971381,-12.122326470000022,6.766918732660157,-6.286582986956325,-4.226385901359183,2.0,0.0573315181792759,0.1046266364480916,0.4172333445377125,0.592211150991029,0.4379945529062153,0.6347444545274633,-1.159976737113542,-0.2307322794917434,0.0,5.835743483043697,0.0442820448261412,-0.0199032169941332,-0.0901593173480431,-0.0199032169941332,-0.0901593173480431,25.847052319109626,3.309918968283169,7.03221934296633,-0.7002178396462875,23.29741055934621,23.29741055934621,-0.546998176627984,0.9366504301359542,1.0357042677147914,0.9217808249761292,130140181877.23347,<slsim.Lenses.lens.Lens object at 0x7fe6d0187990>,-19.4422075050338,-19.570982000076693,-19.628457455695493,-19.91975751279156,-19.91094374662162,-19.923848767963992,,,,,,,,,,,,,,,,,,,,,,,,,,,,,,,,,,,,,,,,,,,,,,,,,,,5.835743483043697,,,-0.289279704252261,2.259820091501453,,,,,,,,,,,,,,,,,,,,,,,,,,5.835743483043697,,,,,,,,,,,,,,,14.326264536256128,9.27185078220252,3.0449713926739146,,,,,,,"['u', 'g', 'i', 'z', 'y']",['i'],[14.32626454],[[9.27185078]],3.0449713926739146,,,,,,,,
148,deblcdouble553,06112026,8.570701342594738,1.160115226330067,0.5533185818781715,0.1061902152076123,17.110527665888085,0.4018697647245176,0.5661422320387665,0.0306518393706499,0.0661900776100421,2,-0.4381005822645841,2.14002732849057,0.4308987104990198,0.7323768973732637,4.036027221940172,0.0,8.971862858991244,29.23963062214492,25.695211308623453,24.092060584886585,23.56491959864386,23.432430670471383,23.15774548062336,GAL-QSO-LENS_0.0279_0.0431,0.6391695033744461,2.119442474652196,0.0279458713768611,0.043123432042019,-0.005197041022793,-0.0292784449065573,0.052537525649363,0.0475049739394536,0.0,0.0,0.0419359743861983,29.23963062214492,23.86862205652608,0.3839736709302006,4.0,0.0303824871849653,-0.0557180042241847,0.0279458713768611,0.043123432042019,0.4929049081136872,0.1813083357193145,0.6244765940711896,-0.4930093854538068,27.32899497432035,28.09402590390581,27.746653303904825,0.7831829765846156,1.0,0.143404557170009,0.0288271111708213,0.0184712289465991,0.1167392113022284,25.695211308623453,22.8133409209628,0.3839736709302006,4.0,0.0303824871849653,-0.0557180042241847,0.0279458713768611,0.043123432042019,0.4929049081136872,0.1813083357193145,0.6244765940711896,-0.4930093854538068,23.784575660798883,24.549606590384343,25.4059930507834,0.7831829765846156,1.0,0.143404557170009,0.0288271111708213,0.0184712289465991,0.1167392113022284,24.092060584886585,21.49192997246661,0.3839736709302006,4.0,0.0303824871849653,-0.0557180042241847,0.0279458713768611,0.043123432042019,0.4929049081136872,0.1813083357193145,0.6244765940711896,-0.4930093854538068,22.18142493706201,22.94645586664748,24.56587388315148,0.7831829765846156,1.0,0.143404557170009,0.0288271111708213,0.0184712289465991,0.1167392113022284,23.56491959864386,20.580372469570666,0.3839736709302006,4.0,0.0303824871849653,-0.0557180042241847,0.0279458713768611,0.043123432042019,0.4929049081136872,0.1813083357193145,0.6244765940711896,-0.4930093854538068,21.65428395081929,22.419314880404748,24.46649081219285,0.7831829765846156,1.0,0.143404557170009,0.0288271111708213,0.0184712289465991,0.1167392113022284,23.432430670471383,20.210028353590275,0.3839736709302006,4.0,0.0303824871849653,-0.0557180042241847,0.0279458713768611,0.043123432042019,0.4929049081136872,0.1813083357193145,0.6244765940711896,-0.4930093854538068,21.521795022646813,22.28682595223227,24.22848134299254,0.7831829765846156,1.0,0.143404557170009,0.0288271111708213,0.0184712289465991,0.1167392113022284,23.15774548062336,19.96458895598103,0.3839736709302006,4.0,0.0303824871849653,-0.0557180042241847,0.0279458713768611,0.043123432042019,0.4929049081136872,0.1813083357193145,0.6244765940711896,-0.4930093854538068,21.247109832798788,22.01214076238425,24.126790346930857,0.7831829765846156,1.0,0.143404557170009,0.0288271111708213,0.0184712289465991,0.1167392113022284,176.2262591399737,4.036027221940172,-25.62484858561244,5.811045275052157,-16.652985726621196,-2.872379954792108,2.0,0.0306518393706499,0.0661900776100421,0.4018697647245176,0.5661422320387665,0.4308987104990198,0.7323768973732637,-1.207187180397469,0.5717407171623158,0.0,8.971862858991244,0.0708301782458977,0.0184712289465991,0.1167392113022284,0.0184712289465991,0.1167392113022284,24.46649081219285,2.647550894642843,8.570701342594738,0.6097844675578338,22.419314880404748,22.419314880404748,-0.8732352737716943,0.942245172993945,-0.5357880993380415,0.8806478644503132,169203267753.26926,<slsim.Lenses.lens.Lens object at 0x7fe6b1b952d0>,-17.561023825580662,-21.105443139102128,-22.708593862838995,-23.23573484908172,-23.3682237772542,-23.642908967102223,,,,,,,,,,,,,,,,,,,,,,,,,,,,,,,,,,,,,,,,,,,,,,,,,,,8.971862858991244,,,-0.4381005822645841,2.14002732849057,,,,,,,,,,,,,,,,,,,,,,,,,,8.971862858991244,,,,,,,,,17.79152314086552,28.989890997081254,5.384226127966883,15.767970185916706,23.42497935990343,4.839935883862867,17.158800955137377,13.985500779389628,3.7397193450029946,15.035113580074078,11.905118472797623,3.450379467942276,,,,"['g', 'r', 'i', 'z', 'y']","['g', 'r', 'i', 'z']",[16.2307944],[[4.2976674]],2.0730816183754297,,,,,,,,
149,deblcdouble469,06112026,7.867572387202504,0.5252547072716294,0.6634218725392337,0.4964511207212471,82.83400785354121,0.4971233216208348,1.0407036840852253,0.0223546221364405,0.1948157033538372,2,-0.4910656898153076,2.092976720225063,0.208298768918076,0.5993992530895703,3.591399070920368,0.0,4.557996452270895,28.60727517096732,25.650527707716048,23.986816298165863,23.3245964798892,22.918462805367326,22.67486079754649,GAL-QSO-LENS_0.0160_-0.0132,0.2416872671607915,1.7511598967943631,0.0159691739103521,-0.013192476696381,-0.0594821139664965,0.0347075482126059,0.0457970874178059,0.0228261435509844,0.0,0.0,0.0715823323220458,28.60727517096732,26.949833725233145,0.2069363710550995,4.0,-0.0574660390254008,0.0251223123800551,0.0159691739103521,-0.013192476696381,-0.3430002560427896,0.1012591939618652,-0.1810031267347616,0.0992218696388072,26.91021749687819,27.49083778847221,27.998714131473385,0.3842477448549046,1.0,-0.015236395936215,0.1755344118038624,-0.0438418185404704,-0.0650580221827787,25.650527707716048,26.23694699496475,0.2069363710550995,4.0,-0.0574660390254008,0.0251223123800551,0.0159691739103521,-0.013192476696381,-0.3430002560427896,0.1012591939618652,-0.1810031267347616,0.0992218696388072,23.953470033626925,24.53409032522094,25.39125831392407,0.3842477448549046,1.0,-0.015236395936215,0.1755344118038624,-0.0438418185404704,-0.0650580221827787,23.986816298165863,25.05247860610016,0.2069363710550995,4.0,-0.0574660390254008,0.0251223123800551,0.0159691739103521,-0.013192476696381,-0.3430002560427896,0.1012591939618652,-0.1810031267347616,0.0992218696388072,22.289758624076743,22.87037891567076,24.95458744270416,0.3842477448549046,1.0,-0.015236395936215,0.1755344118038624,-0.0438418185404704,-0.0650580221827787,23.3245964798892,23.981489749986302,0.2069363710550995,4.0,-0.0574660390254008,0.0251223123800551,0.0159691739103521,-0.013192476696381,-0.3430002560427896,0.1012591939618652,-0.1810031267347616,0.0992218696388072,21.627538805800075,22.20815909739409,24.965437258421588,0.3842477448549046,1.0,-0.015236395936215,0.1755344118038624,-0.0438418185404704,-0.0650580221827787,22.918462805367326,23.580981671634053,0.2069363710550995,4.0,-0.0574660390254008,0.0251223123800551,0.0159691739103521,-0.013192476696381,-0.3430002560427896,0.1012591939618652,-0.1810031267347616,0.0992218696388072,21.221405131278203,21.80202542287222,24.844822966669845,0.3842477448549046,1.0,-0.015236395936215,0.1755344118038624,-0.0438418185404704,-0.0650580221827787,22.67486079754649,23.298364324396385,0.2069363710550995,4.0,-0.0574660390254008,0.0251223123800551,0.0159691739103521,-0.013192476696381,-0.3430002560427896,0.1012591939618652,-0.1810031267347616,0.0992218696388072,20.977803123457367,21.558423415051383,24.7497602670076,0.3842477448549046,1.0,-0.015236395936215,0.1755344118038624,-0.0438418185404704,-0.0650580221827787,113.47195102829868,3.591399070920368,-4.581680759188308,4.773347691823776,-0.0236843069174136,-2.796243277419328,2.0,0.0223546221364405,0.1948157033538372,0.4971233216208348,1.0407036840852253,0.208298768918076,0.5993992530895703,-2.1253740321446584,-1.1906128947908785,0.0,4.557996452270895,0.0511703629590831,-0.0438418185404704,-0.0650580221827787,-0.0438418185404704,-0.0650580221827787,24.965437258421588,2.637518156301308,7.867572387202504,0.7169290515058425,22.20815909739409,22.20815909739409,1.3066985945009193,0.8711392723038253,1.3647304612041098,0.8819678125327568,12907080303.125277,<slsim.Lenses.lens.Lens object at 0x7fe6f93fb710>,-17.874776089819544,-20.83152355307081,-22.49523496262099,-23.15745478089766,-23.56358845541953,-23.807190463240367,,,,,,,,,,,,,,,,,,,,,,,,,,,,,,,,,,,,,,,,,,,,,,,,,,,4.557996452270895,,,-0.4910656898153076,2.092976720225063,,,,,,,,,,,,,,,,,,,,,,,,,,4.557996452270895,,,,,,,,,,,,20.300476458250806,87.87240591519375,9.374028265116003,10.734322161571082,42.24751208936092,6.499808619441108,11.261628321577357,20.102266911139594,4.483555164279748,,,,"['g', 'r', 'i', 'z', 'y']","['r', 'i', 'z']",[12.32750624],[[11.79303649]],3.434099080405987,,,,,,,,
150,deblcquad421,06112026,7.683792323868065,0.6661066841742573,0.2348397629987842,0.1461982635461863,15.066448292059093,0.5348105770759732,0.5427584713741443,0.0527779975915708,0.0486657776835792,4,-0.3404090447335079,2.127812750516053,0.2993908519739341,0.3303942051069572,2.1782409795022724,0.0,0.3699623647707053,25.23090504157484,24.82871297693244,24.395640308212787,23.993842623625447,23.61286864491145,23.540175465396818,GAL-QSO-LENS_0.0059_-0.0021,0.6210435781237466,1.7839381546420754,0.0059166709320045,-0.0020830908665472,0.1216045168109058,0.0473237867530882,-0.0015392081520481,0.0238872394622223,0.0,0.0,0.018905702794799,25.23090504157484,21.78321324890743,0.2433278786854465,4.0,-0.009873518940764,0.0579571714204923,0.0059166709320045,-0.0020830908665472,-0.202522932113935,-0.2995656515905688,-0.6742848835880217,0.5940158991190199,22.9884147230736,22.729921839496555,25.78546482025352,0.2686492902796519,1.0,-0.3028262065052424,0.0301401890639674,-0.0361275096295349,-0.0131451571087155,24.82871297693244,20.16690891983976,0.2433278786854465,4.0,-0.009873518940764,0.0579571714204923,0.0059166709320045,-0.0020830908665472,-0.202522932113935,-0.2995656515905688,-0.6742848835880217,0.5940158991190199,22.5862226584312,22.32772977485416,25.466038666874084,0.2686492902796519,1.0,-0.3028262065052424,0.0301401890639674,-0.0361275096295349,-0.0131451571087155,24.395640308212787,18.97221170055153,0.2433278786854465,4.0,-0.009873518940764,0.0579571714204923,0.0059166709320045,-0.0020830908665472,-0.202522932113935,-0.2995656515905688,-0.6742848835880217,0.5940158991190199,22.153149989711544,21.894657106134503,25.2073546941852,0.2686492902796519,1.0,-0.3028262065052424,0.0301401890639674,-0.0361275096295349,-0.0131451571087155,23.993842623625447,18.495547229176864,0.2433278786854465,4.0,-0.009873518940764,0.0579571714204923,0.0059166709320045,-0.0020830908665472,-0.202522932113935,-0.2995656515905688,-0.6742848835880217,0.5940158991190199,21.751352305124204,21.492859421547163,25.06916667171336,0.2686492902796519,1.0,-0.3028262065052424,0.0301401890639674,-0.0361275096295349,-0.0131451571087155,23.61286864491145,18.25992904751223,0.2433278786854465,4.0,-0.009873518940764,0.0579571714204923,0.0059166709320045,-0.0020830908665472,-0.202522932113935,-0.2995656515905688,-0.6742848835880217,0.5940158991190199,21.37037832641021,21.111885442833174,24.840234797026483,0.2686492902796519,1.0,-0.3028262065052424,0.0301401890639674,-0.0361275096295349,-0.0131451571087155,23.540175465396818,18.049013548510622,0.2433278786854465,4.0,-0.009873518940764,0.0579571714204923,0.0059166709320045,-0.0020830908665472,-0.202522932113935,-0.2995656515905688,-0.6742848835880217,0.5940158991190199,21.29768514689557,21.039192263318533,24.57572541201332,0.2686492902796519,1.0,-0.3028262065052424,0.0301401890639674,-0.0361275096295349,-0.0131451571087155,161.57770170983835,2.1782409795022724,-5.040493565569804,7.888530833922263,-4.670531200799099,10.009059727251302,4.0,0.0527779975915708,0.0486657776835792,0.5348105770759732,0.5427584713741443,0.2993908519739341,0.3303942051069572,-0.5898692787182555,1.0246548267026387,0.0,0.3699623647707053,0.0239367786233002,-0.0361275096295349,-0.0131451571087155,-0.0361275096295349,-0.0131451571087155,25.06916667171336,8.48709650920284,7.683792323868065,-0.8313543185518436,21.492859421547163,21.46537361805488,0.185563999342849,0.7691469965511268,0.8697676325545864,0.888944821412067,123143018637.06522,<slsim.Lenses.lens.Lens object at 0x7fad74164510>,-20.136679143443164,-20.538871208085563,-20.971943876805216,-21.37374156139256,-21.754715540106545,-21.827408719621182,-0.6337401166745388,0.5325359454832455,0.0177993238736818,0.0666695676234777,22.702436036004265,23.639775593283947,-0.6337401166745388,0.5325359454832455,0.0177993238736818,0.0666695676234777,22.300243971361866,23.237583528641547,-0.6337401166745388,0.5325359454832455,0.0177993238736818,0.0666695676234777,21.867171302642213,22.80451085992189,-0.6337401166745388,0.5325359454832455,0.0177993238736818,0.0666695676234777,21.46537361805488,22.402713175334554,-0.6337401166745388,0.5325359454832455,0.0177993238736818,0.0666695676234777,21.084399639340884,22.021739196620565,-0.6337401166745388,0.5325359454832455,0.0177993238736818,0.0666695676234777,21.011706459826243,21.949046017105925,-4.314777710712738,-10.26567715982216,-2.703218463007808,-4.329639921126838,0.0581395914786769,0.0949162061446939,0.6691000811149046,0.7801338679275289,0.4548700279643231,0.5284952272065586,3.0476191465195086,-2.9209767868442045,0.7257158548570661,2.337275102561996,1.61155924770493,2.196032685696629,-0.426895659108923,-0.3879681955494484,2.2487138027086706,,,,,,,,,,,,,,,,,,,,,,,,,,0.3699623647707053,0.7257158548570661,2.3372751025619958,0.3557534900863608,1.9673127377912905,1.6115592477049296,,,,,,,[1.10016326 1.68872321 8.34714052 0.4084367  7.01417553 6.43365647],"[[ 3.54583063  1.73271836  1.77648735 -1.59608575 -1.23054794  0.21392925]
 [ 1.73271836  2.90697389  1.54044825  1.04917709  0.03556308 -0.93674907]
 [ 1.77648735  1.54044825 21.74856586 -0.17053426 18.26518206 18.77300927]
 [-1.59608575  1.04917709 -0.17053426  2.77555693  1.29707116 -1.1343961 ]
 [-1.23054794  0.03556308 18.26518206  1.29707116 22.76638889 18.99226942]
 [ 0.21392925 -0.93674907 18.77300927 -1.1343961  18.99226942 22.62460069]]",0.9447366434982368,,,,"[  1.32677362   1.41124278 -10.4205832    0.10957788 -11.88362503
 -11.90405861]","[[ 1.49008157e+00  7.52689799e-01  7.56278937e-01 -6.73305516e-01
  -6.34247523e-01 -7.38557135e-03]
 [ 7.52689799e-01  1.35517730e+00  1.03949065e+00  4.58709923e-01
   2.65467288e-01 -1.80105616e-01]
 [ 7.56278937e-01  1.03949065e+00  2.70598399e+01  3.35052875e-01
   2.43962068e+01  2.43237955e+01]
 [-6.73305516e-01  4.58709923e-01  3.35052875e-01  1.23119524e+00
   1.04259416e+00 -1.26122070e-01]
 [-6.34247523e-01  2.65467288e-01  2.43962068e+01  1.04259416e+00
   2.84976163e+01  2.48507398e+01]
 [-7.38557135e-03 -1.80105616e-01  2.43237955e+01 -1.26122070e-01
   2.48507398e+01  2.77171073e+01]]",0.655211988413921,,,,"['u', 'g', 'r', 'z', 'y']","['r', 'z']",[ 1.25244542  1.60306979  0.17427809  0.31220067 -1.24429403 -1.59286089],"[[ 1.04791592  0.52264961  0.53102494 -0.47240774 -0.40195034  0.03112743]
 [ 0.52264961  0.91830074  0.58306979  0.32015143  0.08759893 -0.21952523]
 [ 0.53102494  0.58306979 11.96579412  0.07319611 10.50773583 10.59242712]
 [-0.47240774  0.32015143  0.07319611  0.84956345  0.53873529 -0.23432425]
 [-0.40195034  0.08759893 10.50773583  0.53873529 12.60554022 10.7955183 ]
 [ 0.03112743 -0.21952523 10.59242712 -0.23432425 10.7955183  12.35433174]]",0.5372802019331014,0.6691000811149046,0.7801338679275289,0.0581395914786769,0.0949162061446939,0.4548700279643231,0.5284952272065586,0.7257158548570661,2.3372751025619958
151,deblcquad285,06112026,8.605347332576649,0.45609177353727426,0.3884623145357828,0.3850047217198781,19.430985003444,0.3364215168436264,0.3869896399663707,0.0188539215271354,0.0243038899181973,4,-0.6049570276554107,2.0327643718795945,0.271179581829387,0.3163496558525144,2.642740939207487,0.0,1.5124232209818853,22.30202093909668,21.547209527213106,21.199472609053327,21.110756686139965,20.8943247076853,20.729887911080585,GAL-QSO-LENS_-0.0374_0.0421,0.4346319538827493,1.894661438776854,-0.037413617669684,0.0421488581647215,0.1867103295936535,-0.252780583653742,0.0102008254160382,0.0025856974159959,0.0,0.0,-0.0365496681079832,22.30202093909668,23.372991356381817,0.3755814340880273,4.0,0.200739035233117,-0.189547778622984,-0.037413617669684,0.0421488581647215,0.2640844488220352,-0.1461459420057199,0.4330760259576252,-0.3735157726947925,21.213088448144788,20.903130956707493,28.12872477518371,0.3872874344975506,1.0,-0.0150455978398017,-0.0059634799479727,0.0030119138706634,0.0553312933200311,21.547209527213106,22.402685158052115,0.3755814340880273,4.0,0.200739035233117,-0.189547778622984,-0.037413617669684,0.0421488581647215,0.2640844488220352,-0.1461459420057199,0.4330760259576252,-0.3735157726947925,20.45827703626121,20.14831954482392,27.75947176458158,0.3872874344975506,1.0,-0.0150455978398017,-0.0059634799479727,0.0030119138706634,0.0553312933200311,21.199472609053327,21.087603103156766,0.3755814340880273,4.0,0.200739035233117,-0.189547778622984,-0.037413617669684,0.0421488581647215,0.2640844488220352,-0.1461459420057199,0.4330760259576252,-0.3735157726947925,20.11054011810144,19.80058262666413,27.71636887054765,0.3872874344975506,1.0,-0.0150455978398017,-0.0059634799479727,0.0030119138706634,0.0553312933200311,21.110756686139965,20.503540250694183,0.3755814340880273,4.0,0.200739035233117,-0.189547778622984,-0.037413617669684,0.0421488581647215,0.2640844488220352,-0.1461459420057199,0.4330760259576252,-0.3735157726947925,20.02182419518807,19.711866703750776,27.477720930237066,0.3872874344975506,1.0,-0.0150455978398017,-0.0059634799479727,0.0030119138706634,0.0553312933200311,20.8943247076853,20.138891827641217,0.3755814340880273,4.0,0.200739035233117,-0.189547778622984,-0.037413617669684,0.0421488581647215,0.2640844488220352,-0.1461459420057199,0.4330760259576252,-0.3735157726947925,19.80539221673341,19.49543472529611,27.38455705897953,0.3872874344975506,1.0,-0.0150455978398017,-0.0059634799479727,0.0030119138706634,0.0553312933200311,20.729887911080585,19.945908356023786,0.3755814340880273,4.0,0.200739035233117,-0.189547778622984,-0.037413617669684,0.0421488581647215,0.2640844488220352,-0.1461459420057199,0.4330760259576252,-0.3735157726947925,19.64095542012869,19.3309979286914,26.88541110838869,0.3872874344975506,1.0,-0.0150455978398017,-0.0059634799479727,0.0030119138706634,0.0553312933200311,141.97731285322578,2.642740939207487,-5.823924007511286,2.726295937272529,-4.3115007865294,3.627070465222432,4.0,0.0188539215271354,0.0243038899181973,0.3364215168436264,0.3869896399663707,0.271179581829387,0.3163496558525144,-1.2997222301954658,-0.4622341178348277,0.0,1.5124232209818853,0.010523434339396,0.0030119138706634,0.0553312933200311,0.0030119138706634,0.0553312933200311,27.477720930237066,3.2927270999739537,8.605347332576649,0.0843890861665838,19.711866703750776,20.236625869112785,-0.4673071803302114,0.5217699670633229,-0.3783657882249411,0.5672901705001544,68750955537.99745,<slsim.Lenses.lens.Lens object at 0x7facc81fb610>,-23.54092552016046,-24.29573693204404,-24.64347385020381,-24.732189773117177,-24.94862175157184,-25.11305854817656,0.2681469711770349,-0.3288339516317664,-0.1827775018236256,0.1542145319185676,21.4278901220695,21.96079301405791,0.2681469711770349,-0.3288339516317664,-0.1827775018236256,0.1542145319185676,20.673078710185923,21.205981602174333,0.2681469711770349,-0.3288339516317664,-0.1827775018236256,0.1542145319185676,20.325341792026144,20.858244684014554,0.2681469711770349,-0.3288339516317664,-0.1827775018236256,0.1542145319185676,20.236625869112785,20.769528761101192,0.2681469711770349,-0.3288339516317664,-0.1827775018236256,0.1542145319185676,20.02019389065812,20.553096782646527,0.2681469711770349,-0.3288339516317664,-0.1827775018236256,0.1542145319185676,19.8557570940534,20.38865998604181,-3.4166068987261986,-2.236929654027068,-2.188377662027037,-1.369276548264053,0.0828050144052603,0.1305151760134721,0.7720794856653849,0.945740416607258,0.7063915963780163,0.8563041303628737,1.8723708105010648,2.388252340186383,2.407317108785087,3.635546345484249,1.5124232209818853,2.283609289330093,-0.6567460199761094,-0.5455529431746051,2.500691165527278,,,,,,,,,,,,,,,,,,,,,,,,,,1.5124232209818853,2.407317108785087,3.6355463454842485,0.8948938878032018,2.123123124502363,1.2282292366991614,,,,[5.18918186 6.95199801 6.98566204 0.3236769  1.56394312 1.06482993],"[[ 16.49962038   8.4289926    7.46131948  -4.27012962  -5.9289224
   -1.25579814]
 [  8.4289926   26.9269494    5.65136505  14.29860431  -2.12786658
  -16.20603922]
 [  7.46131948   5.65136505  41.30732548  -1.02635008  20.66981028
   23.17506852]
 [ -4.27012962  14.29860431  -1.02635008  23.20791655   4.33715017
  -16.34332379]
 [ -5.9289224   -2.12786658  20.66981028   4.33715017  35.34268795
   23.78068617]
 [ -1.25579814 -16.20603922  23.17506852 -16.34332379  23.78068617
   53.66731229]]",2.172013830626109,[2.72625576 3.54123333 5.21216224 0.79417125 2.4140958  1.52637927],"[[ 2.65950543  1.48664365  1.5357304  -0.97785365 -1.02472629 -0.01349787]
 [ 1.48664365  4.35496162  1.34686054  2.59549394 -0.16150365 -2.7059684 ]
 [ 1.5357304   1.34686054  5.76750836 -0.12093216  3.88025959  3.79114399]
 [-0.97785365  2.59549394 -0.12093216  3.72965916  0.86263118 -2.7261114 ]
 [-1.02472629 -0.16150365  3.88025959  0.86263118  5.231396    3.9207477 ]
 [-0.01349787 -2.7059684   3.79114399 -2.7261114   3.9207477   6.87478682]]",0.8501017790766194,[0.75285319 2.01364675 7.04418812 1.23197683 5.94565658 4.8982039 ],"[[ 3.06808006  1.384642    1.61567631 -1.25190826 -1.01084618  0.2820283 ]
 [ 1.384642    4.68613896  1.48392441  2.75562779  0.01741132 -2.80495568]
 [ 1.61567631  1.48392441  7.20752252 -0.17825303  4.6826923   4.97535804]
 [-1.25190826  2.75562779 -0.17825303  4.39431628  0.96970479 -2.86094957]
 [-1.01084618  0.01741132  4.6826923   0.96970479  6.22811963  4.51599656]
 [ 0.2820283  -2.80495568  4.97535804 -2.86094957  4.51599656  8.4063505 ]]",0.9185674683348697,[0.35722501 2.19028392 4.71959775 1.53553438 3.77692384 2.33963643],"[[ 2.54478068  1.57217595  1.43832855 -0.90503606 -0.97537947 -0.10592826]
 [ 1.57217595  4.31465441  1.41823574  2.49030369 -0.20416582 -2.59699419]
 [ 1.43832855  1.41823574  4.99942055 -0.03048379  3.09193328  3.19430976]
 [-0.90503606  2.49030369 -0.03048379  3.54936356  0.86163111 -2.44301899]
 [-0.97537947 -0.20416582  3.09193328  0.86163111  4.31288411  3.21281465]
 [-0.10592826 -2.59699419  3.19430976 -2.44301899  3.21281465  6.0415128 ]]",0.8154431271382883,[-0.04554692  3.3195149   0.47525677 -1.06941461  0.19989208  0.08144251],"[[ 13.98401458   5.79254254   7.0539048   -4.46517231  -4.54779955
    0.46322347]
 [  5.79254254  19.53574673   6.56548709  10.71797986   0.04383972
  -10.63530123]
 [  7.0539048    6.56548709  26.56853989   0.76964545  10.96326405
   13.51452851]
 [ -4.46517231  10.71797986   0.76964545  20.39436922   4.96069905
  -11.59140004]
 [ -4.54779955   0.04383972  10.96326405   4.96069905  20.62864121
   10.66463875]
 [  0.46322347 -10.63530123  13.51452851 -11.59140004  10.66463875
   31.2828409 ]]",1.857553094818238,"['u', 'g', 'r', 'i', 'z', 'y']","['g', 'r', 'i', 'z', 'y']",[1.45073296 2.81064768 5.26337312 1.09630212 3.51383929 2.39249962],"[[ 0.80228424  0.4412373   0.45150051 -0.30557176 -0.2971236   0.00936085]
 [ 0.4412373   1.30287869  0.41344313  0.76742954 -0.03974674 -0.78939842]
 [ 0.45150051  0.41344313  1.70371727 -0.03218224  1.09325476  1.11634811]
 [-0.30557176  0.76742954 -0.03218224  1.13654373  0.27085199 -0.79037609]
 [-0.2971236  -0.03974674  1.09325476  0.27085199  1.49644235  1.10138024]
 [ 0.00936085 -0.78939842  1.11634811 -0.79037609  1.10138024  2.03063768]]",0.4641637077270607,0.7720794856653849,0.945740416607258,0.0828050144052603,0.1305151760134721,0.7063915963780163,0.8563041303628737,2.407317108785087,3.6355463454842485
152,deblctriple73,06112026,7.583521083285716,0.3686628090837467,0.5282759955578092,0.5443718693428007,72.795570077764,0.524847475973389,0.5689528966163386,0.0210842271548577,0.0233434535330689,3,-0.6037395070506163,2.2725742562435896,0.1033303645244849,0.1496495931003283,1.3498619756159846,0.0,1.4754485319076123,22.466313222374417,22.22289572709308,21.74515119485804,21.60127449390318,21.56823304121569,21.57205822357321,GAL-QSO-LENS_0.0275_0.0116,0.3507171795588181,1.4998271084604309,0.0274533090689771,0.0116259076329943,-0.3102301123615222,-0.0192979230271299,-0.006663058985334,0.0111400828545917,0.0,0.0,-0.0242176390246411,22.466313222374417,24.29071125615372,0.5486444325048607,4.0,-0.2326126302290943,0.0703704551087719,0.0274533090689771,0.0116259076329943,-0.4281364740349447,0.4259766051150128,-0.208405122371356,-0.1794927368472253,20.79787768732038,20.49948723738508,23.61602221787626,0.3349602618908728,1.0,-0.183880483224761,-0.1041773850820993,0.0171749216436429,-0.0731330637229515,22.22289572709308,23.22746566540978,0.5486444325048607,4.0,-0.2326126302290943,0.0703704551087719,0.0274533090689771,0.0116259076329943,-0.4281364740349447,0.4259766051150128,-0.208405122371356,-0.1794927368472253,20.55446019203904,20.256069742103744,23.388514089515382,0.3349602618908728,1.0,-0.183880483224761,-0.1041773850820993,0.0171749216436429,-0.0731330637229515,21.74515119485804,21.922447430300736,0.5486444325048607,4.0,-0.2326126302290943,0.0703704551087719,0.0274533090689771,0.0116259076329943,-0.4281364740349447,0.4259766051150128,-0.208405122371356,-0.1794927368472253,20.076715659804,19.778325209868704,23.19104369583818,0.3349602618908728,1.0,-0.183880483224761,-0.1041773850820993,0.0171749216436429,-0.0731330637229515,21.60127449390318,21.04490569233681,0.5486444325048607,4.0,-0.2326126302290943,0.0703704551087719,0.0274533090689771,0.0116259076329943,-0.4281364740349447,0.4259766051150128,-0.208405122371356,-0.1794927368472253,19.932838958849143,19.634448508913845,22.96213705217077,0.3349602618908728,1.0,-0.183880483224761,-0.1041773850820993,0.0171749216436429,-0.0731330637229515,21.56823304121569,20.669821282089664,0.5486444325048607,4.0,-0.2326126302290943,0.0703704551087719,0.0274533090689771,0.0116259076329943,-0.4281364740349447,0.4259766051150128,-0.208405122371356,-0.1794927368472253,19.89979750616165,19.60140705622636,22.754935125696417,0.3349602618908728,1.0,-0.183880483224761,-0.1041773850820993,0.0171749216436429,-0.0731330637229515,21.57205822357321,20.441961574098947,0.5486444325048607,4.0,-0.2326126302290943,0.0703704551087719,0.0274533090689771,0.0116259076329943,-0.4281364740349447,0.4259766051150128,-0.208405122371356,-0.1794927368472253,19.90362268851917,19.60523223858388,22.39200475588156,0.3349602618908728,1.0,-0.183880483224761,-0.1041773850820993,0.0171749216436429,-0.0731330637229515,153.80376587539004,1.3498619756159846,-5.146002444580625,4.649157017728081,-3.6705539126730127,6.119703682255312,3.0,0.0210842271548577,0.0233434535330689,0.524847475973389,0.5689528966163386,0.1033303645244849,0.1496495931003283,-1.566821555836004,1.5796140782249632,0.0,1.4754485319076125,0.012980670285051,0.0171749216436429,-0.0731330637229515,0.0171749216436429,-0.0731330637229515,22.96213705217077,4.075780509454102,7.583521083285716,-0.8163820995488651,19.634448508913845,19.859977460050416,-1.5397337560173407,0.5257511530714186,1.423911819897767,0.6089794664444182,100628105311.3947,<slsim.Lenses.lens.Lens object at 0x7fad741619d0>,-21.68586799955068,-21.92928549483201,-22.40703002706705,-22.55090672802191,-22.5839481807094,-22.580122998351875,0.0903199511246181,,-0.3319620040242257,,20.725016188521654,,0.0903199511246181,,-0.3319620040242257,,20.481598693240315,,0.0903199511246181,,-0.3319620040242257,,20.003854161005275,,0.0903199511246181,,-0.3319620040242257,,19.859977460050416,,0.0903199511246181,,-0.3319620040242257,,19.826936007362928,,0.0903199511246181,,-0.3319620040242257,,19.83076118972045,,-2.8675162217471493,-4.971859112426837,,,0.0705143597563255,,0.845978308018599,,0.4741884522402902,,0.2966825887611576,,2.278486222833476,,1.4754485319076125,2.6545131858829385,-0.5939556828620992,-0.6478155865312033,2.182697820615214,,,,,,,,,,,,,,,,,,,,,,,,,,1.4754485319076123,2.2784862228334757,,0.8030376909258634,,,,,,,,,[-2.37875065  3.72910592  5.63598385],"[[ 2.26118059  1.71658031 -0.48485866]
 [ 1.71658031  3.49998684  1.63238368]
 [-0.48485866  1.63238368  2.15595448]]",0.9160083259380734,[-3.29620074 -1.82719825  1.31966483],"[[ 3.4556436   2.64296291 -0.51905865]
 [ 2.64296291  5.08447088  1.77273753]
 [-0.51905865  1.77273753  2.82903337]]",1.0913905215333057,[ 6.63964118 10.36272694  4.01275283],"[[ 4.06491271  2.59321954 -1.11085608]
 [ 2.59321954  5.519385    2.27309532]
 [-1.11085608  2.27309532  3.98357293]]",1.2142699747498666,[-1.05789685  4.20967812  5.44765809],"[[ 9.80732097  7.25235615 -1.17064132]
 [ 7.25235615 13.3464549   4.42611293]
 [-1.17064132  4.42611293  7.16818773]]",1.7778060579892594,"['u', 'g', 'r', 'i', 'z', 'y']","['r', 'i', 'z', 'y']",[-0.38517873  3.96442729  4.04592626],"[[ 0.91860437  0.68477769 -0.19206036]
 [ 0.68477769  1.33532451  0.562815  ]
 [-0.19206036  0.562815    0.8063803 ]]",0.5700250846850984,0.845978308018599,,0.0705143597563255,,0.4741884522402902,,2.2784862228334757,
153,deblcdouble442,06112026,6.913548706641474,0.5051419734912194,1.106369333397213,0.5694390141658344,47.94034753062751,0.5236869348286399,0.914143645591276,0.0257872784195455,0.0611316859097376,2,-0.5288848235928484,2.06514314990084,0.2757690746126904,0.5903969372368906,2.046907031154927,0.0,9.038645833320137,25.35535631008709,25.084064349923853,24.6854420686621,24.256220644033583,23.91333201975404,23.866594806146665,GAL-QSO-LENS_-0.0316_0.0350,0.2687997622202807,1.7683492495269908,-0.031636363995281,0.0349923574195493,-0.0413080603302188,0.1346146066890372,0.0056975876440197,-0.0032136649035189,0.0,0.0,0.0564751568991922,25.35535631008709,25.87421253700734,0.5668763367807637,4.0,0.0256871107919154,-0.0239361607148816,-0.031636363995281,0.0349923574195493,0.1142022734261862,0.0511071780031928,-0.2861680235253745,0.2150179921575924,23.301543629792352,24.187870051545083,26.641382408176888,0.2231559665252325,1.0,0.1315748373627223,-0.1311918954192349,-0.0386785457607051,-0.0130853953660358,25.084064349923853,25.67643535920075,0.5668763367807637,4.0,0.0256871107919154,-0.0239361607148816,-0.031636363995281,0.0349923574195493,0.1142022734261862,0.0511071780031928,-0.2861680235253745,0.2150179921575924,23.03025166962912,23.916578091381847,26.346963032101684,0.2231559665252325,1.0,0.1315748373627223,-0.1311918954192349,-0.0386785457607051,-0.0130853953660358,24.6854420686621,24.773272820377304,0.5668763367807637,4.0,0.0256871107919154,-0.0239361607148816,-0.031636363995281,0.0349923574195493,0.1142022734261862,0.0511071780031928,-0.2861680235253745,0.2150179921575924,22.63162938836736,23.517955810120093,25.97368142533513,0.2231559665252325,1.0,0.1315748373627223,-0.1311918954192349,-0.0386785457607051,-0.0130853953660358,24.256220644033583,23.875397404017523,0.5668763367807637,4.0,0.0256871107919154,-0.0239361607148816,-0.031636363995281,0.0349923574195493,0.1142022734261862,0.0511071780031928,-0.2861680235253745,0.2150179921575924,22.20240796373885,23.088734385491577,25.86654348844681,0.2231559665252325,1.0,0.1315748373627223,-0.1311918954192349,-0.0386785457607051,-0.0130853953660358,23.91333201975404,23.011404287233947,0.5668763367807637,4.0,0.0256871107919154,-0.0239361607148816,-0.031636363995281,0.0349923574195493,0.1142022734261862,0.0511071780031928,-0.2861680235253745,0.2150179921575924,21.859519339459304,22.745845761212035,25.54647570599652,0.2231559665252325,1.0,0.1315748373627223,-0.1311918954192349,-0.0386785457607051,-0.0130853953660358,23.866594806146665,22.405184586641088,0.5668763367807637,4.0,0.0256871107919154,-0.0239361607148816,-0.031636363995281,0.0349923574195493,0.1142022734261862,0.0511071780031928,-0.2861680235253745,0.2150179921575924,21.81278212585193,22.69910854760466,25.257745925183272,0.2231559665252325,1.0,0.1315748373627223,-0.1311918954192349,-0.0386785457607051,-0.0130853953660358,170.0033044006496,2.046907031154927,-11.756985652097107,6.630176230273133,-2.71833981877697,-2.93085615107277,2.0,0.0257872784195455,0.0611316859097376,0.5236869348286399,0.914143645591276,0.2757690746126904,0.5903969372368906,0.7693029437900584,-0.880543902267304,0.0,9.038645833320135,0.0065414178182864,-0.0386785457607051,-0.0130853953660358,-0.0386785457607051,-0.0130853953660358,25.86654348844681,4.680226474366543,6.913548706641474,0.2820437145431628,23.088734385491577,23.088734385491577,0.9342681321696163,0.7531403557904691,-0.3750639690834116,0.9321603278881022,147020478010.76245,<slsim.Lenses.lens.Lens object at 0x7fe6b1b38690>,-19.829127599910063,-20.100419560073306,-20.499041841335057,-20.92826326596357,-21.271151890243114,-21.31788910385049,,,,,,,,,,,,,,,,,,,,,,,,,,,,,,,,,,,,,,,,,,,,,,,,,,,9.038645833320135,,,-0.5288848235928484,2.06514314990084,,,,,,,,,,,,,,,,,,,,,,,,,,9.038645833320137,,,,,,23.587239565508998,9.118161484395303,83.14086885550995,,,,,,,16.64852011190743,28.893547285511293,5.375271833638862,21.059884252781615,30.89860355333497,5.5586512350870665,,,,"['u', 'g', 'r', 'i', 'z', 'y']","['u', 'i', 'z']",[19.51209126],[[12.65798672]],3.55780644793548,,,,,,,,
