main_deflector_parameters_center_x,main_deflector_parameters_center_y,main_deflector_parameters_dec_0,main_deflector_parameters_e1,main_deflector_parameters_e2,main_deflector_parameters_gamma,main_deflector_parameters_gamma1,main_deflector_parameters_gamma2,main_deflector_parameters_ra_0,main_deflector_parameters_theta_E,main_deflector_parameters_z_lens,source_parameters_R_sersic,source_parameters_center_x,source_parameters_center_y,source_parameters_e1,source_parameters_e2,source_parameters_mag_app,source_parameters_n_sersic,source_parameters_output_ab_zeropoint,source_parameters_z_source,lens_light_parameters_R_sersic,lens_light_parameters_center_x,lens_light_parameters_center_y,lens_light_parameters_e1,lens_light_parameters_e2,lens_light_parameters_mag_app,lens_light_parameters_n_sersic,lens_light_parameters_output_ab_zeropoint,lens_light_parameters_z_source,point_source_parameters_compute_time_delays,point_source_parameters_mag_app,point_source_parameters_output_ab_zeropoint,point_source_parameters_x_point_source,point_source_parameters_y_point_source,point_source_parameters_z_point_source,lens_equation_solver_parameters_min_distance,lens_equation_solver_parameters_num_iter_max,lens_equation_solver_parameters_precision_limit,lens_equation_solver_parameters_search_window,lens_equation_solver_parameters_x_center,lens_equation_solver_parameters_y_center,cosmology_parameters_cosmology_name,psf_parameters_point_source_supersampling_factor,psf_parameters_psf_type,detector_parameters_background_noise,detector_parameters_ccd_gain,detector_parameters_exposure_time,detector_parameters_magnitude_zero_point,detector_parameters_num_exposures,detector_parameters_pixel_scale,detector_parameters_read_noise,detector_parameters_sky_brightness,drizzle_parameters_output_pixel_scale,drizzle_parameters_psf_supersample_factor,drizzle_parameters_supersample_pixel_scale,drizzle_parameters_wcs_distortion,point_source_parameters_num_images,point_source_parameters_lens_ps_offset,point_source_parameters_x_image_0,point_source_parameters_y_image_0,point_source_parameters_magnification_0,point_source_parameters_mag_pert_0,point_source_parameters_x_image_1,point_source_parameters_y_image_1,point_source_parameters_magnification_1,point_source_parameters_mag_pert_1,point_source_parameters_x_image_2,point_source_parameters_y_image_2,point_source_parameters_magnification_2,point_source_parameters_mag_pert_2,point_source_parameters_x_image_3,point_source_parameters_y_image_3,point_source_parameters_magnification_3,point_source_parameters_mag_pert_3,seed,catalog_idx,lambda_int,beta_ani,sigma_v_4MOST_kmpersec,sigma_v_MUSE_bin0_kmpersec,sigma_v_MUSE_bin1_kmpersec,sigma_v_MUSE_bin2_kmpersec,sigma_v_NIRSPEC_bin0_kmpersec,sigma_v_NIRSPEC_bin1_kmpersec,sigma_v_NIRSPEC_bin2_kmpersec,sigma_v_NIRSPEC_bin3_kmpersec,sigma_v_NIRSPEC_bin4_kmpersec,sigma_v_NIRSPEC_bin5_kmpersec,sigma_v_NIRSPEC_bin6_kmpersec,sigma_v_NIRSPEC_bin7_kmpersec,sigma_v_NIRSPEC_bin8_kmpersec,sigma_v_NIRSPEC_bin9_kmpersec,fpd01,fpd02,fpd03,Ddt_Mpc,td01,td02,td03
0.0123262350546133,-0.0294697606747279,0.0,-0.2375205684325171,-0.0383080756588392,2.113862887737457,-0.0232879526531367,-0.0007534544828544,0.0,0.8423225446751768,0.6466130902357368,0.2670635837186202,0.2108887353053363,0.0571813534404774,0.0142641957898365,0.2917995699640492,25.64910640479715,1.0,25.1152,3.272536012946547,0.585340408835416,0.0123262350546133,-0.0294697606747279,-0.1252085717667578,-0.079406639421293,20.27464368399543,4.0,25.1152,0.6466130902357368,0,24.91235213209908,25.1152,0.2108887353053363,0.0571813534404774,3.272536012946547,0.04,500,1e-10,6.6000000000000005,-1.4406596515686882e-16,-2.338462043125986e-16,planck18,1,PIXEL,,1.5,1400.0,25.1152,1,0.04,3.0,21.9,0.04,1,0.04,,2,0.2166459833073872,1.0224358499225608,0.2582056686728826,3.272680991157318,1.282826371829332,-0.3712345878638644,-0.5724462439925829,-4.403135485331998,1.369026965063744,,,,,,,,,"(999436701,)",deblcdouble653,1.1109406746282011,0.0451800869477942,218.9982787269477,221.56386427376657,189.746286726976,168.62314366803705,237.67602439717987,204.7633736639856,191.9703610444029,182.31115034116775,170.8514199083847,165.34836072522378,165.93259933397107,168.90497380419566,169.87174227629257,167.1410456795831,-0.3867971504024665,,,3643.3541401611997,-43.84175854716554,,
-0.0092402703634775,0.0553565109941625,0.0,-0.170784638577908,-0.3263695364403955,1.7361853927920683,0.035391434365074,-0.0096245631389645,0.0,0.9716296484456096,0.6148298755228511,0.375773052416421,0.1791632122792964,0.1645547078157258,-0.0651958770456885,-0.1926262818363339,25.331095146673743,1.0,25.1152,2.4509444558520848,0.771271167558867,-0.0092402703634775,0.0553565109941625,-0.2014803381919324,-0.1362376832315238,19.969494305677348,4.0,25.1152,0.6148298755228511,0,23.23816446417956,25.1152,0.1791632122792964,0.1645547078157258,2.4509444558520848,0.04,500,1e-10,6.6000000000000005,-1.4406596515686882e-16,-2.338462043125986e-16,planck18,1,PIXEL,,1.5,1400.0,25.1152,1,0.04,3.0,21.9,0.04,1,0.04,,4,0.2177616092450799,1.2962349316608834,0.7176800775755668,2.709486364486368,1.0977230763074206,-0.7907948335448701,-0.3176869258631423,3.9513466797466936,0.7869268151314578,-0.5214838488851664,0.4719874097861093,-2.682474601960926,1.247416537406096,0.0582150102217023,-0.5764555789066546,-2.352225817751901,1.0809436691978618,"(999436701, 1)",deblcquad134,1.1554353012241263,0.0483098266686284,183.93776341999907,182.6401747732045,189.88912020409097,190.76393804294608,178.1953018322213,185.47755888880585,187.95828271733936,193.98304977678103,193.6868409004769,189.78813808251036,188.38198957170977,190.9093868178097,196.68061772614735,203.40593465137275,-0.505634155042369,-0.5677419042665608,-0.5719854768092272,3693.352029501067,-60.424794683249345,-67.84685657856586,-68.353976196687
-0.0356900144259436,-0.028720311285088,0.0,-0.0534441816508548,-0.0484922885939601,2.0176516892254104,-0.0046088779129942,0.0218041414488992,0.0,0.277570565729602,1.063871992079607,0.2808437399479228,-0.0668615069318782,-0.1461406337029461,0.03869265205763,0.1462823576257548,25.16555948458775,1.0,25.1152,2.1157092922446066,0.2950712638427793,-0.0356900144259436,-0.028720311285088,-0.0995472016629047,-0.02742414919658,23.5340276145042,4.0,25.1152,1.063871992079607,0,22.939993149557377,25.1152,-0.0668615069318782,-0.1461406337029461,2.1157092922446066,0.04,500,1e-10,6.6000000000000005,-1.4406596515686882e-16,-2.338462043125986e-16,planck18,1,PIXEL,,1.5,1400.0,25.1152,1,0.04,3.0,21.9,0.04,1,0.04,,2,0.1214874234715729,-0.1956958430907199,-0.3998926689481574,2.2289892377909544,0.7509912228089224,-0.0136675139259709,0.1263911520045843,-0.9335585204013108,0.8012221347739734,,,,,,,,,"(999436701, 2)",deblcdouble91,0.9721371297423328,0.1259580425120083,142.38636966669688,142.209997253484,127.2743996524466,114.90528264787066,148.79599070010528,132.8730152184265,121.593654963252,121.94785261193272,124.1087830937162,117.83496763432608,109.89477027477749,103.79595893830292,100.07490162162084,98.91972973307657,-0.0692093602500098,,,9789.851900232772,-18.44509652626538,,
-0.037635703207098,0.0122617980764336,0.0,0.0407376891653336,0.1068629107942469,1.870207441696951,-0.0042617060037124,0.0067439167001614,0.0,0.7816190320678552,0.3525673780128042,0.1101206133659238,-0.0162194023633033,0.2912485487232459,-0.002199272783202,0.1053719833764066,25.23067079165361,1.0,25.1152,1.3084145718831677,0.6375472905867493,-0.037635703207098,0.0122617980764336,0.1602880918446466,0.0441379853123224,18.67413237474561,4.0,25.1152,0.3525673780128042,0,24.713127720954937,25.1152,-0.0162194023633033,0.2912485487232459,1.3084145718831677,0.04,500,1e-10,6.6000000000000005,-1.4406596515686882e-16,-2.338462043125986e-16,planck18,1,PIXEL,,1.5,1400.0,25.1152,1,0.04,3.0,21.9,0.04,1,0.04,,3,0.2798075498950994,-0.1411025570956521,1.122308403211973,3.4975176606984744,1.004031332008852,-0.1638836866432276,-0.4175324863408288,-2.9304405668398292,1.462320825033737,-0.0376801459217882,0.0119854248547099,5.730131328951882e-06,0.7189448139412897,,,,,"(999436701, 3)",deblcdouble98,1.0214109419770994,-0.1122787109959415,164.6615544218877,164.89312409867904,162.6660107836488,158.66923026972802,165.4921957973455,163.86289453684228,163.80527397459934,164.24574378089858,159.06221192019822,155.92116248067074,157.34449643678667,162.10975408416942,167.12064543074558,169.30784950299665,,,,2120.1076926920314,,,
0.0300147056771489,-0.0372749867521116,0.0,0.004415790168663,0.0561468689798569,2.122833983626709,0.0700190830067562,0.0334656526386627,0.0,0.2833724474750298,0.91799749226776,0.6237275933169021,0.0941249600818862,0.220766924022797,0.296583983418505,-0.298256314142981,24.15636629043334,1.0,25.1152,2.995327272921224,0.2261611831063142,0.0300147056771489,-0.0372749867521116,-0.0092113544207691,-0.0203513142787467,24.0193254426795,4.0,25.1152,0.91799749226776,0,21.14927478676584,25.1152,0.0941249600818862,0.220766924022797,2.995327272921224,0.04,500,1e-10,6.6000000000000005,-1.4406596515686882e-16,-2.338462043125986e-16,planck18,1,PIXEL,,1.5,1400.0,25.1152,1,0.04,3.0,21.9,0.04,1,0.04,,2,0.2658867285823157,0.20587502384252,0.4442584103753156,2.0673870624580424,0.9822416008221068,0.0128876737752118,-0.0998123005198843,-0.0446984765967855,0.3305613776656881,,,,,,,,,"(999436701, 4)",deblcdouble23,1.0366854705338189,0.1356011177406952,130.27449627577442,128.1183764940287,108.22760512511869,87.90212786646238,134.915227652903,112.4605250747327,102.86592250329826,103.22511227202288,95.10057085859115,86.53439339733676,81.41173061517324,79.7221871828137,81.02161717630331,84.13753179396835,-0.14908165692093034,,,6053.992469268041,-26.20146314430765,,
-0.006463557565254,-0.0336105273905181,0.0,0.1159685941657608,-0.0185391370448749,1.8820648378184184,0.0088694715184528,0.0245323157347115,0.0,1.162921223664905,0.2191464928071784,0.4216779253257326,-0.3599876816040426,0.4888325675522464,-0.1754978168445926,0.1995253828891221,24.531844570455657,1.0,25.1152,1.1824444839066195,1.2108990063003278,-0.006463557565254,-0.0336105273905181,0.0696159095868824,-0.0628089367902167,17.047609511936944,4.0,25.1152,0.2191464928071784,0,23.44888315765286,25.1152,-0.3599876816040426,0.4888325675522464,1.1824444839066195,0.04,500,1e-10,6.6000000000000005,-1.4406596515686882e-16,-2.338462043125986e-16,planck18,1,PIXEL,,1.5,1400.0,25.1152,1,0.04,3.0,21.9,0.04,1,0.04,,3,0.6308138344478245,-0.7759673061749437,1.6282137756707638,2.689916229171226,0.8941510201110127,0.2453538348348407,-0.3159425982977673,-1.0475911689114723,1.2612764041087108,-0.0020481092658655,-0.039068506507756,0.0014808539018327,1.2575488945971107,,,,,"(999436701, 5)",deblcdouble29,1.0248265379460912,-0.0187740798977754,193.28931891496572,194.20090224744823,189.97997349227407,188.40450918143577,197.01653570000764,193.12080691978815,191.04264096068204,187.50230636129808,188.51702732687357,190.33062088615105,189.1682105903263,185.55034212964063,181.6343070692104,178.90606253386954,,,,1170.478426792431,,,
0.0308301806366282,0.0417808117747446,0.0,0.0227995948683327,-0.048536568528636,2.125921275341069,-0.0029296530485036,0.0667536705357457,0.0,0.3608907465474899,0.655057284848782,0.4475548794192073,0.0162890034817995,0.246341718750043,0.0342586815189638,0.1348393943500049,23.97108903465587,1.0,25.1152,3.061453355239927,0.134246804861559,0.0308301806366282,0.0417808117747446,0.0335960358561078,-0.0247079880989874,22.25498775268852,4.0,25.1152,0.655057284848782,0,20.287780428421563,25.1152,0.0162890034817995,0.246341718750043,3.061453355239927,0.04,500,1e-10,6.6000000000000005,-1.4406596515686882e-16,-2.338462043125986e-16,planck18,1,PIXEL,,1.5,1400.0,25.1152,1,0.04,3.0,21.9,0.04,1,0.04,,2,0.2050770842771195,0.1159752981812953,0.5951386067534897,2.9144868943723528,1.324675150026828,0.0629100061143097,-0.1392065555091234,-0.3804740274323143,0.5614632096537457,,,,,,,,,"(999436701, 6)",deblcdouble112,0.8912985838730332,-0.0537559838466618,125.7442258866147,121.32623740329744,102.73657078029872,86.46592829276936,126.5357554193311,105.63529572902752,99.8222733505232,87.243269319423,81.91634948824202,84.31849341068038,89.53016876005346,93.2008533624649,94.66964462306656,94.0029539512709,-0.15328844037558642,,,3767.4692070729516,-14.414340542408612,,
-0.0428066811727673,-0.0232940941843431,0.0,-0.0143109669234606,0.0648050500439331,2.2839108532036048,0.0055456534952078,0.0260638916363817,0.0,0.5173041112121287,0.7100067119006578,0.0417426209292482,0.0660983574930634,0.0959080202113097,-0.1018071325623045,0.0620421016407106,27.652580509593047,1.0,25.1152,1.524903194762491,0.4359111772609053,-0.0428066811727673,-0.0232940941843431,-0.0278387376849631,0.0451053871431971,21.064871193287047,4.0,25.1152,0.7100067119006578,0,24.18542518597163,25.1152,0.0660983574930634,0.0959080202113097,1.524903194762491,0.04,500,1e-10,6.6000000000000005,-1.4406596515686882e-16,-2.338462043125986e-16,planck18,1,PIXEL,,1.5,1400.0,25.1152,1,0.04,3.0,21.9,0.04,1,0.04,,2,0.1614603713708115,0.4207992577093954,0.4386665816544174,4.488972683349819,1.292142017567143,-0.3025800880641281,-0.3262695648718962,-2.0984464977963837,1.3005754543224282,,,,,,,,,"(999436701, 7)",deblcdouble125,1.136557786701033,0.2355333376232209,234.2107541374349,234.94452220483993,179.22064209361534,148.7548142467022,261.0416856429166,199.9361644209956,176.12862979028074,157.08068884305266,149.74244105818553,149.96506288721153,148.4187377494657,141.795514994262,133.05477070099104,125.11151881806876,-0.1679041484100923,,,5961.483613344249,-31.858090922889787,,
-0.0401681382236908,-0.0116147077363646,0.0,-0.0306372972629995,0.0366833916194532,2.018789013168656,0.0079629743526308,-0.0011863680288783,0.0,0.3053621685792045,1.534854089800355,0.5073578322678478,-0.1255915316922632,-0.0435092005248836,0.1124569485371464,0.1245456727667737,24.133633971926777,1.0,25.1152,2.76802548170783,0.3256851030969326,-0.0401681382236908,-0.0116147077363646,0.0064894038738734,-0.0249908119446434,25.14765419692033,4.0,25.1152,1.534854089800355,0,22.823444779183035,25.1152,-0.1255915316922632,-0.0435092005248836,2.76802548170783,0.04,500,1e-10,6.6000000000000005,-1.4406596515686882e-16,-2.338462043125986e-16,planck18,1,PIXEL,,1.5,1400.0,25.1152,1,0.04,3.0,21.9,0.04,1,0.04,,2,0.0911834130855136,-0.4275301077550494,-0.1035974344434104,2.6708140273396475,0.6815630987885111,0.1519587825717193,0.0871967357101847,-2.2859655978680156,1.012451144043863,,,,,,,,,"(999436701, 8)",deblcdouble107,0.9366143161334924,0.1135904462864902,165.62581007718677,166.2270977556465,148.58287874087603,137.06528673140255,174.4263445157702,156.05650551729235,143.46542951508314,140.1615432430114,144.66139628274544,141.73487615490723,133.4600029919982,125.52735700230669,119.61692918888444,116.23228659536778,-0.05653841519728782,,,15988.98437894404,-23.710338023080702,,
0.042677250073627,-0.0368767426523182,0.0,0.0604451861956766,0.0226794180639006,2.0954435498942456,-0.0080711653359725,-0.0063472445998601,0.0,0.8577536906973716,0.5975119066982756,0.151509110500649,0.2023803459777858,-0.4453670959505907,-0.1022846910616541,-0.0649896923662056,25.119881183940947,1.0,25.1152,2.024998137191154,0.6471503564387877,0.042677250073627,-0.0368767426523182,0.0157104118559107,0.005369420918038,19.9635504628536,4.0,25.1152,0.5975119066982756,0,23.777689451949115,25.1152,0.2023803459777858,-0.4453670959505907,2.024998137191154,0.04,500,1e-10,6.6000000000000005,-1.4406596515686882e-16,-2.338462043125986e-16,planck18,1,PIXEL,,1.5,1400.0,25.1152,1,0.04,3.0,21.9,0.04,1,0.04,,2,0.4385994158444815,0.4817559299810097,-1.2502243589059636,2.584378195221379,1.1079116272368803,-0.1504612676569778,0.4085467420535542,-1.4131568523666924,1.2453594212748793,,,,,,,,,"(999436701, 9)",deblcdouble221,0.9282887490589768,0.1982653849166294,212.21934673280617,215.72514585417267,184.23445051406463,162.19163095131356,232.4433923587388,199.4405498691085,185.52573562581,178.19859501816552,167.1079136804018,159.61792037938798,157.8198411083317,159.83612192754174,162.3759824776419,162.46943102921148,-0.7743197105129513,,,3800.999619488681,-76.5092019888138,,
-0.0509611330311896,-0.0072162736631911,0.0,0.1231720994689042,-0.0008421359539496,2.180049379163338,0.0173887308063678,0.0099084790211078,0.0,0.4134905840364016,2.00633478653674,0.1813739597234354,-0.024208293529273,-0.0148321194793704,0.0119033279319492,0.0043544901611336,26.77931743654038,1.0,25.1152,3.512735279662832,0.5249858297853522,-0.0509611330311896,-0.0072162736631911,0.1583043782182512,0.0014915640702625,25.92615540422369,4.0,25.1152,2.00633478653674,0,25.528011609868507,25.1152,-0.024208293529273,-0.0148321194793704,3.512735279662832,0.04,500,1e-10,6.6000000000000005,-1.4406596515686882e-16,-2.338462043125986e-16,planck18,1,PIXEL,,1.5,1400.0,25.1152,1,0.04,3.0,21.9,0.04,1,0.04,,4,0.0278157424655737,0.1445928930153956,-0.3875109966513445,8.014131037498657,0.8574185460222354,0.2766226289812596,0.2678775859393123,22.87508754877807,1.2648163074478629,0.3734513594124956,0.0623658430519571,-17.745513518516617,0.8838824362941704,-0.4305161650845242,0.0512459344355195,-4.892990820069372,1.1724862085139685,"(999436701, 10)",deblcquad119,1.1856943294530904,0.0277109992317642,258.74691322401566,261.44822180786673,215.75571099559568,188.4862968337908,283.8531377519114,235.86127192266943,218.0163377592207,201.79650375241891,188.84341282691196,185.2223914753765,187.43305260716963,188.62272675799852,185.0534266525244,178.2105889531228,-0.003581721369266877,-0.0039998025073609,-0.025270135919376005,21836.134521687974,-2.596885173041082,-2.9000100107128453,-18.321816390534185
0.0380197379547888,0.0125225759549938,0.0,-0.0258285941608968,0.0447351317024585,2.2131708964461985,-0.0026882900734121,0.0239993819371618,0.0,0.9118321136551016,0.4505500192755759,0.196273772875055,-0.0344105808588313,0.1189617457189202,0.298301281906618,0.1738047490457522,27.15466917179702,1.0,25.1152,3.254451386485446,0.7548737028320572,0.0380197379547888,0.0125225759549938,-0.0180746814023885,0.0144518496076246,19.44807459718568,4.0,25.1152,0.4505500192755759,0,25.487021704398742,25.1152,-0.0344105808588313,0.1189617457189202,3.254451386485446,0.04,500,1e-10,6.6000000000000005,-1.4406596515686882e-16,-2.338462043125986e-16,planck18,1,PIXEL,,1.5,1400.0,25.1152,1,0.04,3.0,21.9,0.04,1,0.04,,2,0.1287456715523927,-0.5811236400546603,0.8054740361829169,7.771766658661163,1.1318160419350032,0.4217472347390015,-0.6877605951125775,-2.78335405305532,0.5884740243091336,,,,,,,,,"(999436701, 11)",deblcdouble11,1.0250267659448946,-0.2048286346254041,220.75618466670352,225.07165499904008,188.1568417414948,162.16926536130498,246.4222252637182,206.91926347732525,187.67403794487447,180.81185727671593,172.31908263262144,162.46060137126457,155.67130121076914,152.61863321067565,152.63604076357873,154.0842616903456,-0.23404304506959184,,,2335.6453176144137,-15.690987768687819,,
0.0004351246723574,-0.0153499157496177,0.0,-0.0168389087022068,0.0188079928634473,1.9791547335597983,0.0104517670555322,-0.0288908515586222,0.0,1.368999074289308,0.5797447743124691,0.1471692673799519,0.22195692689888,0.2264163738586566,-0.0363772548482948,0.0619396716692683,29.31552821335005,1.0,25.1152,2.9723535888748893,0.6883097874323822,0.0004351246723574,-0.0153499157496177,-0.025543569796582,-0.0316026203932267,19.41555420757736,4.0,25.1152,0.5797447743124691,0,24.342954274336527,25.1152,0.22195692689888,0.2264163738586566,2.9723535888748893,0.04,500,1e-10,6.6000000000000005,-1.4406596515686882e-16,-2.338462043125986e-16,planck18,1,PIXEL,,1.5,1400.0,25.1152,1,0.04,3.0,21.9,0.04,1,0.04,,2,0.3279067667076094,1.2693361000637322,1.0369827077734983,4.176726858407783,0.5351338360342094,-0.6313755598470542,-0.7794393237751502,-3.4351537844767877,1.4863675863467718,,,,,,,,,"(999436701, 12)",deblcdouble86,0.936447005377218,0.0874542113125746,227.94817364973977,230.18188825801417,211.61964304097867,195.62838265505167,240.16503022042153,221.52119180358713,212.49636153820407,209.9898346142764,201.14088013730537,193.3658465849653,191.05220296047773,193.54439746786431,198.21407527229871,201.45452158920844,-0.8695977339392587,,,3241.3048323583057,-73.91522887375993,,
-0.0274905543242829,-0.0082886441850824,0.0,0.1572544277770866,-0.1395990630023956,2.052763410577976,0.0305654814860795,0.0168983892662396,0.0,0.572842615950377,0.867218248086168,0.6549754480050738,0.3705767368029012,-0.3634870587144594,-0.2639871412297144,0.0131266322542069,24.17956260117056,1.0,25.1152,3.0676431062676035,0.2826130309979073,-0.0274905543242829,-0.0082886441850824,0.0579771384636091,-0.1398047165260499,22.26704553156829,4.0,25.1152,0.867218248086168,0,20.323860150002623,25.1152,0.3705767368029012,-0.3634870587144594,3.0676431062676035,0.04,500,1e-10,6.6000000000000005,-1.4406596515686882e-16,-2.338462043125986e-16,planck18,1,PIXEL,,1.5,1400.0,25.1152,1,0.04,3.0,21.9,0.04,1,0.04,,2,0.5335011545906133,0.7085343056165518,-0.7432710482213155,2.905645688627824,1.1730199210810457,-0.0816927916586132,0.0319542857705134,-0.0894764548897384,1.3455188417785895,,,,,,,,,"(999436701, 13)",deblcdouble402,0.8906326540728347,-0.1016483531859448,162.786917422203,162.6199827788433,145.7166012511257,130.920215401985,169.83574198778788,151.92192007147176,139.1802890960572,140.09682575930285,141.39753372111392,133.65871101122767,124.99217566213515,118.51107674097014,114.67262781649924,113.69927043613131,-0.5759887089551647,,,5519.9090982650305,-79.29703606179292,,
0.0217782136806373,0.0297933547519921,0.0,-0.1403361167169043,0.0946621874234655,1.7903158258837255,0.014737777040925,0.0424928216918796,0.0,0.4035052241690572,0.6610138326668908,0.5174475404582483,-0.0507660460606347,0.1398383500311285,-0.2455302428188156,0.3640419455839666,23.595444016468416,1.0,25.1152,2.307565210842636,0.5319993348758865,0.0217782136806373,0.0297933547519921,-0.115804942567683,0.0123764726069472,21.628852037615687,4.0,25.1152,0.6610138326668908,0,20.950601108979185,25.1152,-0.0507660460606347,0.1398383500311285,2.307565210842636,0.04,500,1e-10,6.6000000000000005,-1.4406596515686882e-16,-2.338462043125986e-16,planck18,1,PIXEL,,1.5,1400.0,25.1152,1,0.04,3.0,21.9,0.04,1,0.04,,2,0.1318050477310876,-0.4272159586644881,0.3594374809894852,5.30739467134396,1.3586078527944587,0.0797640668045605,-0.165548959884463,-1.9173920973369376,1.0975194729354836,,,,,,,,,"(999436701, 14)",deblcdouble89,1.074436119659855,0.0980773837885704,130.9375023705764,130.74435538053487,130.7897156045799,132.62858096184178,130.1424482882425,130.7632272650513,133.25253981710867,130.49825087110682,127.6382972974687,130.0973159840318,135.7216819401386,139.96480540844874,140.0918305089198,137.0760424459079,-0.10726075303033722,,,4175.907644162846,-13.476737560601393,,
-0.0296434924902376,0.0427103745908202,0.0,-0.0487369048887837,-0.1287899106442329,2.312085483865893,-0.0093284728908136,0.0482628582765509,0.0,0.4747825013408351,0.8603783221241325,0.0832737734578003,-0.0601028122191206,0.1911810723457561,-0.0055807943529238,-0.2938765170795113,27.90835511188972,1.0,25.1152,2.187080450891772,0.3745046392216323,-0.0296434924902376,0.0427103745908202,-0.0322096376546419,-0.1272344574981555,22.22065125215397,4.0,25.1152,0.8603783221241325,0,23.0108584940888,25.1152,-0.0601028122191206,0.1911810723457561,2.187080450891772,0.04,500,1e-10,6.6000000000000005,-1.4406596515686882e-16,-2.338462043125986e-16,planck18,1,PIXEL,,1.5,1400.0,25.1152,1,0.04,3.0,21.9,0.04,1,0.04,,2,0.1515629184536371,0.0832884896276319,0.6280280076873729,2.873540687451005,1.0353826244945457,0.1054106764542631,-0.2813255143483457,-0.97483431973239,0.9811867348359324,,,,,,,,,"(999436701, 15)",deblcdouble87,0.8470351046348663,-0.0052596345121121,187.5619954884089,187.73000024682227,144.4122603626179,119.09361684135268,207.2864475931092,159.63572453794816,138.8468133189993,125.3239197812824,122.9600338500514,122.34273989479694,117.02509725519889,109.40868673042144,102.24001105602976,96.63194599396412,-0.1479743593090986,,,6446.438079398671,-22.626643702156212,,
0.0527539179873662,-0.019916495252019,0.0,0.0689738808031922,0.0574384620827408,1.9931215287983128,-0.006207754415803,0.0674999482715809,0.0,0.7492050115899108,0.509185994862705,0.1831816428196014,-0.0383159734196974,0.0856868583729242,0.2563771264593995,0.0959924941931034,27.551779236938195,1.0,25.1152,2.705544179930479,0.6940391405326519,0.0527539179873662,-0.019916495252019,-0.0031142814950035,-0.0058751725045438,19.8657838629892,4.0,25.1152,0.509185994862705,0,24.9644290651377,25.1152,-0.0383159734196974,0.0856868583729242,2.705544179930479,0.04,500,1e-10,6.6000000000000005,-1.4406596515686882e-16,-2.338462043125986e-16,planck18,1,PIXEL,,1.5,1400.0,25.1152,1,0.04,3.0,21.9,0.04,1,0.04,,2,0.1394481746661789,-0.2515046580904586,0.7962232120869018,5.266672193186707,0.9296089852265929,0.5171782012972963,-0.3632856459918177,-1.7388327598089373,0.5678005220736282,,,,,,,,,"(999436701, 16)",deblcdouble52,1.053625593514947,0.1447589286391281,179.26561817056128,181.75175417376207,164.94935409966826,151.09540041485295,190.90166090836735,173.80338645873124,165.59708929669804,163.08893735685768,155.8371514458353,149.4168502562023,147.27791711712032,148.90051441305792,152.29298010866063,154.710640877306,-0.2148395933318883,,,2808.0922145411537,-17.800182020122516,,
0.0442387224592817,0.0178587348550931,0.0,0.0319435038723477,-0.1094804841183183,1.971932264496552,-0.0053201765030674,-0.0477854807121333,0.0,0.9042104317342065,0.1207054431209794,0.4950302755647112,0.5013562722643685,0.3501919467796609,-0.3131730978153114,0.1686299698212734,24.70528089382904,1.0,25.1152,2.3786518032593964,1.1740450930515471,0.0442387224592817,0.0178587348550931,-0.0349520763000958,0.0432573307846816,16.256784250887527,4.0,25.1152,0.1207054431209794,0,20.92887693872293,25.1152,0.5013562722643685,0.3501919467796609,2.3786518032593964,0.04,500,1e-10,6.6000000000000005,-1.4406596515686882e-16,-2.338462043125986e-16,planck18,1,PIXEL,,1.5,1400.0,25.1152,1,0.04,3.0,21.9,0.04,1,0.04,,2,0.5651564545220251,1.17096283391137,0.9119223293214646,1.745334436637397,0.6791151149822521,-0.2313299189016832,-0.1544774453736776,-0.4524684864361959,0.6625914746270635,,,,,,,,,"(999436701, 17)",deblcdouble74,1.069272261852185,-0.0365719694868349,170.96414464452752,172.97719091959678,162.49740227721398,156.5428473293345,180.0195685980809,169.48924578579383,163.9229673213293,158.98399408853274,158.5658074442741,158.6230119760566,156.21261183582874,152.15878241695867,148.2628402030398,145.6231056949911,-0.9995161094900089,,,551.3588889051033,-16.501557018973642,,
0.0243070043789415,0.004313826561264,0.0,-0.0965794944578481,-0.1084215502633089,2.19690961863802,-0.0218166716850372,-0.0099147484252345,0.0,0.522659384292186,0.5362489255094178,0.7691811574917932,0.0346842385053771,0.1365936689755526,0.062049464451119,0.0773038570671713,25.00826626204572,1.0,25.1152,1.558413815558494,0.3679086711962483,0.0243070043789415,0.004313826561264,-0.0903221172566783,-0.0956784190577596,20.43741278574806,4.0,25.1152,0.5362489255094178,0,23.18431732697394,25.1152,0.0346842385053771,0.1365936689755526,1.558413815558494,0.04,500,1e-10,6.6000000000000005,-1.4406596515686882e-16,-2.338462043125986e-16,planck18,1,PIXEL,,1.5,1400.0,25.1152,1,0.04,3.0,21.9,0.04,1,0.04,,2,0.1326862603936967,0.2081066841559913,0.6129241328618877,3.596203387935061,0.9140345900911376,0.0750773603492783,-0.4024637276135511,-2.4040314735325508,1.36528527295584,,,,,,,,,"(999436701, 18)",deblcdouble104,0.9899144297325928,0.0895714272824846,181.5501632771355,181.3761062108538,147.39988675613617,127.79973852611322,196.97840412170768,160.47182145385102,142.8855555202091,131.734480458594,131.7392563577894,131.78535151730568,126.00888094487964,118.00190262870414,110.7228526573586,105.25349644635806,-0.14188919929900573,,,3639.0971051055694,-14.313738606554345,,
0.0522808511904851,0.0011931846649749,0.0,-0.0641611419726792,-0.0193517469454549,2.4446115201830096,0.0273445390961675,0.0364785203058819,0.0,0.5345949901598289,0.3137880687027178,0.4131332803931272,-0.5996651643017114,-0.1326463396335132,-0.213550135324226,-0.2465045818928534,24.890326087179808,1.0,25.1152,2.4213310258042275,0.2239180990508253,0.0522808511904851,0.0011931846649749,0.0079167117878277,-0.0091019880619697,19.40555479315833,4.0,25.1152,0.3137880687027178,0,20.71140611071079,25.1152,-0.5996651643017114,-0.1326463396335132,2.4213310258042275,0.04,500,1e-10,6.6000000000000005,-1.4406596515686882e-16,-2.338462043125986e-16,planck18,1,PIXEL,,1.5,1400.0,25.1152,1,0.04,3.0,21.9,0.04,1,0.04,,2,0.6655423543100746,-1.0173923737437234,-0.2507112261110154,1.2813532663536225,1.007990032931881,0.2407705277920134,0.0388099324219379,-0.1230985483254482,1.1276899256851045,,,,,,,,,"(999436701, 19)",deblcdouble96,1.0533362558492392,-0.0142885066065956,209.16896596816565,196.2922422598346,141.56752569446994,96.83678062675072,213.42609065882735,149.3770386302341,124.98031936356485,119.12970118800834,106.85247229610378,95.0111870963024,87.22032796158203,83.15386746890852,82.17649229512523,83.20212436224955,-0.7746960923603847,,,1590.012281863497,-36.33384188919988,,
0.0292578642266724,0.0055512580734084,0.0,0.062268260644366,-0.0215024042775629,2.210825748193612,0.0051872021738448,0.0242333266121989,0.0,0.8002525077325772,0.5063247879657855,0.362680997658756,0.3432283392006691,-0.4871472427802959,0.1328440686542525,-0.0930613412575927,23.698238242985653,1.0,25.1152,1.6776269659812224,0.2554565267448342,0.0292578642266724,0.0055512580734084,-0.0050992832304254,0.0961359282313996,19.65839744291409,4.0,25.1152,0.5063247879657855,0,22.37459088573892,25.1152,0.3432283392006691,-0.4871472427802959,1.6776269659812224,0.04,500,1e-10,6.6000000000000005,-1.4406596515686882e-16,-2.338462043125986e-16,planck18,1,PIXEL,,1.5,1400.0,25.1152,1,0.04,3.0,21.9,0.04,1,0.04,,2,0.5842339188192387,0.6485002139302737,-1.1141056938449554,1.507889934984063,0.7239205936058954,-0.1808664280179494,0.2934429549650302,-0.4696204794392369,1.2505408392708457,,,,,,,,,"(999436701, 20)",deblcdouble99,0.8074646138811227,-0.1045051839960082,207.97723310279147,206.01818529920385,169.44727456976224,137.7905384689911,219.75873110560636,179.21666754851995,158.0304049368418,157.31201839370058,151.26759613319422,138.6861138446056,128.40343084370758,121.71395590780192,118.59205229564014,118.83181709099968,-0.9306383007843206,,,3226.3584417372044,-67.89370059593577,,
-0.0517985166134487,-0.0121391008372264,0.0,0.0124255286619015,0.0372108525052081,2.051581754235288,0.0240813844633711,0.0072775729372105,0.0,0.6806211997032878,1.5792479009514169,0.3928746096755416,-0.2033337348073078,-0.4120474624794484,0.1825706001076432,0.0779981204534179,24.66734276618765,1.0,25.1152,2.9197709013270035,0.7176015348339025,-0.0517985166134487,-0.0121391008372264,0.0203196498425454,0.0282915630564356,24.169042150283712,4.0,25.1152,1.5792479009514169,0,20.21637408380399,25.1152,-0.2033337348073078,-0.4120474624794484,2.9197709013270035,0.04,500,1e-10,6.6000000000000005,-1.4406596515686882e-16,-2.338462043125986e-16,planck18,1,PIXEL,,1.5,1400.0,25.1152,1,0.04,3.0,21.9,0.04,1,0.04,,2,0.4276559599309083,-0.455497242181438,-1.0095650500892854,2.980795083383361,1.1200255307852034,0.0533940864161371,0.2445873609922733,-0.3927605689340095,0.7289763176210093,,,,,,,,,"(999436701, 21)",deblcdouble37,0.8744040523089146,0.1511086560888125,252.79132043573145,256.4621935008634,226.060218503488,202.51309125001015,273.4877798618532,241.87680754751307,226.466647019461,221.57148548741517,211.1999170575124,201.00181694089233,196.19604406281027,196.53828174246533,199.9278798246273,203.08957945743057,-0.5750415061732083,,,15981.334720654077,-225.02814857108703,,
0.0358502135544069,-0.0300953880726318,0.0,-0.1731891963475851,-0.0523852715842916,2.171837313217133,-0.008423524695192,-0.0044353319169143,0.0,0.7554520271757785,0.2664255511155876,0.6169730910014641,0.2257024534297589,0.0037525030476911,-0.2092029296597999,0.3402283754806642,25.84346647946469,1.0,25.1152,1.6282050940489703,0.7731645565279998,0.0358502135544069,-0.0300953880726318,-0.0804899172385277,-0.1117559490158916,18.271120198537645,4.0,25.1152,0.2664255511155876,0,23.24400141024315,25.1152,0.2257024534297589,0.0037525030476911,1.6282050940489703,0.04,500,1e-10,6.6000000000000005,-1.4406596515686882e-16,-2.338462043125986e-16,planck18,1,PIXEL,,1.5,1400.0,25.1152,1,0.04,3.0,21.9,0.04,1,0.04,,2,0.1928459300036727,0.960940550533038,0.1177532206472598,1.269881771382345,0.4853580651922011,-0.5555432062520923,-0.1866215011225077,-5.210772953691951,0.6186873076799531,,,,,,,,,"(999436701, 22)",deblcdouble71,0.9989152155736984,0.0977915733812026,188.728816001672,191.77490951103823,160.08249037841136,137.8344906225195,210.26539896324135,176.1961455672172,159.67747125660958,153.9122172892373,146.6026158386126,138.0453511851274,132.2828751043754,129.8422273994418,130.04666565449966,131.47312183808805,-0.2976666851134312,,,1394.8253933688065,-11.614249449785603,,
0.0354404344725642,-0.0027568914296244,0.0,0.0829025523517637,-0.0217477816681373,1.9258093624170387,0.0,0.0,0.0,1.5074660688435766,2.03250823676131,0.3632937208489091,0.0053855856996709,-0.0371912089604292,0.0199610558082327,-0.0130720471092441,27.886695497646382,1.0,25.1152,3.452151934382396,1.8519857874058776,0.0354404344725642,-0.0027568914296244,0.0791280242044374,-0.0271775046486252,24.66399167297961,4.0,25.1152,2.03250823676131,0,25.53485293562144,25.1152,0.0053855856996709,-0.0371912089604292,3.452151934382396,0.04,500,1e-10,6.6000000000000005,-1.4406596515686882e-16,-2.338462043125986e-16,planck18,1,PIXEL,,1.5,1400.0,25.1152,1,0.04,3.0,21.9,0.04,1,0.04,,4,0.0457057562958297,-0.3580337501995024,-1.552393830246953,4.637749100009272,0.5636220375619043,-0.058831408184185,1.5118451083978406,13.823749554682642,1.0862757531656584,-1.3421584593761289,0.5233412980486766,-8.954810486383558,0.8423128891679833,1.454364677356282,0.0685041093720294,-9.619712059361223,1.2944759712010885,"(999436701, 23)",deblcquad281,0.8330217948532449,-0.0458182483176767,381.9212612322304,384.7542653576669,371.2468144916058,361.0134928189223,393.79707017220875,381.0232047227268,374.8526456820194,371.23833969758823,363.3503536690203,358.97936019764535,359.24822344687266,361.44543756411576,362.5274807735526,360.8638412270026,-0.11705984578195583,-0.16735462780406496,-0.23936119880878137,23071.713614871875,-63.00232967440813,-90.07129099665045,-128.8256708171483
0.0399376341859639,-0.0390951904083145,0.0,-0.0703109821259615,0.0509318433448164,2.000891767841551,0.0017340261478255,0.0002865771194551,0.0,0.5154889613404456,1.4226007065989126,0.3354472656885023,0.0487644231271566,-0.3002580744706621,-0.4533063191078492,-0.1643043872113826,25.84122884433556,1.0,25.1152,3.698996224702912,0.4167192415707587,0.0399376341859639,-0.0390951904083145,-0.0048779709297944,0.0461086676440492,23.95303159447333,4.0,25.1152,1.4226007065989126,0,22.352020275470863,25.1152,0.0487644231271566,-0.3002580744706621,3.698996224702912,0.04,500,1e-10,6.6000000000000005,-1.4406596515686882e-16,-2.338462043125986e-16,planck18,1,PIXEL,,1.5,1400.0,25.1152,1,0.04,3.0,21.9,0.04,1,0.04,,2,0.2613120054930036,0.1353369351198184,-0.796790807304631,3.305079422962071,0.9551311238209284,0.0471269813100295,0.2019041601122942,-1.0400860159215854,1.3554154843381163,,,,,,,,,"(999436701, 24)",deblcdouble49,1.175160395900826,0.1723716181665917,203.89574206948748,204.8386899450357,182.79722788894563,173.64865148917897,215.46642036452624,193.29358820592856,183.04859812751835,171.3615366483047,171.21652936523046,176.61013484611206,176.48683192383072,169.76578767575114,161.114548234879,153.63470409793294,-0.2632324665986039,,,10725.97760551431,-92.91502130723762,,
0.0224942912711123,0.0161203926676427,0.0,-0.1072788301427854,-0.0653911029038246,2.019425452594652,0.0493573546516533,-0.0375163968104785,0.0,0.373860242162459,1.123874117478853,0.3677011639132728,0.2881019977767975,-0.0293405592350198,0.2275688474536472,0.2934123141504555,23.327954946500583,1.0,25.1152,3.373611398022724,0.2882178778459541,0.0224942912711123,0.0161203926676427,-0.040548603750812,-0.0395669248691923,23.808645737896644,4.0,25.1152,1.123874117478853,0,21.525067733578183,25.1152,0.2881019977767975,-0.0293405592350198,3.373611398022724,0.04,500,1e-10,6.6000000000000005,-1.4406596515686882e-16,-2.338462043125986e-16,planck18,1,PIXEL,,1.5,1400.0,25.1152,1,0.04,3.0,21.9,0.04,1,0.04,,2,0.2694701317458141,0.7029812261648428,-0.0861858325687742,1.8533942653965192,1.0019165931648977,-0.0992508141097344,0.0500784115519906,-0.7483922206610601,1.3120320876249916,,,,,,,,,"(999436701, 25)",deblcdouble108,0.8859133961849232,-0.0705973298458855,136.7823065148797,137.08702252678154,124.7483175638598,113.9952100926648,142.500274579968,129.53988254527982,119.57257706519144,120.54478108862382,122.63008911803894,116.63807925233873,109.2913578940494,103.66080777804892,100.24424895079056,99.26808584856325,-0.21966957515961183,,,7766.679035066364,-42.326170947132034,,
0.0198999005190302,0.0060409232153978,0.0,0.2081426645181331,-0.0780972723152799,2.1477627820455707,-0.0036264926859924,-0.0305501869422869,0.0,0.8545044092452755,0.5899479923718863,0.1188592305724375,-0.1503553467313591,-0.1543809814705264,0.5223848891441769,-0.0720988717321928,26.97324563923524,1.0,25.1152,2.652969910601945,0.5636225441199642,0.0198999005190302,0.0060409232153978,0.0768245834008347,0.1497319515528862,20.117901666569825,4.0,25.1152,0.5899479923718863,0,23.792245676860524,25.1152,-0.1503553467313591,-0.1543809814705264,2.652969910601945,0.04,500,1e-10,6.6000000000000005,-1.4406596515686882e-16,-2.338462043125986e-16,planck18,1,PIXEL,,1.5,1400.0,25.1152,1,0.04,3.0,21.9,0.04,1,0.04,,2,0.2339274176306637,-0.4671556167392495,-0.9280052025997728,1.442245213876142,0.5333473902169797,0.6144932181604511,0.2146550712484119,-2.1645332456062656,1.4271427868853537,,,,,,,,,"(999436701, 26)",deblcdouble25,0.9644802571504107,-0.107242494876679,211.361650796948,213.63839076933695,181.80658765987528,161.04976925125342,229.53035760426283,196.6185348425275,183.94943410656944,173.74822063572267,162.7768145795117,157.93715036243947,158.8198561073387,161.33089082183457,161.2905192713764,157.83766896792406,-0.42728486732350185,,,3412.426080413502,-39.38098291384603,,
-0.0431549032466785,-0.0305623980126669,0.0,-0.0564691202558203,0.345963188054625,2.2135199695625447,0.0069499670330285,0.0168261820029944,0.0,0.3119436181593995,0.501445222651555,0.2220549386759185,0.1128483541341092,-0.0343770686987572,0.113185388940742,0.2827939534294054,23.29582552860445,1.0,25.1152,1.0117087358894288,0.2043816090278323,-0.0431549032466785,-0.0305623980126669,-0.012313076950029,0.2085083803456741,20.62692374107895,4.0,25.1152,0.501445222651555,0,22.358745192009906,25.1152,0.1128483541341092,-0.0343770686987572,1.0117087358894288,0.04,500,1e-10,6.6000000000000005,-1.4406596515686882e-16,-2.338462043125986e-16,planck18,1,PIXEL,,1.5,1400.0,25.1152,1,0.04,3.0,21.9,0.04,1,0.04,,2,0.1560498895413246,0.3898264143204087,-0.1328231748788305,1.5359595645973982,0.8638315392304128,-0.214149825548737,-0.0999812675685632,-0.5481681130004671,0.7715242608948496,,,,,,,,,"(999436701, 27)",deblcdouble35,1.1098628583219905,0.1740562457277286,165.75359886287006,159.86970796849914,127.98178213046924,97.3111084258297,169.76124864360423,133.0638683383898,121.00085856472742,116.37248798304836,103.65918362910676,94.10329727299376,89.67710694045513,89.72615580311974,92.8016409564858,96.55547480251695,-0.1015793951216433,,,4384.760618304808,-13.84309736677691,,
0.0166468795990767,0.039930766033614,0.0,-0.0726301310786677,0.2057368457096187,1.9983297668551327,-0.001234634541738,-0.0151290103158115,0.0,0.2724696681918093,0.8962453616688291,0.531441961615967,0.2221665584656204,0.0427536785551579,0.4161391250113282,-0.003471131555078,23.624156625495026,1.0,25.1152,2.187126610820348,0.170836110762566,0.0166468795990767,0.039930766033614,-0.0944183572174046,0.2131181991702416,23.22935296987312,4.0,25.1152,0.8962453616688291,0,21.1928637796262,25.1152,0.2221665584656204,0.0427536785551579,2.187126610820348,0.04,500,1e-10,6.6000000000000005,-1.4406596515686882e-16,-2.338462043125986e-16,planck18,1,PIXEL,,1.5,1400.0,25.1152,1,0.04,3.0,21.9,0.04,1,0.04,,2,0.2055390649889006,0.4954884179627161,-0.0387997426949667,2.2780094426867614,1.191655824886086,-0.0480515344380387,0.0261214375791056,-0.2728763656678724,0.8172366887632267,,,,,,,,,"(999436701, 28)",deblcdouble66,0.8799918081088627,-0.0037765118198686,116.80896792852182,115.340362082272,104.49774359578892,90.89646589450132,118.65940633028217,106.16306035502171,106.25350650600272,99.4173502499673,90.54801775036812,87.10501849410574,89.19998990152274,94.5879409574565,100.05731734792754,103.73906737465506,-0.11490849218408804,,,6911.264010743389,-19.570444208676438,,
-0.0394562344466655,-0.0152054218499468,0.0,0.10702463210255,-0.1605818721806831,1.8634078524186013,-0.0239500168762711,-0.0223195466434233,0.0,0.8820572003690065,1.9797761824766045,0.3146677387334164,-0.2130240912223872,0.3044180038570077,-0.1304078295679188,0.1887928815975216,25.54922946731832,1.0,25.1152,4.1774497773520185,0.6837703035308373,-0.0394562344466655,-0.0152054218499468,0.1178951173180917,-0.1491586424739096,25.15406396536333,4.0,25.1152,1.9797761824766045,0,22.959584613239755,25.1152,-0.2130240912223872,0.3044180038570077,4.1774497773520185,0.04,500,1e-10,6.6000000000000005,-1.4406596515686882e-16,-2.338462043125986e-16,planck18,1,PIXEL,,1.5,1400.0,25.1152,1,0.04,3.0,21.9,0.04,1,0.04,,2,0.3637099602243063,-0.2917622693337076,1.2890839189241885,2.2416135273867437,0.7405152891674858,0.2204667217328761,-0.3058088376892813,-1.142198693014488,1.0624820430988338,,,,,,,,,"(999436701, 29)",deblcdouble106,1.0159591250071187,-0.0855936754620384,258.5706169338363,258.91677731936034,256.18530312449366,249.20187974753455,259.730645884227,257.75194253449945,256.556503323838,259.27817656060705,252.55417358489817,246.07404695499787,245.6699724491729,251.0501670281413,259.0900327988924,265.07314941768004,-0.6655109321847441,,,17548.642535196454,-332.26714634623534,,
-0.0177442840993068,-0.0402155023623568,0.0,0.040093875938218,-0.2348460454515368,2.2671066053449533,0.0264264808229202,-0.0462538081500895,0.0,0.6106599868853831,1.3883597954309757,0.4237760002016284,0.0313115710306712,-0.0037911165349177,-0.416003650519128,0.3486057482981847,24.30804591419953,1.0,25.1152,2.839309013747614,0.7770666869233187,-0.0177442840993068,-0.0402155023623568,-0.086238540533466,-0.1641931185706674,22.93429326242894,4.0,25.1152,1.3883597954309757,0,22.740845557173493,25.1152,0.0313115710306712,-0.0037911165349177,2.839309013747614,0.04,500,1e-10,6.6000000000000005,-1.4406596515686882e-16,-2.338462043125986e-16,planck18,1,PIXEL,,1.5,1400.0,25.1152,1,0.04,3.0,21.9,0.04,1,0.04,,4,0.061100022957766,0.4933211034293132,0.3679428548049652,4.707266448636976,1.251718137320835,-0.2564007866221078,-0.5431396323966927,29.235752230161996,0.6793598614527957,-0.0770098243945731,-0.6006915190721616,-31.576557861426075,0.8872681403086332,-0.5752169349479171,0.1238189576291111,-6.815190902078264,1.1767654240283172,"(999436701, 30)",deblcquad270,1.125744452604191,0.0160162803705073,284.0400953457945,290.3414401530819,232.04097999349815,193.524122824279,324.31131827583766,260.3843144105889,230.8562941254221,219.55554277400665,207.64443054748529,194.20434414344265,184.67342290181296,179.80064348371204,178.75510116171571,179.76184747369402,-0.07585249009042222,-0.07596535419903278,-0.0831492328516042,12579.891100537236,-30.081465087926333,-30.126224564362786,-32.97519622799065
0.0417232141767836,-0.0153921528141182,0.0,0.0525070121643078,-0.1063131622693293,2.1727298508075177,-0.019201793359218,0.0084288362232896,0.0,0.9886540539069714,0.5962086589581834,0.3003701596697555,0.3246399842384195,-0.6079652065487935,0.1114734919192016,0.0371238996482663,25.506075579589982,1.0,25.1152,2.861114435898028,0.7212872455657494,0.0417232141767836,-0.0153921528141182,-0.0631265938683852,-0.090079054218262,19.992174738957296,4.0,25.1152,0.5962086589581834,0,22.45357669238509,25.1152,0.3246399842384195,-0.6079652065487935,2.861114435898028,0.04,500,1e-10,6.6000000000000005,-1.4406596515686882e-16,-2.338462043125986e-16,planck18,1,PIXEL,,1.5,1400.0,25.1152,1,0.04,3.0,21.9,0.04,1,0.04,,2,0.6566465737324355,0.5135768613827475,-1.5158665321417026,1.9450252991884291,0.9089115453597276,-0.1994471982718598,0.3708019714862002,-0.4970011914039359,1.1499260610712307,,,,,,,,,"(999436701, 31)",deblcdouble127,1.1575782674732402,-0.0547050837938343,255.62579681156575,260.4313946926041,219.7421390883773,190.51942081621277,283.37107901537956,240.1805477010372,219.62709697981265,212.1618491963308,201.02432982457523,189.74720570380777,183.2416025906678,181.56927012724665,183.14072620343617,185.2187635549396,-1.3122521236867088,,,3391.5525871725504,-144.27086944810688,,
-0.0265640972291068,0.033954078769969,0.0,-0.0431303047377646,-0.0834250902114374,2.120660561482804,0.0248607383696018,0.0043969089489536,0.0,0.5540690152838066,0.6380663553625014,0.5350978873820069,0.2938867425651287,0.337737467259005,-0.0738557395847143,-0.1995902854430898,23.8836107372764,1.0,25.1152,3.000842562894268,0.464699654086608,-0.0265640972291068,0.033954078769969,-0.0508614423335246,-0.0919842132256693,21.119175481688032,4.0,25.1152,0.6380663553625014,0,21.80018101912971,25.1152,0.2938867425651287,0.337737467259005,3.000842562894268,0.04,500,1e-10,6.6000000000000005,-1.4406596515686882e-16,-2.338462043125986e-16,planck18,1,PIXEL,,1.5,1400.0,25.1152,1,0.04,3.0,21.9,0.04,1,0.04,,2,0.4415575702518431,0.7282195663805041,0.6543135335117224,1.62848336140637,0.8992723357327614,-0.164485990867731,-0.1103099248661217,-0.4885609582422403,1.2819540718383964,,,,,,,,,"(999436701, 32)",deblcdouble80,1.1602018791146285,-0.1333430620917385,177.40355072799915,178.73006077642077,153.9694569035868,140.59195388827172,190.52798400801993,165.28402532883356,155.6464470918238,144.3009252596973,138.52238664859564,139.81590551838227,142.23399055804092,140.62951070809723,135.53909416630222,129.64519142326546,-0.5064368833292989,,,3659.4702200421657,-60.21290133896005,,
0.0097922957147354,0.0275254267479346,0.0,0.0646882710990208,-0.0397804950327717,2.152160495495673,0.0046309253918612,0.0008733351851447,0.0,1.5191865586779996,0.4190400816476989,0.7926133319214487,1.1155005944695,-0.1663731682586663,-0.3222667016874851,0.1953309191427135,23.088833299170552,1.0,25.1152,1.817430959129212,1.2470349878379487,0.0097922957147354,0.0275254267479346,0.0712055049022624,-0.0413000280497183,18.16632503397005,4.0,25.1152,0.4190400816476989,0,19.8599638131878,25.1152,1.1155005944695,-0.1663731682586663,1.817430959129212,0.04,500,1e-10,6.6000000000000005,-1.4406596515686882e-16,-2.338462043125986e-16,planck18,1,PIXEL,,1.5,1400.0,25.1152,1,0.04,3.0,21.9,0.04,1,0.04,,2,1.1225807352171555,2.4916372225908723,-0.3586112490094572,1.9541005556491704,0.8512826040456841,-0.5753853872728978,0.1388467473034159,-0.3162424238775019,0.976068515092568,,,,,,,,,"(999436701, 33)",deblcdouble31,0.971159886867296,-0.0698097323987727,290.64414866241833,297.45853368816626,256.3882185349907,233.32185407729617,325.2391756447635,281.2371703213329,261.26652289328825,246.08218632368545,239.29758033857817,236.1417221293019,231.2695925965392,223.89206247247205,216.06936464278743,209.6936172853964,-3.4026474155692155,,,2412.857325954985,-223.28100213571116,,
0.0519002783128932,0.00730782604908,0.0,-0.0404262718351868,-0.1359073484516666,2.095745550099476,0.0258744498436106,-0.006333337466859,0.0,0.4111474602092915,0.4035928499603059,0.4651466183810008,0.1583057392739902,0.2811655030188333,-0.0220349614548165,-0.2610392799899539,24.5245099150247,1.0,25.1152,2.02505272706296,0.2855303081874139,0.0519002783128932,0.00730782604908,0.023719309457411,-0.1164792372570944,20.654825985740143,4.0,25.1152,0.4035928499603059,0,22.692973350230226,25.1152,0.1583057392739902,0.2811655030188333,2.02505272706296,0.04,500,1e-10,6.6000000000000005,-1.4406596515686882e-16,-2.338462043125986e-16,planck18,1,PIXEL,,1.5,1400.0,25.1152,1,0.04,3.0,21.9,0.04,1,0.04,,2,0.2938029090353145,0.3783265877917875,0.6022069768034927,2.127238159632266,1.048022681080555,0.0142974116957294,-0.1452685481131871,-0.5372214218536048,1.2359381010214463,,,,,,,,,"(999436701, 34)",deblcdouble15,0.917247739598217,0.0905326442455126,125.75882722027848,125.49978916299231,108.14673558837636,93.79239174574802,132.77963048095424,113.98106010634235,102.36438709123529,102.05247549471976,102.22789187680046,95.79854355202826,88.88297316704704,83.7858862005993,80.76401678820744,79.91800797062122,-0.2432194616196666,,,2233.830316297408,-13.955570608415288,,
-0.0503917306972615,-0.0201917340020855,0.0,0.0289710839256702,0.0591343695457225,1.7588116178604474,8.673702038318009e-06,0.0037569044941064,0.0,0.3814619144097143,0.6944769966488917,0.1967006717789337,-0.1446068210003841,0.0301312521678387,-0.0471956180780851,0.0809033618990646,25.45939751179882,1.0,25.1152,1.4919690493109452,0.2489624642192441,-0.0503917306972615,-0.0201917340020855,0.0194485818630833,0.0917929469130079,21.393133986494,4.0,25.1152,0.6944769966488917,0,22.28139601730243,25.1152,-0.1446068210003841,0.0301312521678387,1.4919690493109452,0.04,500,1e-10,6.6000000000000005,-1.4406596515686882e-16,-2.338462043125986e-16,planck18,1,PIXEL,,1.5,1400.0,25.1152,1,0.04,3.0,21.9,0.04,1,0.04,,2,0.1068123877548102,-0.4779366373259363,0.2838352994763471,2.347189039254884,0.4761431179497627,0.1716622190453196,-0.0985929297752896,-3.2463467542740942,0.8839721095832186,,,,,,,,,"(999436701, 35)",deblcdouble230,0.9702263572745854,-0.1876090163020614,126.34933747741498,126.16978587996408,133.19851937816702,133.28938120653376,123.5165252368862,129.8247028952669,130.3485490910206,140.7183576676331,140.78334490950095,133.8334609345958,128.50268855725983,126.44912233370422,128.0693401943024,132.97564460893594,-0.0830664141356054,,,5823.184945901686,-13.142305546379468,,
0.0278316727041491,0.0261784189411999,0.0,-0.0078847051900281,0.0067986734772482,2.057133742808308,0.0234521486489153,0.0053576350742079,0.0,0.3882734339463031,0.7666449299446322,0.2878068485512773,0.0076754697984552,-0.1220450664546051,0.1355423992340772,0.1035991244651842,25.303233727372906,1.0,25.1152,2.433316103248882,0.253236599566628,0.0278316727041491,0.0261784189411999,-0.0102782348949093,-0.076121280956085,22.179397495265547,4.0,25.1152,0.7666449299446322,0,24.12935981789841,25.1152,0.0076754697984552,-0.1220450664546051,2.433316103248882,0.04,500,1e-10,6.6000000000000005,-1.4406596515686882e-16,-2.338462043125986e-16,planck18,1,PIXEL,,1.5,1400.0,25.1152,1,0.04,3.0,21.9,0.04,1,0.04,,2,0.149587680436779,-0.0588569186671082,-0.4864997421051377,4.626833398374399,1.1701021442460768,0.0569071504855436,0.266997370144815,-1.947862836520446,1.4790061674622708,,,,,,,,,"(999436701, 36)",deblcdouble633,1.021016107061093,0.0507536905382569,143.3249184214393,143.17638838299757,126.45344992554078,109.25327449765122,149.61623436284168,131.223800227986,120.29493343723998,123.03121649812483,119.02368241527762,109.71420140608348,102.4986257803976,98.40004667284975,97.4125377518473,99.21155136894164,-0.11403001744217324,,,5074.977525241223,-16.546203150209593,,
-0.0228870549455482,0.0332086901778146,0.0,0.0250924947269025,0.0446401489620758,1.961554270481296,-0.0213012999156201,0.0093724073157259,0.0,0.651675316130848,0.9875847809051148,1.100220169978204,0.2017801856086357,0.2454875648259008,0.530086189644239,0.3733627812558542,22.78573069204869,1.0,25.1152,2.742383599755678,0.6694698347810489,-0.0228870549455482,0.0332086901778146,0.0019039024831253,-0.0068651520350896,22.27435773033337,4.0,25.1152,0.9875847809051148,0,21.70415588767783,25.1152,0.2017801856086357,0.2454875648259008,2.742383599755678,0.04,500,1e-10,6.6000000000000005,-1.4406596515686882e-16,-2.338462043125986e-16,planck18,1,PIXEL,,1.5,1400.0,25.1152,1,0.04,3.0,21.9,0.04,1,0.04,,2,0.3090917171327783,0.6074329947873103,0.7736413612684219,3.978159535221285,1.1638450413978434,-0.2619436338633851,-0.1713837582346389,-1.0035234045529318,1.020747478333489,,,,,,,,,"(999436701, 37)",deblcdouble10,0.9189923243235534,0.0007117870937752,183.65580267111704,185.47040975902587,173.3538112918254,162.28594003126722,191.75651888050345,179.87245332427614,174.29436251372547,172.7355460405127,165.74482858509106,160.10831326586603,159.0922608775821,161.94093596544045,166.15649247468914,168.6261364049322,-0.4013640633581572,,,7069.8594181233475,-73.02534067201164,,
-0.0096125889937487,-0.0430330635820934,0.0,-0.038367418281548,0.0912804729044249,1.9669682988788468,-0.0031847863554848,-0.0405489158424833,0.0,0.285570491878454,1.8033716887880304,0.6170982947459732,0.0876168988504959,-0.0472123548024039,0.2059784907623641,0.0541720380603628,23.804466842166885,1.0,25.1152,2.8254719236876267,0.3546764529120135,-0.0096125889937487,-0.0430330635820934,-0.0136593361050305,0.0609699969006409,25.28870604405047,4.0,25.1152,1.8033716887880304,0,23.269570876848068,25.1152,0.0876168988504959,-0.0472123548024039,2.8254719236876267,0.04,500,1e-10,6.6000000000000005,-1.4406596515686882e-16,-2.338462043125986e-16,planck18,1,PIXEL,,1.5,1400.0,25.1152,1,0.04,3.0,21.9,0.04,1,0.04,,2,0.0973192672678862,0.3737667445688028,-0.1577304628773269,3.837685533675424,1.3066751319642005,-0.1862219969306688,-0.0823542772854113,-2.318697689214557,1.274868727710082,,,,,,,,,"(999436701, 38)",deblcdouble76,1.0027413358373107,-0.3352687670115334,183.5476306778843,183.971620882705,174.63562726926014,171.87967226723248,188.5208181498853,179.98345288235163,172.94177747326387,167.4264973081798,173.22572378281885,176.94926446938143,172.34887031765115,164.75054494455887,157.7121127912539,152.5368006583064,-0.05963039080879761,,,23218.214647187368,-38.87745616967862,,
0.0253345043095183,-0.0474482330418692,0.0,-0.0482796530789905,-0.1504550793141672,2.0753359898763835,-0.0274615585088482,0.0644295701702272,0.0,0.4187803222941095,1.1368207087379998,0.2394448136243369,-0.144300709907039,0.2118424175664353,-0.3370192209901176,0.3527456653236407,24.4541557148378,1.0,25.1152,2.7210674776072445,0.3130718407147347,0.0253345043095183,-0.0474482330418692,-0.0507955308891017,0.0616472216921112,23.75089732853618,4.0,25.1152,1.1368207087379998,0,22.072802017908018,25.1152,-0.144300709907039,0.2118424175664353,2.7210674776072445,0.04,500,1e-10,6.6000000000000005,-1.4406596515686882e-16,-2.338462043125986e-16,planck18,1,PIXEL,,1.5,1400.0,25.1152,1,0.04,3.0,21.9,0.04,1,0.04,,2,0.3098511697495672,-0.2224042492278742,0.5793553935572101,3.1792351740014695,0.9849277833037616,0.0931346272972299,-0.143922714246557,-0.2145296177161257,1.0325762498287303,,,,,,,,,"(999436701, 39)",deblcdouble238,0.8827859918294193,0.1555230980549117,161.94236514029166,162.54479081014568,140.5301007665674,124.81708031229684,172.3583144830479,148.84158764584055,134.16807493185706,131.14569493780897,133.93999892910023,128.7497953236671,120.0268940993496,112.51401799580064,107.23508630772491,104.5066572337974,-0.2422240337558182,,,8984.548146201036,-53.79988537216095,,
0.028844118325056,-0.0402122837778305,0.0,0.0052163014196499,0.012963311137287,1.9164939426463257,-0.03318866627193,0.0327096076567876,0.0,0.8959473800165804,1.6486373358861373,0.2486999419793106,-0.4082930716895936,0.0629681372658761,0.0098576278484788,-0.1192081445406698,26.94841859948146,1.0,25.1152,4.981654567369651,0.4047522613812873,0.028844118325056,-0.0402122837778305,0.0751724581543146,-0.0259272810929615,24.369979684846253,4.0,25.1152,1.6486373358861373,0,22.27741856589165,25.1152,-0.4082930716895936,0.0629681372658761,4.981654567369651,0.04,500,1e-10,6.6000000000000005,-1.4406596515686882e-16,-2.338462043125986e-16,planck18,1,PIXEL,,1.5,1400.0,25.1152,1,0.04,3.0,21.9,0.04,1,0.04,,2,0.4491493317157006,-1.2643613258145416,0.2212543790033178,5.300374669658245,1.3327712314039806,0.3837279494526451,-0.1210427480238997,-0.8019924210407475,0.9067633095679304,,,,,,,,,"(999436701, 40)",deblcdouble53,1.07764555065955,-0.0170872721552863,231.80094255589228,232.5868686214416,220.9881168442165,220.0818139609729,238.1755328726878,227.63277072621997,221.897851794273,211.9775358389522,215.43761416538104,224.27426299773157,224.80016233549335,217.25665527456297,207.67911383347123,199.5375717600367,-0.7681100381344433,,,11453.433107982215,-265.4895977216655,,
0.0021441235397668,-0.0474895533544515,0.0,-0.062234851824967,0.1022017070154059,2.159119332567964,-0.0111429557909401,-0.0040501239316021,0.0,0.4813788798092235,1.0172100419888357,0.4889417381824409,0.0412467086461506,0.1516897623405547,0.0453345362583701,0.0901365729226895,24.51605799811703,1.0,25.1152,2.122751113925596,0.4748367384321785,0.0021441235397668,-0.0474895533544515,0.0409850941027162,0.0996858127814536,22.78748342539537,4.0,25.1152,1.0172100419888357,0,23.23954864178876,25.1152,0.0412467086461506,0.1516897623405547,2.122751113925596,0.04,500,1e-10,6.6000000000000005,-1.4406596515686882e-16,-2.338462043125986e-16,planck18,1,PIXEL,,1.5,1400.0,25.1152,1,0.04,3.0,21.9,0.04,1,0.04,,2,0.2029813093925963,0.0303829571094801,0.6077877776304205,3.8426842310915954,1.1454093803675134,-0.0852192917321873,-0.3374687480639842,-0.8087504774434445,0.8979966517562373,,,,,,,,,"(999436701, 41)",deblcdouble88,1.203485445586857,0.0361284212523803,223.24464446084303,225.96977723465457,188.09272460725637,167.2328217660193,244.1634992531841,204.60761421092104,189.59954015293377,174.06306239935986,165.6190436589484,166.04644996691172,168.4527999676541,166.3972586972199,160.000299961707,152.4823150314891,-0.1941477048519808,,,8922.833910594956,-58.3832621195233,,
-0.0423474017357761,-0.0119623464118795,0.0,0.0453019879323325,0.0638948273128322,1.921445362534128,0.0462544372584697,-0.003301082877286,0.0,0.5408534761196292,0.3266914931905535,0.2851369188297015,0.1478262242594009,0.0014559395228132,-0.0916916085757878,-0.1553267509196499,26.15665073439286,1.0,25.1152,2.0930468897853625,0.2319291482995792,-0.0423474017357761,-0.0119623464118795,0.1244037703398531,0.074932138789531,19.51638129338584,4.0,25.1152,0.3266914931905535,0,23.84683227633964,25.1152,0.1478262242594009,0.0014559395228132,2.0930468897853625,0.04,500,1e-10,6.6000000000000005,-1.4406596515686882e-16,-2.338462043125986e-16,planck18,1,PIXEL,,1.5,1400.0,25.1152,1,0.04,3.0,21.9,0.04,1,0.04,,2,0.1906464225249942,0.7264631523649365,-0.0589820440420595,5.138729782090273,1.3841060311146762,-0.3691918260625161,-0.0766777138492598,-1.4216931403540147,0.7493858982999506,,,,,,,,,"(999436701, 42)",deblcdouble24,0.9404949384655764,-0.0809775123838661,122.06503797989852,121.92697777666427,117.0298204903946,107.2965247928064,123.7039577736698,117.89387665362509,114.2330452360218,119.51394042515,114.35463505840828,106.54542901262604,101.6533041157142,100.26733685488696,102.30379664967688,106.74776024354134,-0.21128004631147101,,,1706.8159073978022,-9.497604322495546,,
-0.0296577893313981,-0.0124599364025837,0.0,0.0035391284920753,0.1406285339089857,2.208785902324024,-0.0084882911678161,0.0131732870786376,0.0,0.343944980393763,0.7828568099861529,0.3202847597895055,0.0259375144562445,0.2474309599059201,0.2357875363750852,0.1625020044469652,25.45575893748581,1.0,25.1152,1.8260023350139345,0.2933457241908326,-0.0296577893313981,-0.0124599364025837,-0.0126421496019982,0.164358716670404,21.98687765784064,4.0,25.1152,0.7828568099861529,0,22.30573744124146,25.1152,0.0259375144562445,0.2474309599059201,1.8260023350139345,0.04,500,1e-10,6.6000000000000005,-1.4406596515686882e-16,-2.338462043125986e-16,planck18,1,PIXEL,,1.5,1400.0,25.1152,1,0.04,3.0,21.9,0.04,1,0.04,,2,0.2657707955876223,0.0520547801774632,0.5582500206176283,2.6659482913753543,1.3723099038055548,-0.0739592572159023,-0.147820425557702,-0.2606967300808814,0.8500810152546934,,,,,,,,,"(999436701, 43)",deblcdouble45,1.0917907968551606,0.060121920406306,168.95689859426912,166.14175504656717,135.0365741771094,111.74310638864353,179.0294419716655,144.78446997191253,126.30653288883018,122.58443706024678,122.20078524438712,114.47412496735828,105.60846284448264,98.65827544132088,94.00021524376994,91.8064420743338,-0.18544648979094192,,,6189.399353151132,-35.09287878932731,,
0.01781664672928,0.0196445935439504,0.0,-0.0178717440621897,0.0563225092500336,2.0148140841910056,0.0141494441797514,0.0166130942405199,0.0,0.9496074963501354,0.1132078512953712,0.2927803981319373,0.1006056323483545,-0.4776426495258585,0.087569548331346,0.1547873407562597,25.06823707833596,1.0,25.1152,2.435740537468746,1.15645361076592,0.01781664672928,0.0196445935439504,-0.0185045852783711,0.053203189085773,15.990173895634392,4.0,25.1152,0.1132078512953712,0,22.577398321719752,25.1152,0.1006056323483545,-0.4776426495258585,2.435740537468746,0.04,500,1e-10,6.6000000000000005,-1.4406596515686882e-16,-2.338462043125986e-16,planck18,1,PIXEL,,1.5,1400.0,25.1152,1,0.04,3.0,21.9,0.04,1,0.04,,2,0.5041315485662512,0.3168255749601837,-1.369577634872566,2.2799177915984763,0.7574929586412271,-0.0284728543948646,0.4640549633896288,-1.0955033192436712,1.3465415878321556,,,,,,,,,"(999436701, 44)",deblcdouble44,0.7869160087340223,-0.10981161307354,153.5257555240309,155.38929963471244,143.82252456112704,137.04574566750696,163.12777710813384,151.3731867594599,145.21750627595202,140.23518420861504,139.41950838945655,138.98635913270692,136.4407981885723,132.60190224319174,129.00909235704862,126.5704026173757,-0.9418152900524474,,,514.466447660326,-10.677353427699682,,
-0.0018514848131607,-0.0487475283485693,0.0,0.1327441561231626,-0.0001037012583859,2.050888522003385,-0.000614684960052,-0.0049611609348996,0.0,1.2699870836930096,0.9808911055995132,0.2029556073416631,0.039368787228237,0.3336039792553574,-0.0811022570450306,0.1791158726676592,26.874435253189024,1.0,25.1152,2.7285097215782432,1.151071060196308,-0.0018514848131607,-0.0487475283485693,0.1037969990900783,0.0004725885419204,21.359193961414373,4.0,25.1152,0.9808911055995132,0,23.45493601611852,25.1152,0.039368787228237,0.3336039792553574,2.7285097215782432,0.04,500,1e-10,6.6000000000000005,-1.4406596515686882e-16,-2.338462043125986e-16,planck18,1,PIXEL,,1.5,1400.0,25.1152,1,0.04,3.0,21.9,0.04,1,0.04,,2,0.3845670113181348,0.0940254934182545,1.6285005669390218,1.5957395425451752,0.5731309627865198,-0.2316458405646801,-0.9666322399997956,-5.762675340814213,1.3093719152232148,,,,,,,,,"(999436701, 45)",deblcdouble40,0.9558182694906794,0.1132348236599429,289.9295093771787,295.5128492306747,263.49158211439965,244.65266636751673,317.0650518943455,283.2959098468393,266.41626448861933,254.6162984477386,251.40393634623524,248.6819557783107,242.2775065140286,234.04827680305655,226.79341057463705,222.0267116173565,-1.011956287052146,,,7013.107223175909,-189.95905653366944,,
-0.0480265534611222,-0.0153172550605054,0.0,-0.0540188189935716,0.0213239773998653,1.961421367732976,0.0068620560781943,-0.0306879826436105,0.0,0.5893735957877878,0.9936588640365364,0.1778328402126697,-0.064405911429645,0.1171903033710898,-0.0301662667422136,-0.2215408049912401,28.50909283265393,1.0,25.1152,2.8301539757605787,0.622122436302961,-0.0480265534611222,-0.0153172550605054,-0.0492813037205496,0.0117459129161686,21.89268784198884,4.0,25.1152,0.9936588640365364,0,22.93878740184465,25.1152,-0.064405911429645,0.1171903033710898,2.8301539757605787,0.04,500,1e-10,6.6000000000000005,-1.4406596515686882e-16,-2.338462043125986e-16,planck18,1,PIXEL,,1.5,1400.0,25.1152,1,0.04,3.0,21.9,0.04,1,0.04,,2,0.1335160530009917,-0.3525748440006489,0.6506155512129635,4.267394647349572,0.7823568689634741,-0.0616158448922043,-0.4482114736392622,-3.0052793604117043,1.2418328700515398,,,,,,,,,"(999436701, 46)",deblcdouble103,1.02584353097764,0.0058921990067699,183.42020635640145,184.87324386698015,172.31195802025434,161.9861607973696,191.07135699897805,178.86089150454754,174.17360639270336,171.01554200535742,163.29970667021777,159.03585061745554,160.00537305216497,164.17111456405718,167.8896491860301,168.3509217113373,-0.16160605911923004,,,7018.341561688098,-32.582597904289955,,
0.0319592399260543,0.0410306135881514,0.0,-0.0993958343613221,-0.0584067792299922,1.8790036523378089,-0.0084883013404156,0.0497151657041597,0.0,1.0821535376529243,0.4651109111766459,0.2246838155136979,0.0760373727818945,-0.1015120899350721,0.0441151690428666,0.1486486525816529,25.66127792463784,1.0,25.1152,2.549948046142513,0.9497819990022424,0.0319592399260543,0.0410306135881514,-0.0255196478004925,-0.0062371763031982,19.06503605065554,4.0,25.1152,0.4651109111766459,0,24.10174921187499,25.1152,0.0760373727818945,-0.1015120899350721,2.549948046142513,0.04,500,1e-10,6.6000000000000005,-1.4406596515686882e-16,-2.338462043125986e-16,planck18,1,PIXEL,,1.5,1400.0,25.1152,1,0.04,3.0,21.9,0.04,1,0.04,,4,0.1492022255992406,-0.6109527692888673,-1.0407859745840156,6.998550666411155,1.0999431856934487,1.1363757571732975,-0.294114587520786,16.011235892986306,1.102930771015067,0.7958246598968942,-0.7986792717368207,-21.273206000545855,1.344317073528906,-0.2821775924713441,0.803475159600781,-2.71246373141193,1.08763979356059,"(999436701, 47)",deblcquad345,0.9082982328586624,0.2115295608412257,185.43713420211833,186.75986175718276,178.73750120953844,171.5326299535862,192.16543298096485,183.9834111832996,177.81845470918933,176.8945657153766,177.54641984607852,173.839679186096,168.63151907433868,165.01386635559476,163.94003709277453,165.28630229727176,-0.053583207104385244,-0.058162730550836206,-0.34329120383277456,2538.0011888960853,-3.4590866324055467,-3.7547197083718014,-22.161309081165008
-0.0265116120856403,-0.0042697685154781,0.0,0.2334038969088909,0.0608692832583724,2.205568419420789,-0.0488529134057973,0.0317795160493876,0.0,0.333940444764735,0.6129544640128521,0.3051108107513452,0.0793911219889842,0.1678577689546814,-0.1858849560817317,0.2857994244505975,25.98691163940219,1.0,25.1152,2.949039593301892,0.0818186649037473,-0.0265116120856403,-0.0042697685154781,0.1122352562983717,0.1601245994117959,22.21978736825066,4.0,25.1152,0.6129544640128521,0,22.219465816580048,25.1152,0.0793911219889842,0.1678577689546814,2.949039593301892,0.04,500,1e-10,6.6000000000000005,-1.4406596515686882e-16,-2.338462043125986e-16,planck18,1,PIXEL,,1.5,1400.0,25.1152,1,0.04,3.0,21.9,0.04,1,0.04,,2,0.2020971999806573,0.1698023721114507,0.4953449012833655,0.9759464500877532,0.5934220368269014,-0.1618610801064356,-0.1207026601096482,-0.6333367907606666,1.0393988501407432,,,,,,,,,"(999436701, 48)",deblcdouble121,1.1012620551563383,-0.0656345751010022,148.97726392853286,135.71853139421876,113.85980833758032,94.66866118601996,138.05113977473783,111.39188712976193,91.85643931538188,90.56945190728412,97.1904960271843,98.49819270477812,94.7523030643832,88.68922907739562,82.52338204606349,77.24718799402987,-0.14602364464899517,,,3488.795610889432,-15.71092775337962,,
-0.0358967199917251,-0.000935597076555,0.0,-0.0314077206800242,0.1157511060464225,2.052664797959661,-0.0374214047883052,0.0133049114025863,0.0,0.3579577168011325,0.8124751229558503,0.5360406122731705,-0.4027010099336002,0.1406489738864376,0.1622080423110118,0.0568473221539363,23.250238296547167,1.0,25.1152,3.1620471255298086,0.1951734642823081,-0.0358967199917251,-0.000935597076555,-0.0020570818968121,0.1038476590120266,22.956675707767985,4.0,25.1152,0.8124751229558503,0,20.4753588963086,25.1152,-0.4027010099336002,0.1406489738864376,3.1620471255298086,0.04,500,1e-10,6.6000000000000005,-1.4406596515686882e-16,-2.338462043125986e-16,planck18,1,PIXEL,,1.5,1400.0,25.1152,1,0.04,3.0,21.9,0.04,1,0.04,,2,0.393181354917216,-0.6907450672035756,0.3010232400963999,2.065047344837331,1.1740515079374447,-0.0097404516839167,-0.0096229102180531,-0.0484412918504384,1.1160931038184272,,,,,,,,,"(999436701, 49)",deblcdouble16,1.042094223072894,0.0431155192718243,134.29817488105104,132.39520373423156,116.63350529620573,97.80388392169333,137.3368329225122,119.29980590441376,115.16497517321982,112.28260990647962,101.68156481253678,94.50711360947682,92.38653963108229,94.69537168893832,99.5679683742644,104.30815536150534,-0.28214392627683677,,,4982.205551090886,-41.02152297388063,,
0.0226308145710104,-0.0080394135564257,0.0,0.0154379049485992,0.0881757800887153,2.137449826435103,-0.0251562164368817,0.016020617041054,0.0,1.0944832744028925,1.26689278388067,0.2722103123381773,0.6422382537226664,0.3393878817170109,0.2224748929499116,-0.0658293128454083,25.15233086696957,1.0,25.1152,3.25028437231165,0.669833458042182,0.0226308145710104,-0.0080394135564257,-0.0465446806244812,-0.0161990145755983,22.85399533489233,4.0,25.1152,1.26689278388067,0,22.91650497619776,25.1152,0.6422382537226664,0.3393878817170109,3.25028437231165,0.04,500,1e-10,6.6000000000000005,-1.4406596515686882e-16,-2.338462043125986e-16,planck18,1,PIXEL,,1.5,1400.0,25.1152,1,0.04,3.0,21.9,0.04,1,0.04,,2,0.7103654722416405,1.4777370585180032,0.9059522875899904,2.95272209542683,1.1227404923036248,-0.3973492728451691,-0.2512537754100667,-0.46073963187491,1.0652749220040303,,,,,,,,,"(999436701, 50)",deblcdouble114,1.0030402864214392,-0.131173265055763,306.5523349085691,311.746466769394,268.9361967550892,237.31865386348164,334.91134318271196,290.35843454501213,269.88224131673155,261.38056998430426,246.96084805508323,234.8273099279054,229.72035389576803,230.62820422077849,234.1704590345264,236.06689045356364,-1.5359322504904334,,,9599.299308595795,-414.13545609441564,,
-0.0029619570638443,-0.0222389770292574,0.0,0.0462503293340865,-0.1076463767516033,1.9788378461432417,-0.0041521808725448,0.0248195878798396,0.0,0.4724177789012799,1.3969898740285625,0.4636142753367084,0.0271369182939197,-0.0837348790837974,0.484648579413075,0.0663222426447716,25.28826353343291,1.0,25.1152,4.244924239486442,0.4601896533705578,-0.0029619570638443,-0.0222389770292574,0.126364797356127,-0.0868919582752676,24.57519945027612,4.0,25.1152,1.3969898740285625,0,22.9886024523281,25.1152,0.0271369182939197,-0.0837348790837974,4.244924239486442,0.04,500,1e-10,6.6000000000000005,-1.4406596515686882e-16,-2.338462043125986e-16,planck18,1,PIXEL,,1.5,1400.0,25.1152,1,0.04,3.0,21.9,0.04,1,0.04,,2,0.068466694584329,-0.0900570000149499,-0.5628503590074795,3.594861624140244,0.7554999639284179,-0.2599502777296196,0.2535976596316183,-3.284184911313334,1.330054074908134,,,,,,,,,"(999436701, 51)",deblcdouble97,1.004658668935578,-0.0108263947312091,168.7525177373893,169.8660095899381,156.1201172666783,150.71129377731123,176.32254471717408,163.1011825285392,158.48431041433847,149.50975651383726,146.43150328416843,150.34241089139002,154.19067099749617,152.85427581252907,147.6198829835119,141.61960964689538,-0.07338441153182983,,,9657.682334502224,-19.939199240073446,,
-0.0440644191382252,-0.0057530044402558,0.0,-0.0140455379433289,0.1361196961159081,2.258518273505348,-0.0152000600194357,-0.0502956337775563,0.0,0.5385761109606293,0.4658756993280438,0.4618576116264069,0.0452898498717653,-0.2370777802571904,0.1325606345881765,0.1176479611286439,25.45278852946099,1.0,25.1152,4.021319118567221,0.4718470811854697,-0.0440644191382252,-0.0057530044402558,-0.0218273890119848,0.0653891312928507,20.457645447977583,4.0,25.1152,0.4658756993280438,0,20.91959423193363,25.1152,0.0452898498717653,-0.2370777802571904,4.021319118567221,0.04,500,1e-10,6.6000000000000005,-1.4406596515686882e-16,-2.338462043125986e-16,planck18,1,PIXEL,,1.5,1400.0,25.1152,1,0.04,3.0,21.9,0.04,1,0.04,,2,0.24798253425809,0.3332928326471866,-0.689953143947572,1.1066592847312855,0.5968212252589827,-0.0931894218494379,0.3573724188863494,-0.7191154771119501,0.536876060479741,,,,,,,,,"(999436701, 52)",deblcdouble77,0.9669743729838768,0.0216050487686225,161.84151132740337,163.31986535026297,128.96603833528815,109.62414733348793,179.70894693602122,142.82216036133585,128.89411181713933,116.54381750633064,109.62162981202576,108.85895888483776,109.56342157802057,107.49532212984418,102.79826248436582,97.5479554620152,-0.2840042239393004,,,2358.797214281454,-18.140231065885132,,
-0.0140291396252566,0.0310956979355413,0.0,0.1008000627219553,0.1211907676605638,1.9032602820354048,-0.0454588531939231,0.0327347239906667,0.0,1.355528735688821,1.2053483426695624,0.2180553200295316,-0.3705935797348592,0.2180164811998731,-0.052151281667498,-0.1558927808680125,26.046055908610025,1.0,25.1152,3.351690758197104,0.9010856990090692,-0.0140291396252566,0.0310956979355413,-0.0517444247716444,0.0222216742606547,21.8634535567811,4.0,25.1152,1.2053483426695624,0,24.426626356214904,25.1152,-0.3705935797348592,0.2180164811998731,3.351690758197104,0.04,500,1e-10,6.6000000000000005,-1.4406596515686882e-16,-2.338462043125986e-16,planck18,1,PIXEL,,1.5,1400.0,25.1152,1,0.04,3.0,21.9,0.04,1,0.04,,2,0.40258859790961,-1.1356705394512463,1.422253030497391,2.7305684539239503,0.7834420954967254,0.8068621920066673,-0.1089423541444665,-1.9098143135672416,1.1442458549394685,,,,,,,,,"(999436701, 53)",deblcdouble85,1.0847400840199033,0.124758805164753,286.0153618765839,287.9481244513635,275.17002275425637,262.72877792443745,296.26774337244836,283.42084749592567,273.5976736982324,273.0178330084148,272.78027635100847,265.56081695156433,257.52877567144554,252.87686130221743,252.5018631038285,255.7808283668784,-1.129682197419526,,,8692.129803445787,-298.27758732578053,,
-0.0097024506482046,0.0371944176874226,0.0,-0.2403910222300676,0.033786059235797,2.0740748626446366,-0.016584241517087,-0.0065523494659866,0.0,0.5207051119831339,1.5598973943696377,0.3217549516236594,-0.0032249878783723,0.0813752636946938,0.0925823177409933,0.0381016212451324,26.01756282090209,1.0,25.1152,4.141044049551062,0.4510377273560752,-0.0097024506482046,0.0371944176874226,-0.242039413488427,0.0553004828447601,24.559455340235925,4.0,25.1152,1.5598973943696377,0,24.65994294148044,25.1152,-0.0032249878783723,0.0813752636946938,4.141044049551062,0.04,500,1e-10,6.6000000000000005,-1.4406596515686882e-16,-2.338462043125986e-16,planck18,1,PIXEL,,1.5,1400.0,25.1152,1,0.04,3.0,21.9,0.04,1,0.04,,4,0.0446531597745644,0.5195744247623679,0.1774909927986559,3.536445381557471,0.8177405720615012,-0.496296154897263,0.2906513740677016,2.3566598835174166,0.5403226868151222,0.0327997605428872,0.5628932587462265,-5.719952512824999,1.4604444730913726,-0.0545654546850542,-0.4022834324321266,-2.154330835079115,1.1614406467094105,"(999436701, 54)",deblcquad175,1.1395162803595342,0.054200003200663,212.4225955124386,214.61461357842344,186.5306427644205,172.62150044463607,228.04667281472675,199.4827632924992,188.1924684045268,174.4780268682196,169.5343838846823,172.85960343521288,175.38049858845253,171.80646336757567,164.39251171179166,156.7247088065276,-0.0015398011687728919,-0.019232718777382918,-0.06308875204683391,11634.01662211202,-0.5716461778281265,-7.140084318221319,-23.42149408826576
0.0068685565276626,-0.0370548147688266,0.0,0.1693848389662076,-0.1020405819568176,2.201129944588401,0.0008685943838311,-0.0103119626270896,0.0,0.4640540579074064,1.1473747054139667,0.1947346937012783,-0.0095752636666924,-0.1446373414357692,0.182835236133782,0.0238101234941512,25.78951458902337,1.0,25.1152,3.0036373169213504,0.573278603358068,0.0068685565276626,-0.0370548147688266,0.0058791847028005,0.0033387364809642,23.40074257158524,4.0,25.1152,1.1473747054139667,0,24.59981636302169,25.1152,-0.0095752636666924,-0.1446373414357692,3.0036373169213504,0.04,500,1e-10,6.6000000000000005,-1.4406596515686882e-16,-2.338462043125986e-16,planck18,1,PIXEL,,1.5,1400.0,25.1152,1,0.04,3.0,21.9,0.04,1,0.04,,2,0.1088319772246543,-0.0923894979755052,-0.5951238829701313,3.906319018201126,1.536218910201317,-0.0629087092534017,0.3446819882960267,-10.909638366936903,1.1463385265227075,,,,,,,,,"(999436701, 55)",deblcdouble13,0.9516767597536286,-0.0311323174725839,186.419640148313,189.31898481504675,155.6583573504628,134.1223722519603,206.2989031520265,170.75661794301675,156.96585415436672,147.06458114368567,136.69239084569986,131.53704174606065,131.38264312788118,132.97802646127573,132.81379694188777,129.89195253358653,-0.10412087770401252,,,8553.895388992196,-23.735788510970902,,
0.0186291483418651,0.0440668882670087,0.0,0.022734504204617,0.0418655364140139,1.912854392334821,-0.0165139384626393,0.0058712097074045,0.0,0.3965482264650337,0.5687227485081102,0.2835038908559959,-0.1078263853500242,-0.0281245280183777,0.5275841396165211,-0.1800074209386223,26.80444971945939,1.0,25.1152,1.4155067941936823,0.3772047217050004,0.0186291483418651,0.0440668882670087,0.0213750393991661,0.0626406162132608,20.90049138051364,4.0,25.1152,0.5687227485081102,0,24.42490122647885,25.1152,-0.1078263853500242,-0.0281245280183777,1.4155067941936823,0.04,500,1e-10,6.6000000000000005,-1.4406596515686882e-16,-2.338462043125986e-16,planck18,1,PIXEL,,1.5,1400.0,25.1152,1,0.04,3.0,21.9,0.04,1,0.04,,2,0.1456111348303779,-0.43384181546065,-0.2585107357750504,5.272063991633527,1.0503194037814938,0.2157992903047867,0.1504505349748572,-1.5445148477568718,1.0262241256666271,,,,,,,,,"(999436701, 56)",deblcdouble131,1.0394094281550423,0.0228129101111579,140.48037833078507,140.9535789865284,133.8574461420485,132.79931952457642,144.4936836514512,137.89654125251815,133.05016969819542,128.22031293784244,132.38687465558294,136.65754442792803,134.18660523488603,128.19540244135894,122.24780366257494,117.77321587813768,-0.11226725680800025,,,4231.701611285222,-13.828250698830775,,
0.0520418182823105,0.0016185064437276,0.0,-0.0799832808839172,0.0716874156864286,1.8684148992941343,-0.0116101505395191,-0.0318199224993816,0.0,1.1174214346118234,0.840771659131207,0.2826027138672087,0.450972893565528,0.201884693613914,-0.0183690779417425,0.0575286668523319,24.64120736682011,1.0,25.1152,3.8224508766126943,0.8127435452104906,0.0520418182823105,0.0016185064437276,0.0049715055665482,0.0119725497936335,21.21114500870588,4.0,25.1152,0.840771659131207,0,22.848558438388807,25.1152,0.450972893565528,0.201884693613914,3.8224508766126943,0.04,500,1e-10,6.6000000000000005,-1.4406596515686882e-16,-2.338462043125986e-16,planck18,1,PIXEL,,1.5,1400.0,25.1152,1,0.04,3.0,21.9,0.04,1,0.04,,2,0.4463771371276852,1.6055103691841606,0.302995758847331,1.314640830665318,0.3383047766333769,-0.3828372363413255,-0.3136930178293184,-1.757838238538437,1.3763712505113446,,,,,,,,,"(999436701, 57)",deblcdouble110,0.88567317445767,0.157280435481463,196.69680647019015,197.67586516370113,191.12407498154295,182.90021698780365,201.66137892029252,195.16444942869688,189.9923899466058,191.49749928368863,189.34481711479185,183.1986183634435,178.92880197078912,178.28780676766092,180.96646635986104,185.44523207040004,-0.974504272986641,,,4923.348874225237,-118.99543332019242,,
-0.0371627234352233,0.0413866340908319,0.0,-0.1177242078174982,-0.0028042637723808,2.236677648267069,0.0454133166412441,0.1456683967516812,0.0,1.4314503382518131,1.1559827573885932,0.191110220399044,-0.0135659090894944,1.1244884449459975,-0.3157891605118701,-0.6479938651649858,27.14234144448105,1.0,25.1152,3.650815345617704,1.049710208367847,-0.0371627234352233,0.0413866340908319,-0.0515717922134835,0.0139815569871912,22.101454823186003,4.0,25.1152,1.1559827573885932,0,22.024385669490577,25.1152,-0.0135659090894944,1.1244884449459975,3.650815345617704,0.04,500,1e-10,6.6000000000000005,-1.4406596515686882e-16,-2.338462043125986e-16,planck18,1,PIXEL,,1.5,1400.0,25.1152,1,0.04,3.0,21.9,0.04,1,0.04,,2,1.0833588243629189,0.8937559751642198,2.270535770150577,0.9826539522167184,0.5128928616104351,-0.0101684211159714,-0.5579118150477816,-0.2980928430393574,1.2049784940677126,,,,,,,,,"(999436701, 58)",deblcdouble30,0.8358315921977435,-0.1414800053635428,335.3145815436488,344.9916054821873,285.5204079354428,250.08967135436123,383.843220617087,318.8853813235124,288.0025580809531,270.27534796142317,262.96232220906165,255.0170315502603,244.24382509954276,233.53455883719903,225.05461708841705,219.7569903346046,-3.128631594762762,,,7805.481007699419,-571.5909252036549,,
0.0342061519921248,0.0308698192968332,0.0,0.1467340259671026,0.029063155673073,2.0975261021041587,0.0032552291365945,0.0008249194290753,0.0,0.8408210269491743,0.4367427607621873,0.298866525870069,-0.5513333805269429,-0.5025215440282319,0.0282693761718242,0.0824527848343194,23.228868111069136,1.0,25.1152,1.1973869086333593,0.8390421840789505,0.0342061519921248,0.0308698192968332,0.1551266641975093,0.1599320806578577,18.96823856675949,4.0,25.1152,0.4367427607621873,0,19.67966889944048,25.1152,-0.5513333805269429,-0.5025215440282319,1.1973869086333593,0.04,500,1e-10,6.6000000000000005,-1.4406596515686882e-16,-2.338462043125986e-16,planck18,1,PIXEL,,1.5,1400.0,25.1152,1,0.04,3.0,21.9,0.04,1,0.04,,2,0.792062428481758,-1.0332150397137905,-1.1251646507973232,1.5093996781195147,0.7922553038193325,0.1715952650289255,0.1318376207707976,-0.1281098784988807,1.0021071894227271,,,,,,,,,"(999436701, 59)",deblcdouble251,1.109053476335935,0.1683266908014755,235.09787817219552,240.91471319083007,207.96488835764345,184.08365627772096,260.991494576114,225.885221820632,207.44277817116057,201.527941005612,195.29931126152292,185.5475448319209,177.6578535678729,173.42993870684512,172.6947449394394,174.38888875329815,-1.3382736636030073,,,3030.863484821715,-125.97264236609125,,
0.0370422710623295,-0.0103346101282709,0.0,-0.1158954555423923,0.0911539279069596,2.038838859856756,0.0005358156761621,0.0109381301467302,0.0,0.8897870143795017,1.1055668499038762,0.5481620726786708,-0.3097436665279847,0.2703358080954873,0.2062648727903192,0.3553211543051439,24.49454617571049,1.0,25.1152,3.298876430300589,0.938779848824172,0.0370422710623295,-0.0103346101282709,-0.0871604036489431,0.1052085688428976,22.46349685428156,4.0,25.1152,1.1055668499038762,0,22.253406687983844,25.1152,-0.3097436665279847,0.2703358080954873,3.298876430300589,0.04,500,1e-10,6.6000000000000005,-1.4406596515686882e-16,-2.338462043125986e-16,planck18,1,PIXEL,,1.5,1400.0,25.1152,1,0.04,3.0,21.9,0.04,1,0.04,,2,0.4461349237352895,-1.0788717514633448,0.7260169786358517,2.7202731424155657,1.1735742611827502,0.3598494853709749,-0.3690222716297178,-2.1887867913799735,1.7422356182461014,,,,,,,,,"(999436701, 60)",deblcdouble424,1.035785059728585,-0.0905769352650771,242.5334530926612,245.60791912493272,224.14695725462977,208.1999055845405,259.4123055010114,237.32522903825975,223.9776614224094,218.96535297163692,217.40439309503847,211.4046875371315,203.76077248644648,197.83366153014404,194.7831198547829,194.69748944853737,-0.8156586595943646,,,7658.103696651744,-181.1806365878519,,
0.0150186189801469,-0.0048949565214492,0.0,0.0417417061169764,0.083652647124824,1.798693060446637,0.0162968940436018,-0.0336300898988776,0.0,0.9786188186613392,0.773990348812462,0.2891052785005462,0.0556713858116814,0.1626048911188952,-0.0238338411727208,-0.0315345286463361,25.832125729527224,1.0,25.1152,2.4942244392364863,0.8007446000624329,0.0150186189801469,-0.0048949565214492,0.0391640606092002,0.1064395386879643,20.75746362309641,4.0,25.1152,0.773990348812462,0,23.6079362331436,25.1152,0.0556713858116814,0.1626048911188952,2.4942244392364863,0.04,500,1e-10,6.6000000000000005,-1.4406596515686882e-16,-2.338462043125986e-16,planck18,1,PIXEL,,1.5,1400.0,25.1152,1,0.04,3.0,21.9,0.04,1,0.04,,2,0.1723625435255516,-0.2986097227833027,1.1623822314861771,6.122550544117828,1.129506035548982,-0.3532319542571915,-0.6001953708005748,-3.2265206119538554,1.049197218165432,,,,,,,,,"(999436701, 61)",deblcdouble422,1.1398716244464224,0.01440024543994,205.81967013813903,205.4426613234028,208.36124681280748,205.89567202258263,203.6455854926516,206.81961523522588,206.40610525268872,211.19089450564843,210.87890884248455,205.83355066184336,202.61930628825684,203.29682773591395,207.6105047015945,213.76175128102375,-0.36505526533610894,,,5091.67663924461,-59.33184029092418,,
-0.0228249357381136,0.0377733820794566,0.0,0.0163817107889066,0.070731197782024,2.2725320561681497,-0.0068660978762474,-0.0015478080081465,0.0,0.3389007535544968,0.3800088791276687,0.8477250071873422,0.3346648452383855,-0.0548799729793927,-0.0561252985174627,-0.1880409062146358,22.29738509169287,1.0,25.1152,0.945937563463822,0.2269242733030466,-0.0228249357381136,0.0377733820794566,-0.107320765233892,-0.0181831515033795,20.2602402650578,4.0,25.1152,0.3800088791276687,0,20.84648425603728,25.1152,0.3346648452383855,-0.0548799729793927,0.945937563463822,0.04,500,1e-10,6.6000000000000005,-1.4406596515686882e-16,-2.338462043125986e-16,planck18,1,PIXEL,,1.5,1400.0,25.1152,1,0.04,3.0,21.9,0.04,1,0.04,,2,0.3693014861956102,0.600839788995791,-0.1476973367576838,1.4243514354057183,0.9131774059048692,-0.1224294946281692,0.0583370227693492,-0.1552420241187568,1.2528451295286551,,,,,,,,,"(999436701, 62)",deblcdouble495,0.9041247003120898,-0.0264959620330798,145.01437771338175,141.98354297355436,112.2127351644559,85.55088343417117,151.89781210431755,118.058884655053,103.72993532651424,102.00369495360091,93.46398503034597,84.37656450056802,78.4292144650269,75.59553903079897,75.48495857924888,77.19329614404823,-0.2589780494469387,,,2782.15714728816,-18.242543541502776,,
-0.0136225035524177,0.0128178560850605,0.0,0.0448842120349981,0.0840426245817617,1.9729833655760256,-0.0572308188233493,-0.0086757179757006,0.0,0.4849721688290424,0.5111007412847027,0.5080363012887791,-0.1833694063059878,0.0086563038032196,-0.2810445147840511,0.0898931164223863,26.78460024199198,1.0,25.1152,1.5703933073384395,0.5175102635168002,-0.0136225035524177,0.0128178560850605,-0.0458453022675228,0.0768856107405468,20.46588965130552,4.0,25.1152,0.5111007412847027,0,23.199844944134043,25.1152,-0.1833694063059878,0.0086563038032196,1.5703933073384395,0.04,500,1e-10,6.6000000000000005,-1.4406596515686882e-16,-2.338462043125986e-16,planck18,1,PIXEL,,1.5,1400.0,25.1152,1,0.04,3.0,21.9,0.04,1,0.04,,2,0.1697979078546743,-0.6054858331720668,0.2101445308912843,1.6296105315136948,0.3207138348172513,0.2652602943432263,0.0528356458148197,-1.183044753358796,1.0337545042559677,,,,,,,,,"(999436701, 63)",deblcdouble43,0.9281863495783104,0.0478312637721164,143.34545165034797,144.7834356047447,132.92980758855117,126.65982141705967,150.36018000133885,138.8679895921024,135.43711501965518,128.94386412119795,123.89528573073854,124.59162468323348,128.3420551930801,130.4555377494274,128.7969022317056,124.76335839874731,-0.1559637545975988,,,3368.39907757375,-13.655098691274555,,
-0.046529997575147,0.0090790213816608,0.0,0.1327821005015509,-0.0020386220272032,1.8724410561793143,-0.0234699367903791,0.023976509788637,0.0,0.3060603290922039,1.413005427069573,0.1058714100063698,-0.155374480169369,-0.0796785621367524,-0.3977547667919646,0.388216049267045,25.363463044843947,1.0,25.1152,2.2174688409074466,0.3088669327998002,-0.046529997575147,0.0090790213816608,0.0612026564053439,-0.035469814811058,24.280409322979395,4.0,25.1152,1.413005427069573,0,23.55789513716929,25.1152,-0.155374480169369,-0.0796785621367524,2.2174688409074466,0.04,500,1e-10,6.6000000000000005,-1.4406596515686882e-16,-2.338462043125986e-16,planck18,1,PIXEL,,1.5,1400.0,25.1152,1,0.04,3.0,21.9,0.04,1,0.04,,2,0.1404458259373769,-0.3249570928986364,-0.3803376786637668,3.0427982531832756,1.0547654158662536,0.0665844166217871,0.0707241247294322,-1.3184397105887762,1.20756770263546,,,,,,,,,"(999436701, 64)",deblcdouble315,1.1346105592118887,0.1088174712586207,185.65412084918455,185.99211135048373,179.75866441939365,174.7435132390787,189.3048844253917,182.9114243005651,174.11882361208347,177.0071472368452,184.81422916710704,180.00967690599887,170.05260576798548,161.66634805779174,156.35620589335963,154.59651619253208,-0.08893964853813757,,,17986.09288908012,-50.8266524009091,,
0.0462878973175945,-0.0232030461435355,0.0,0.0526763857835976,0.0589973685517946,2.021735542758853,-0.0064056753231421,0.0003212507290163,0.0,0.5545011098573178,0.4523235160225737,0.6509018441548977,-0.0118481451398389,0.3111505244437806,0.0205466391239957,-0.1731210160933222,22.009870462425617,1.0,25.1152,1.5234188290146848,0.8444315778382827,0.0462878973175945,-0.0232030461435355,0.0079708049109544,0.004470769146034,19.97078576714693,4.0,25.1152,0.4523235160225737,0,20.0350333160733,25.1152,-0.0118481451398389,0.3111505244437806,1.5234188290146848,0.04,500,1e-10,6.6000000000000005,-1.4406596515686882e-16,-2.338462043125986e-16,planck18,1,PIXEL,,1.5,1400.0,25.1152,1,0.04,3.0,21.9,0.04,1,0.04,,2,0.3393701660386485,-0.1335018711871886,0.8634044271279567,2.129378675616565,0.947339544315138,0.0768436713529618,-0.2595180852984567,-0.3268641688827148,0.4137967643493717,,,,,,,,,"(999436701, 65)",deblcdouble55,0.9630939017900711,-0.0374295193110646,158.282278297181,160.37112998877453,146.79012971419064,135.51334817140983,168.73075478204422,154.81601929969693,146.30742929133356,144.45550694568425,142.09645284445642,136.64482844383826,131.8489816951706,129.31412724626264,129.17692981685855,130.8440472308147,-0.3868329208205613,,,2849.1171900073887,-29.724517773528845,,
0.0217201261679815,-0.0488484241781645,0.0,0.1005755449859607,0.0107604852242177,1.838539055713594,0.0233222486800503,0.0065247047013157,0.0,0.9459779664959412,0.4097799714388789,0.2871071022798203,0.245409979204062,0.160188290357431,0.1255599630309907,0.1392004991557973,27.100572556827668,1.0,25.1152,2.497288861981302,1.0021840741996415,0.0217201261679815,-0.0488484241781645,0.1075349667658635,-0.0394355086708444,19.06390203286556,4.0,25.1152,0.4097799714388789,0,24.72623120854836,25.1152,0.245409979204062,0.160188290357431,2.497288861981302,0.04,500,1e-10,6.6000000000000005,-1.4406596515686882e-16,-2.338462043125986e-16,planck18,1,PIXEL,,1.5,1400.0,25.1152,1,0.04,3.0,21.9,0.04,1,0.04,,2,0.3061592696214494,0.8434061172338941,0.965307098683017,3.177626043354596,0.703848969501564,-0.4351600863998673,-0.3601403680901111,-1.9334828688230117,0.8837017260192661,,,,,,,,,"(999436701, 66)",deblcdouble466,1.055557988196413,0.1791379395960778,179.27480751700182,180.1033064685787,176.2906531676772,172.60069010629417,182.88148947804953,179.08524218026716,175.35143087458303,174.80617641343258,176.87186083660615,175.1433806446149,170.8074151964363,167.0881766352472,165.43514510674646,166.0817715071824,-0.5838754603749263,,,2178.323684875146,-37.59561363837879,,
-0.0201650070909161,0.0009080874108059,0.0,0.0362128120057616,0.0091490415697925,2.116075175320963,0.0118885195610844,-0.0067064671603276,0.0,0.3462219310884237,0.7290711806512002,0.5149117042790954,-0.2437872097416561,0.1653116365311775,0.124545647147394,0.1157399512228274,22.80130360397396,1.0,25.1152,1.449763469837794,0.3563213458747339,-0.0201650070909161,0.0009080874108059,-0.0138139380566835,0.0463006554238509,21.488469392185632,4.0,25.1152,0.7290711806512002,0,21.56770768385882,25.1152,-0.2437872097416561,0.1653116365311775,1.449763469837794,0.04,500,1e-10,6.6000000000000005,-1.4406596515686882e-16,-2.338462043125986e-16,planck18,1,PIXEL,,1.5,1400.0,25.1152,1,0.04,3.0,21.9,0.04,1,0.04,,2,0.2775525472441985,-0.5078201869431304,0.3638398721255589,1.8833973461179665,0.9433937206662264,0.0752462804220058,-0.0650942788422998,-0.2317103990782013,0.7644309653379922,,,,,,,,,"(999436701, 67)",deblcdouble208,0.9304618591116184,0.0581457008586934,155.39881907632756,155.85488582914232,132.72984254639155,119.4246024871692,166.58361409763458,142.28031928975818,129.11888079420038,121.45521057725732,123.32940295820733,123.41260464627337,117.78386393954464,110.60061200103456,104.35014381553457,99.86513673761146,-0.19617753716674036,,,6579.3359049244245,-33.63119955752698,,
0.0238230475238565,-0.032440273312466,0.0,0.077698562410692,0.0083504975234849,1.9689924609719065,-0.0369953612405412,-0.0340121746721878,0.0,1.82079050209246,0.8051720540926207,0.0985497350984067,-0.0934195707364941,-0.4457217250353296,0.0567407591543472,0.2051995465784461,30.05491903964332,1.0,25.1152,3.531541671933297,1.323677991814389,0.0238230475238565,-0.032440273312466,0.019363978325824,-0.0358825625853573,20.225461246015023,4.0,25.1152,0.8051720540926207,0,24.034587561830875,25.1152,-0.0934195707364941,-0.4457217250353296,3.531541671933297,0.04,500,1e-10,6.6000000000000005,-1.4406596515686882e-16,-2.338462043125986e-16,planck18,1,PIXEL,,1.5,1400.0,25.1152,1,0.04,3.0,21.9,0.04,1,0.04,,2,0.4295897925634406,-0.0562336907958694,-2.4148809972238254,1.795910214326775,0.5421925619309692,0.851103914447369,1.070106471816963,-3.1794192235348335,0.9633418156199683,,,,,,,,,"(999436701, 68)",deblcdouble399,0.9351607730027331,0.0687516579845587,283.65882857159187,287.48730024870014,267.92214851523374,257.6928905142055,300.76162462235993,280.80540349363815,271.98762353774765,262.32110484617755,258.9531335992431,259.4044632256826,258.1143436030681,253.33351923087855,246.92696009628995,241.24402182699149,-1.711787489969117,,,4754.689938134109,-213.14285329159463,,
-0.0053630324101471,-0.0554286671835582,0.0,0.2239775248318361,-0.0427328143272939,2.056044367906068,0.0178140235528198,-0.0264028539264282,0.0,0.3418566587264856,0.6613097696375188,0.1427113711061028,0.1732029475160355,-0.1066600452755403,-0.2472753492014816,0.0379258639477514,25.482418179682835,1.0,25.1152,1.595062656124705,0.4098006234337228,-0.0053630324101471,-0.0554286671835582,0.1442474752200859,-0.1400690266306287,21.48437356904363,4.0,25.1152,0.6613097696375188,0,22.55432334694499,25.1152,0.1732029475160355,-0.1066600452755403,1.595062656124705,0.04,500,1e-10,6.6000000000000005,-1.4406596515686882e-16,-2.338462043125986e-16,planck18,1,PIXEL,,1.5,1400.0,25.1152,1,0.04,3.0,21.9,0.04,1,0.04,,2,0.1857699202998199,0.4503224172441488,-0.2898134229034461,3.3902382594574267,0.9744199078714596,-0.1490648207199298,-0.0273020643640782,-0.5303635299780449,1.1832893400615314,,,,,,,,,"(999436701, 69)",deblcdouble151,0.98843712585921,0.0793434646688515,140.9416676999121,142.2303516307219,124.53886913173616,116.24080445872151,150.6832440406991,132.67950461327126,124.32399390822528,115.77737292587392,115.26944895742017,118.35387836168236,117.6377795143104,112.78908902834031,106.89974939739366,101.86865344593052,-0.12334580575612289,,,5061.971628953326,-17.28246106107406,,
0.0426554673603418,-0.0228770312892235,0.0,0.0404190587499296,0.2345163528117624,1.9468623546439685,-0.0117834768970344,0.0220796739808521,0.0,0.293191498565036,1.011776323636071,0.4540586896579345,-0.1801048286740424,0.0240633974923566,0.1974359758589025,-0.0778098439882614,24.212689568545304,1.0,25.1152,3.567556364515228,0.1944882695426608,0.0426554673603418,-0.0228770312892235,0.0775006868348458,0.2457586263544207,24.32695761748164,4.0,25.1152,1.011776323636071,0,21.16515556481577,25.1152,-0.1801048286740424,0.0240633974923566,3.567556364515228,0.04,500,1e-10,6.6000000000000005,-1.4406596515686882e-16,-2.338462043125986e-16,planck18,1,PIXEL,,1.5,1400.0,25.1152,1,0.04,3.0,21.9,0.04,1,0.04,,2,0.2276522640860948,-0.4493096621238613,0.1627514420401498,2.0314734916334705,0.9848467238210606,0.0704131298753646,-0.0236229059994332,-0.2578880280442005,1.1006902072355207,,,,,,,,,"(999436701, 70)",deblcdouble298,0.91404206435389,0.0131827341471121,111.19101064355092,110.56048587788824,103.3140996900424,91.55028457168304,112.83306182019092,104.21283986750878,103.89237962959668,102.87361350216742,94.25393202051008,88.60157919519668,87.55220439548053,90.63050580631224,96.0764720949182,101.25645083761552,-0.13317024465082025,,,6489.083161967071,-22.119187233460185,,
0.0080995612733672,-0.027080473273073,0.0,-0.0073485816006195,-0.0913881519681459,2.2069039548681024,-1.2581948923902797e-05,-0.0005914269648072,0.0,0.606794255885439,0.9367820411138116,0.2199539415382794,-0.1758027291524623,0.1696822609020675,0.1672328771507881,-0.0393337376206981,25.35995518446567,1.0,25.1152,1.9358102907021344,0.5808861183210727,0.0080995612733672,-0.027080473273073,-0.1148725075676989,-0.0784773367062616,21.858506468234538,4.0,25.1152,0.9367820411138116,0,22.134143610533567,25.1152,-0.1758027291524623,0.1696822609020675,1.9358102907021344,0.04,500,1e-10,6.6000000000000005,-1.4406596515686882e-16,-2.338462043125986e-16,planck18,1,PIXEL,,1.5,1400.0,25.1152,1,0.04,3.0,21.9,0.04,1,0.04,,2,0.2693243880229622,-0.5571279165791888,0.5752379541951237,2.647381340959996,0.7552411303432649,0.2692124461607941,-0.3072543693664132,-1.0772719384862226,1.3046376039877088,,,,,,,,,"(999436701, 71)",deblcdouble200,1.0431262304131264,-0.2012496049364304,242.3841944722145,245.6081865174828,203.99660871047695,176.54556388305144,266.69521133340197,222.9967908671649,205.5843399917246,193.91016632138144,180.65469797766545,173.30218349352546,172.4217092100655,174.47098413565047,174.95236082779812,172.01764667619088,-0.322340953961594,,,8256.40753562102,-77.74203765087546,,
0.0541348885743676,0.0059517097757753,0.0,-0.0648177105640982,0.1496849026365791,2.061299411974909,-0.0149059805491262,-0.0160048737265473,0.0,0.2975294516315855,1.3898937720361255,0.3392566888834562,0.1860991376934173,-0.1282519635270953,0.0501146858085012,-0.1761633416786416,25.00612157431157,1.0,25.1152,1.9785123446755133,0.5410069460049762,0.0541348885743676,0.0059517097757753,-0.1845278469788629,0.1744038983316491,23.81097730674077,4.0,25.1152,1.3898937720361255,0,22.3682593289048,25.1152,0.1860991376934173,-0.1282519635270953,1.9785123446755133,0.04,500,1e-10,6.6000000000000005,-1.4406596515686882e-16,-2.338462043125986e-16,planck18,1,PIXEL,,1.5,1400.0,25.1152,1,0.04,3.0,21.9,0.04,1,0.04,,2,0.1882158042607959,0.4052602697330478,-0.3431433639121982,2.2212495578490716,1.1675089821658042,-0.0331826963771747,0.111919417829726,-1.323054654137674,1.4264958025315688,,,,,,,,,"(999436701, 72)",deblcdouble226,1.092080638926823,-0.0556939086608804,216.78096586838348,218.83079770640757,193.9489560832067,178.3535431776416,230.93057713752927,205.97120915453,197.09513684762615,187.0859958091578,177.2992226039511,174.972351252644,178.2738979237959,181.58684835509308,180.6984502910141,176.0093398957936,-0.11815762811011449,,,21520.340715937342,-77.76390477998508,,
-0.0330988672772282,0.0401592808919172,0.0,-0.0454016578198405,-0.0952990387959481,2.228830331143275,-0.0009206695410323,-0.0098834754009332,0.0,0.3010145548706665,1.442111896313224,0.6960025201263221,-0.0872728422892354,0.2143879695849458,0.1225795529464919,-0.130226771862611,24.197042459334696,1.0,25.1152,3.047936601148316,0.6881380770780285,-0.0330988672772282,0.0401592808919172,-0.0284599802459962,-0.0922337624371734,25.02177338708624,4.0,25.1152,1.442111896313224,0,22.16832931111817,25.1152,-0.0872728422892354,0.2143879695849458,3.047936601148316,0.04,500,1e-10,6.6000000000000005,-1.4406596515686882e-16,-2.338462043125986e-16,planck18,1,PIXEL,,1.5,1400.0,25.1152,1,0.04,3.0,21.9,0.04,1,0.04,,2,0.1824567223543541,-0.1544538588230743,0.4772251237911512,1.869201526360624,0.7464007336340859,0.0208726120744078,-0.1090817925009992,-0.5769961243637834,1.1854130079909584,,,,,,,,,"(999436701, 73)",deblcdouble507,0.9266460023055456,0.113776200099602,161.67804946487848,165.6605007862576,133.36213149593956,111.77214215699294,183.3679115518256,148.39550428725636,133.23264270416303,126.62123483717272,117.97335830206366,110.71992334893602,107.1267788507354,106.56516310224642,107.47603537172829,107.9247130783969,-0.1098280678509717,,,12694.02534727075,-36.17753778272327,,
-0.010872001706093,-0.0216762696368309,0.0,0.1070288938404984,0.2236981950580956,2.325351412952119,-0.0218650173322835,-0.023297737995569,0.0,0.4458503557071413,1.632756726222472,0.2374658718419879,0.0506444179979133,-0.3726696043125754,-0.0416951702905263,-0.1193836056182001,24.54275849383393,1.0,25.1152,2.234607329266729,0.9747187660893328,-0.010872001706093,-0.0216762696368309,-0.0040415809321782,0.0201267654324346,23.872027945257347,4.0,25.1152,1.632756726222472,0,22.59226898772583,25.1152,0.0506444179979133,-0.3726696043125754,2.234607329266729,0.04,500,1e-10,6.6000000000000005,-1.4406596515686882e-16,-2.338462043125986e-16,planck18,1,PIXEL,,1.5,1400.0,25.1152,1,0.04,3.0,21.9,0.04,1,0.04,,2,0.356343360931558,0.1845227129903249,-0.7568680564717988,1.4087252285348313,0.9898369081980862,-0.0103708580489692,0.1969346736148457,-0.3367412682519727,0.7585774402592125,,,,,,,,,"(999436701, 74)",deblcdouble248,0.9603185937429336,0.0972963742931241,315.60775855562497,322.59521384577323,249.4730624783815,206.4555729891701,368.9944073941664,286.5957708817536,249.5565469404895,231.415925839512,221.9945969577162,210.6369081211248,198.52510940438617,188.47410196671197,181.5234917342912,177.85788416891376,-0.3377304217900353,,,28100.88135211592,-255.2218816479577,,
0.0059444384934995,0.0046183466096159,0.0,0.0190063956584965,-0.044637762346212,2.2441170641304544,-0.0342154052003375,0.0016958623084273,0.0,0.2558793342353211,1.4348986980461504,0.3338671011059073,0.0340592808342093,-0.0800680302434208,0.469237242529005,-0.151128893650485,26.067179552705984,1.0,25.1152,4.697160137046654,0.1827960597269711,0.0059444384934995,0.0046183466096159,0.0053780314732,0.0940822600746989,25.980551592199447,4.0,25.1152,1.4348986980461504,0,23.32646070558114,25.1152,0.0340592808342093,-0.0800680302434208,4.697160137046654,0.04,500,1e-10,6.6000000000000005,-1.4406596515686882e-16,-2.338462043125986e-16,planck18,1,PIXEL,,1.5,1400.0,25.1152,1,0.04,3.0,21.9,0.04,1,0.04,,2,0.0892313105604614,0.0706007166555109,-0.3269635967862183,2.953259280884168,1.0971165957244997,-0.0768398777508104,0.1750002501255478,-1.5036286138871262,0.926194666082806,,,,,,,,,"(999436701, 75)",deblcdouble217,0.9642573224272716,0.1039852294528607,138.5991350803901,132.44262869565097,104.7657203528282,78.34692744952027,140.47917368209883,108.33722649661652,99.7919873298086,91.96945698874082,81.14129929443773,74.79715297385529,73.25051879259648,75.20087870289258,78.38133214284805,80.80997392831382,-0.04702710096289123,,,9584.882585387026,-12.171396053156087,,
-0.0089048952847892,0.0272485150834921,0.0,0.2009445985461552,-0.0277514303291289,1.9265328081117936,0.0216539122772149,-0.0227258396864016,0.0,0.2680838675622349,0.9339676189796404,0.2865022313953856,0.1230970572166927,0.1159769871746929,0.2100448056962835,-0.0444951845825908,24.888267159786327,1.0,25.1152,2.841068424471312,0.1775339599061245,-0.0089048952847892,0.0272485150834921,0.0536059357398794,-0.0896938818021285,24.07296245189368,4.0,25.1152,0.9339676189796404,0,21.595354415166483,25.1152,0.1230970572166927,0.1159769871746929,2.841068424471312,0.04,500,1e-10,6.6000000000000005,-1.4406596515686882e-16,-2.338462043125986e-16,planck18,1,PIXEL,,1.5,1400.0,25.1152,1,0.04,3.0,21.9,0.04,1,0.04,,2,0.1590511151292014,0.2935399082949352,0.323633282778785,2.510058714987959,0.8873377326406144,-0.0781100032624483,-0.0032874285184026,-0.6820006339673349,1.337715142099797,,,,,,,,,"(999436701, 76)",deblcdouble202,1.1114430470224077,0.012967162189671,118.0752390609174,117.24569085992604,110.33281343398087,99.09560154931803,119.3821155869466,111.08278710400708,113.0709307673559,108.296687519852,99.17853460012196,95.20523245294947,97.03518111228674,102.95538754414368,109.73128264183048,114.77179137163584,-0.08194920760224642,,,6363.918405281237,-16.231887326662978,,
0.0264076738478043,-0.0464402901943027,0.0,-0.0740884885453616,-0.0519519772904885,1.841424205218716,-0.0049839558238584,-0.0137330435833643,0.0,1.3706203804642323,0.3824347670717272,0.4406820762331506,0.3302211667947704,-0.2641897924320931,0.1266333426191135,0.1869503953548945,26.09480523813265,1.0,25.1152,3.2660241666725165,1.010151870884349,0.0264076738478043,-0.0464402901943027,-0.0546156553249218,-0.125742024813714,18.30974611979597,4.0,25.1152,0.3824347670717272,0,22.691076388548545,25.1152,0.3302211667947704,-0.2641897924320931,3.2660241666725165,0.04,500,1e-10,6.6000000000000005,-1.4406596515686882e-16,-2.338462043125986e-16,planck18,1,PIXEL,,1.5,1400.0,25.1152,1,0.04,3.0,21.9,0.04,1,0.04,,2,0.3737880204359708,1.6768921179546723,-0.8067095229706728,4.130128331850286,0.8291904440591396,-0.5957306404980572,0.593345093497982,-4.367505503829441,1.655215492746088,,,,,,,,,"(999436701, 77)",deblcdouble48,1.0200839959761616,-0.204537087088225,192.0092696653504,191.664799495708,194.1405296557203,194.8697194803954,190.22895207542132,193.1530339212417,192.79335669504476,193.56198527331577,197.3874273059957,197.5114529999672,194.1214036969868,190.561234318148,188.6824936262342,189.0616687887198,-1.0417816569442395,,,1924.9838657361543,-57.286485456314914,,
-0.0236927552920698,0.0192609870207248,0.0,0.2075482499952641,0.0418487344688514,2.021566370087473,0.0020726685693218,0.0081877258523205,0.0,0.6969865475959877,0.5269730327118931,0.1924418886281842,-0.2475442214824215,0.1207162637817723,-0.0328675105181651,-0.0630696782862206,25.1952372610648,1.0,25.1152,2.821901405660212,0.4437891970238872,-0.0236927552920698,0.0192609870207248,0.2070633762977862,0.0418010118201428,20.17361756853647,4.0,25.1152,0.5269730327118931,0,22.54492515674028,25.1152,-0.2475442214824215,0.1207162637817723,2.821901405660212,0.04,500,1e-10,6.6000000000000005,-1.4406596515686882e-16,-2.338462043125986e-16,planck18,1,PIXEL,,1.5,1400.0,25.1152,1,0.04,3.0,21.9,0.04,1,0.04,,2,0.2457695101069921,-0.6667616128203657,0.6740840721612534,2.3873182962781487,0.7322377051453872,0.3855565454598797,-0.0601966183010732,-1.5280450633219769,1.5601589995233147,,,,,,,,,"(999436701, 78)",deblcdouble122,1.0016759699197175,0.0939033213334569,168.82401324331445,169.84673072060565,151.15024469147932,142.86240693551562,178.7959994121435,160.0920053382407,152.5561532452919,142.38044741193647,139.78800534295792,143.55386755956067,145.66267184049016,142.3629487749997,136.10905642937536,129.88471611820032,-0.3456865526460276,,,2905.429384586459,-28.1729620439793,,
-0.0295125492999029,-0.0188306849626838,0.0,0.0484594586403921,0.0538128569462573,2.046239928841028,-0.0308035443409826,-0.014156620107992,0.0,1.1493585410029037,0.764531937692357,0.6170477502559695,-0.27097674918808,0.3090727063704155,-0.3519330090521531,-0.2605846687561842,23.672062706816515,1.0,25.1152,1.7873387811672603,1.0627227030287756,-0.0295125492999029,-0.0188306849626838,-0.0447230126655655,-0.0618615036501973,20.219266824526613,4.0,25.1152,0.764531937692357,0,23.015142496524795,25.1152,-0.27097674918808,0.3090727063704155,1.7873387811672603,0.04,500,1e-10,6.6000000000000005,-1.4406596515686882e-16,-2.338462043125986e-16,planck18,1,PIXEL,,1.5,1400.0,25.1152,1,0.04,3.0,21.9,0.04,1,0.04,,2,0.4072168880036598,-0.8363065134129526,1.366282518792904,2.7982920350148124,1.0375530406646123,0.5300838933250833,-0.5857228120594292,-2.1531432449790877,0.8496560283028237,,,,,,,,,"(999436701, 79)",deblcdouble428,0.9877174475314036,0.03751229416889,280.5244853374765,286.11238275669746,257.50721603365713,239.2833199679221,305.09493622438436,275.20905789733416,258.99874098751263,249.57864492834472,247.6180636471456,243.595275340795,235.87627610581313,227.79669759231328,221.74652230508988,218.64177683090983,-0.9806396581442806,,,6027.10616399547,-163.47956152177454,,
0.0510511990042754,0.0234682563405025,0.0,-0.014506099612023,0.0684960933678536,2.1247210467071285,0.0106371869029231,-0.0213408454147141,0.0,0.4396188722108718,0.6301640136321491,0.1822475317313038,0.2211484430486638,0.2974097358648968,-0.2002738269947919,0.0738666350879102,26.02265574754012,1.0,25.1152,2.7032972813688256,0.3200271279352812,0.0510511990042754,0.0234682563405025,0.0468572474009868,0.0051167734181704,21.591320654527017,4.0,25.1152,0.6301640136321491,0,22.766672221966605,25.1152,0.2211484430486638,0.2974097358648968,2.7032972813688256,0.04,500,1e-10,6.6000000000000005,-1.4406596515686882e-16,-2.338462043125986e-16,planck18,1,PIXEL,,1.5,1400.0,25.1152,1,0.04,3.0,21.9,0.04,1,0.04,,2,0.3224546582630034,0.4166798708322717,0.6325951130151287,1.6707746169289452,0.6492056939434023,-0.037079118092278,-0.1132927129232156,-0.4504864025667082,1.441138789209103,,,,,,,,,"(999436701, 80)",deblcdouble64,1.179756633282273,0.1432247753379908,160.24309840917155,160.55782862305276,135.31883898807476,118.1121419566892,171.7652012723487,144.62380634709888,128.95003146980943,124.22210357902344,126.43704986197322,122.00558154620867,113.72657391845443,106.25031164558617,100.7368135987798,97.53733643932202,-0.27462212384796425,,,3705.1816262497246,-33.61629884681092,,
-0.0271854699197517,-0.0334575056899618,0.0,0.0306967244992997,-0.0260973119890234,1.9931420141161555,0.0098547591227413,0.0230528702634941,0.0,0.8066534017278053,0.1804994850136904,1.170831832796868,0.042150263220599,0.5574470296784827,0.3828878990341434,0.3447320673900746,22.28791866449972,1.0,25.1152,2.149368984549469,1.115237861998182,-0.0271854699197517,-0.0334575056899618,-0.0740801423544404,0.040034228654146,17.35263737876184,4.0,25.1152,0.1804994850136904,0,19.94996697504604,25.1152,0.042150263220599,0.5574470296784827,2.149368984549469,0.04,500,1e-10,6.6000000000000005,-1.4406596515686882e-16,-2.338462043125986e-16,planck18,1,PIXEL,,1.5,1400.0,25.1152,1,0.04,3.0,21.9,0.04,1,0.04,,2,0.5949584975518101,0.234423570329081,1.353793877155854,1.546249623733221,0.6883087911983192,-0.0459918751239616,-0.2454300554012297,-0.3486577237335312,0.8989590815835491,,,,,,,,,"(999436701, 81)",deblcdouble346,1.004280256156456,0.0002514960704133,163.57142868408104,165.73267096081298,153.6213698826583,146.19723106829406,173.85600576644185,161.49391414818788,154.6641171433237,149.8516558296361,149.44186403810772,148.5397262219265,145.15263005017886,140.81948638028413,137.1997842877663,135.08906244123534,-0.9677502695111231,,,858.7053784985343,-23.370868591924058,,
0.0162167825182123,-0.0412070949867096,0.0,0.0537425475515464,0.0297409467991482,2.076951123159416,0.000590614846647,0.0037034796777949,0.0,0.4519581731010882,0.4520312441061064,0.6944187099928166,0.2564449584761701,0.2621824418933223,-0.0648804166430535,-0.0075087681250618,24.34598500958657,1.0,25.1152,1.875008578871894,0.4788637167536546,0.0162167825182123,-0.0412070949867096,0.0657171948387661,0.0429703566957884,20.45552636739788,4.0,25.1152,0.4520312441061064,0,20.9724134311073,25.1152,0.2564449584761701,0.2621824418933223,1.875008578871894,0.04,500,1e-10,6.6000000000000005,-1.4406596515686882e-16,-2.338462043125986e-16,planck18,1,PIXEL,,1.5,1400.0,25.1152,1,0.04,3.0,21.9,0.04,1,0.04,,2,0.3869816373064331,0.4990013492759901,0.6207486387174653,2.546543436786172,1.247086151255371,-0.0580450263545082,-0.1264499766648791,-0.134606673493996,0.6340625577476993,,,,,,,,,"(999436701, 82)",deblcdouble218,1.010292418783857,-0.0079174067669519,142.5555439673682,143.7637539330224,125.53181841933196,115.88578551968934,152.49398750543708,134.0546083553988,127.26387520896957,118.56367660909189,113.83040276095822,114.91713947002296,117.42746501521016,116.8835303977228,113.13555176002332,108.36350179987764,-0.3528015134183198,,,2645.512039482154,-26.405823775489388,,
-0.0013345152655258,0.0330235758563328,0.0,-0.1821959041883733,0.0963521267935541,2.299669633137741,-0.0480247156021985,-0.026562723874283,0.0,0.5378141073205137,0.8905877742613546,0.4481756902783008,-0.1274362534877793,0.1056693317607086,-0.1431449413652067,-0.1030529302385042,26.11389923549587,1.0,25.1152,3.181070819034799,0.6414909982373074,-0.0013345152655258,0.0330235758563328,-0.17720731248194,0.080256614505616,22.261086837244523,4.0,25.1152,0.8905877742613546,0,23.962921554839056,25.1152,-0.1274362534877793,0.1056693317607086,3.181070819034799,0.04,500,1e-10,6.6000000000000005,-1.4406596515686882e-16,-2.338462043125986e-16,planck18,1,PIXEL,,1.5,1400.0,25.1152,1,0.04,3.0,21.9,0.04,1,0.04,,2,0.1455302519533031,-0.5586745628571963,0.3947642130433736,3.165030702939432,1.3468749359099184,0.3546631913441563,-0.2242132871239991,-8.6307159109435,1.4769905313617326,,,,,,,,,"(999436701, 83)",deblcdouble349,0.9591663608426338,0.0177965670833107,195.30471426372588,198.21919152490057,154.43691591229157,126.45026630068254,221.3686766500337,173.5600759885766,154.1113663116467,144.2636333887517,132.87810776963596,124.66380458073216,121.17602882162748,120.96896477620264,121.5442891305479,120.68925516416236,-0.16127323319223907,,,5654.1337603219445,-24.492592394594332,,
0.036594530890666,0.0114464484708361,0.0,-0.1463415465344278,-0.0755088815859368,2.0234415638224847,-0.0105489008568457,-0.0130601654287945,0.0,0.950452183444221,1.6181436939366909,0.2214905166334166,0.3373731886607906,0.11792662504758,-0.5388290220372458,0.2038959380362459,25.392000945646075,1.0,25.1152,3.603648209365197,0.9318186518760166,0.036594530890666,0.0114464484708361,0.0593237041709883,-0.0419445770975853,23.111243667853213,4.0,25.1152,1.6181436939366909,0,22.16129306855742,25.1152,0.3373731886607906,0.11792662504758,3.603648209365197,0.04,500,1e-10,6.6000000000000005,-1.4406596515686882e-16,-2.338462043125986e-16,planck18,1,PIXEL,,1.5,1400.0,25.1152,1,0.04,3.0,21.9,0.04,1,0.04,,2,0.3190702571124615,1.2663597665878814,0.3774242373479423,2.707305231071358,1.0066950956042426,-0.5590463476538177,-0.2933332194657479,-4.488192376284811,1.1694879365699635,,,,,,,,,"(999436701, 84)",deblcdouble201,0.9828758731863104,0.0146940660942168,286.19609996758027,290.40626892288714,264.7049720657643,245.39021890129317,306.9182948309925,280.3539181589978,264.33069976645623,258.7535759649451,256.651386254921,249.02792078196657,239.84311120893528,233.07550317474065,229.93777777137663,230.35217810833709,-0.6230452414645381,,,13663.942631345952,-234.3185831509518,,
0.0079923131211658,0.0066742658416715,0.0,0.0412323510699558,-0.158713398857758,1.956969825144045,-0.0006789980560395,0.0179404372909695,0.0,0.8059899327889452,0.7237559720021419,0.0864134425870456,-0.2751603281965158,-0.0149208368936429,-0.0782237658685499,0.1905147457683502,26.87048330077112,1.0,25.1152,2.024216373957572,0.3517129743827645,0.0079923131211658,0.0066742658416715,0.0485656342167845,-0.1483852728279661,20.656259584769064,4.0,25.1152,0.7237559720021419,0,23.967194428727623,25.1152,-0.2751603281965158,-0.0149208368936429,2.024216373957572,0.04,500,1e-10,6.6000000000000005,-1.4406596515686882e-16,-2.338462043125986e-16,planck18,1,PIXEL,,1.5,1400.0,25.1152,1,0.04,3.0,21.9,0.04,1,0.04,,2,0.2839749403509549,-1.0252264103985866,-0.4257447762202768,2.5837350278030997,0.8745039715104994,0.4753688487543657,-0.094104662878725,-0.944656172862799,0.7154973899095491,,,,,,,,,"(999436701, 85)",deblcdouble67,1.0187154646897725,-0.1393417566714129,196.1869320765055,196.94009328718369,185.53250574409927,181.34265368264627,202.5442245185476,191.72239754936604,182.90248248256145,177.4952969303812,184.2144378677353,187.1722502671628,181.0380551745136,172.25380547550412,164.52369033511232,159.1179670059564,-0.48053572503450953,,,5083.921153163064,-69.69310770969388,,
-0.0266607777700256,-0.0355185469160211,0.0,0.2044262616418492,-0.0824097562196073,1.778435252044795,-0.0458427604064179,-0.0182798088508794,0.0,0.4489456487168458,1.2611015309199656,0.3494725815646758,0.0593963844804157,-0.0602624243759162,0.0075804284157696,0.1461343396886727,26.710390180609,1.0,25.1152,4.925635965322531,0.2424042708636634,-0.0266607777700256,-0.0355185469160211,0.1638100019574073,0.0064566448002408,24.431713337274093,4.0,25.1152,1.2611015309199656,0,22.37939476424088,25.1152,0.0593963844804157,-0.0602624243759162,4.925635965322531,0.04,500,1e-10,6.6000000000000005,-1.4406596515686882e-16,-2.338462043125986e-16,planck18,1,PIXEL,,1.5,1400.0,25.1152,1,0.04,3.0,21.9,0.04,1,0.04,,4,0.089543814115488,0.1661042146098671,-0.5750022311986819,2.4992835372893896,0.6281608542798063,0.2955467026184558,0.3663536800338555,5.702656983297499,1.0077240199040358,0.4441868558328672,-0.0219179504513712,-7.673484078353383,1.4497453309187387,-0.2698068194170328,0.0118643263584406,-1.2664966813952026,0.9512113021136228,"(999436701, 86)",deblcquad433,1.0231723754921842,-0.1646045066419517,129.67551591637545,129.6117305575916,135.1923978248873,133.41769384618496,127.51843348883298,132.30251753019934,132.59153243235045,142.6551701322831,140.97352435932714,133.45143959195303,128.2157220978697,126.6217245732184,128.9552484243322,134.5383573764517,-0.016805275535223763,-0.02380730197197528,-0.08911086338580926,7840.26612265816,-3.775180252560712,-5.348133452674989,-20.018093189702835
0.0013790955399562,0.0392877234291435,0.0,-0.0088719848158394,-0.0734103364714803,2.251569720118105,-0.0069248987812141,-0.0033196040667243,0.0,0.2546249932439032,1.0192644699596158,0.3218192493933199,-0.0463351996455738,0.2174156350516827,0.1523366479485083,-0.2876797782794811,25.18134860801883,1.0,25.1152,3.2925188953546214,0.1917539925862204,0.0013790955399562,0.0392877234291435,-0.0035112676823917,-0.0784927877335587,24.8491990328772,4.0,25.1152,1.0192644699596158,0,20.911220162438383,25.1152,-0.0463351996455738,0.2174156350516827,3.2925188953546214,0.04,500,1e-10,6.6000000000000005,-1.4406596515686882e-16,-2.338462043125986e-16,planck18,1,PIXEL,,1.5,1400.0,25.1152,1,0.04,3.0,21.9,0.04,1,0.04,,2,0.1844077191010697,-0.088110494767674,0.4407431124908508,2.441714514893291,1.2178893520359273,0.0385473977850609,-0.0751902661452105,-0.3745192705626163,1.0095126852373928,,,,,,,,,"(999436701, 87)",deblcdouble172,0.8775196935601391,-0.0575255494352819,124.34413557475392,119.94463631682468,95.78414139357253,72.5833261440689,127.12610467621656,99.34767480426868,90.81842763433112,85.83350693422868,76.38317110688862,69.86909718213249,67.20401101152082,67.74996749066317,70.03877207409231,72.28383907586688,-0.09536985780220374,,,6781.128066401449,-15.89214057914475,,
-0.049033133430992,-0.0145748077692026,0.0,0.0490414132978126,-0.0353506126993208,1.991122369297858,-0.0110544739925756,-0.0098980440435813,0.0,0.5856876736075403,0.5629427545360631,0.1401146590640526,-0.0569361572512583,-0.1152021974385268,0.0965078792900307,0.0719442746141416,26.255740538976973,1.0,25.1152,1.117669485065483,0.6076712237296275,-0.049033133430992,-0.0145748077692026,0.0020939226644891,-0.057492915076554,19.850299082306027,4.0,25.1152,0.5629427545360631,0,24.78749750562639,25.1152,-0.0569361572512583,-0.1152021974385268,1.117669485065483,0.04,500,1e-10,6.6000000000000005,-1.4406596515686882e-16,-2.338462043125986e-16,planck18,1,PIXEL,,1.5,1400.0,25.1152,1,0.04,3.0,21.9,0.04,1,0.04,,2,0.1009372544562497,-0.1115237222872716,-0.7156230701706596,3.642927879813749,0.7895488969026608,-0.0616688479396548,0.4845702967301368,-7.624444167198685,0.7766734751796087,,,,,,,,,"(999436701, 88)",deblcdouble75,0.8643421587275879,-0.1042229902586617,179.98382846805129,181.4182287635495,168.04913496001535,157.4012033908637,187.97988139547897,174.982571175528,170.01773177204208,166.276833644986,158.54704748622666,154.49421343062846,155.56957350704013,159.53921444500705,162.67845027926427,162.51849091398634,-0.12112317417602486,,,5025.266681001893,-14.732773041227572,,
-0.0351598112160773,-0.0420923737114449,0.0,-0.2697355049024994,0.0047381583348848,1.903933507670048,-0.044344720374319,0.0276435557688102,0.0,0.888624438872261,0.5321239015765276,0.2539152201069616,-0.0783178745359062,0.2469700051709362,0.0334624069585637,0.0497759059607835,25.044145687027,1.0,25.1152,2.2474154963487982,0.6267416526699556,-0.0351598112160773,-0.0420923737114449,-0.1202234161133217,-0.087820524980165,19.62706107890953,4.0,25.1152,0.5321239015765276,0,22.362971951537183,25.1152,-0.0783178745359062,0.2469700051709362,2.2474154963487982,0.04,500,1e-10,6.6000000000000005,-1.4406596515686882e-16,-2.338462043125986e-16,planck18,1,PIXEL,,1.5,1400.0,25.1152,1,0.04,3.0,21.9,0.04,1,0.04,,2,0.2922664491772184,-0.5663153273141582,0.9399476290517896,13.375036245555158,1.3738460450983268,0.003408115729873,-0.4998566308017122,-0.7631143625022785,0.8292920320501699,,,,,,,,,"(999436701, 89)",deblcdouble236,0.8017694852081607,-0.0562734736696903,160.7639648078464,161.45058265630414,155.80067353536353,149.95315353397746,163.9345538981869,158.8268904363613,157.27069285972115,156.25086158325533,150.42343451936975,147.22972513700384,148.62163829120615,153.01505635521275,157.18500493149014,158.39202239083195,-0.46806201111772616,,,3119.2897214943337,-32.780915365984704,,
-0.0237622844260432,-0.0307625869319247,0.0,0.0698882087349798,-0.0693682750499955,1.930456582018813,0.0495209833329571,0.0314403508876312,0.0,0.4010735476068365,0.3129533139460444,0.8944177069298558,0.0586333833898587,-0.1915084087180447,-0.0265946006696377,-0.1471828758526196,21.32322861756021,1.0,25.1152,0.4315904926399815,0.849860944816076,-0.0237622844260432,-0.0307625869319247,0.0042995424167386,-0.0134222218897155,17.948745536888573,4.0,25.1152,0.3129533139460444,0,20.36380423278776,25.1152,0.0586333833898587,-0.1915084087180447,0.4315904926399815,0.04,500,1e-10,6.6000000000000005,-1.4406596515686882e-16,-2.338462043125986e-16,planck18,1,PIXEL,,1.5,1400.0,25.1152,1,0.04,3.0,21.9,0.04,1,0.04,,2,0.1806329573929506,0.1543809327339572,-0.5577656664883754,5.109599052057569,1.135856108801314,-0.1251692879874243,0.1271325664139494,-1.2128769515914424,1.248186106980309,,,,,,,,,"(999436701, 90)",deblcdouble214,0.8886893159470877,-0.0455037842721485,193.50072424732576,195.02534136157703,186.92550253464793,178.20113879783176,200.08305330941064,192.1437403523387,185.84318801470363,186.1218870203795,185.079630418544,179.51923512197453,174.39558798420376,172.03486967329744,172.73332869860704,175.7405936564517,-0.1349900927721724,,,4927.859755243863,-16.55475047271517,,
-0.0039168457786342,-0.0502135100447323,0.0,-0.0699758564612321,-0.0395352158504222,2.051008446948146,0.0037650414934123,0.005279098532388,0.0,0.404345822190623,0.6530509611324913,0.1945334072436716,-0.3283777681815961,0.2115445364422766,0.0009523685202144,-0.1143556155352546,24.814391312301098,1.0,25.1152,1.298066366281996,0.3042636585189717,-0.0039168457786342,-0.0502135100447323,0.0007846454126546,0.0266682121715145,21.0258427457364,4.0,25.1152,0.6530509611324913,0,20.14148238299065,25.1152,-0.3283777681815961,0.2115445364422766,1.298066366281996,0.04,500,1e-10,6.6000000000000005,-1.4406596515686882e-16,-2.338462043125986e-16,planck18,1,PIXEL,,1.5,1400.0,25.1152,1,0.04,3.0,21.9,0.04,1,0.04,,2,0.4168838747988173,-0.6560873999079745,0.4159980170069922,1.4964584003654222,0.7774889215090097,0.0226613676610721,-0.0741036072187223,-0.0583884590272037,1.1704038846279183,,,,,,,,,"(999436701, 91)",deblcdouble366,0.9003771279402542,0.085818791269208,158.20080134489405,158.1386223131717,139.51326699325176,125.3901219577985,166.4137337466219,146.65265153897568,133.38579665926082,131.9402785967482,134.76664013822986,129.0099155189047,120.43191309208856,113.35585721864616,108.59786008100836,106.44586108539572,-0.33776994337076344,,,5863.349260543947,-49.934840207297135,,
-0.0276816057455681,0.000342804234077,0.0,-0.0493013202676469,0.0995784726824999,1.880510310947556,-0.0280676074775798,0.0189786909930817,0.0,0.2636828897272847,1.0277903907020138,0.4282678973267683,0.0274934873460326,-0.1277583575429896,-0.1259096436977528,0.2798550351867627,25.08393155241035,1.0,25.1152,2.8387864478398432,0.2153592142750567,-0.0276816057455681,0.000342804234077,0.0122148790356861,0.1705528512651844,24.659821067581024,4.0,25.1152,1.0277903907020138,0,23.560581264592585,25.1152,0.0274934873460326,-0.1277583575429896,2.8387864478398432,0.04,500,1e-10,6.6000000000000005,-1.4406596515686882e-16,-2.338462043125986e-16,planck18,1,PIXEL,,1.5,1400.0,25.1152,1,0.04,3.0,21.9,0.04,1,0.04,,2,0.1394783085153422,0.1564165020008437,-0.3827070589752935,4.353113818669131,1.5260353927585977,-0.0563745753589684,0.0925062004109653,-1.0237779077160416,0.958791522281282,,,,,,,,,"(999436701, 92)",deblcdouble229,1.096901330618676,0.0320442353733044,119.6049656002571,119.2886172635417,115.66565289023428,105.9684940830536,120.46577432160122,115.65276733676822,114.85224843489348,118.7954520425868,111.20931548688094,103.91055041024303,100.73895564887856,101.87113873495848,106.63233607897745,112.9053842280524,-0.07501398467755889,,,7392.619901788676,-17.0341560159691,,
0.0338905387550153,0.0353126242743703,0.0,0.203172874010828,0.0246959303405165,1.832319324938369,-0.0029308176904684,-0.0141144006360269,0.0,0.7357122441816913,0.2090453852603724,0.634709628484532,0.3458598140265486,0.0920353602575397,-0.0423966208033176,0.0957454433120067,22.43955794916331,1.0,25.1152,0.9104669234911108,1.0450197231733125,0.0338905387550153,0.0353126242743703,0.0622091378301202,-0.0520801297238241,17.599148105297594,4.0,25.1152,0.2090453852603724,0,20.232793896846147,25.1152,0.3458598140265486,0.0920353602575397,0.9104669234911108,0.04,500,1e-10,6.6000000000000005,-1.4406596515686882e-16,-2.338462043125986e-16,planck18,1,PIXEL,,1.5,1400.0,25.1152,1,0.04,3.0,21.9,0.04,1,0.04,,2,0.3170840542992694,0.9555324485902768,0.4517845948836849,12.06345660661131,1.1487346820174813,-0.1899576949124642,0.0041520863830112,-0.3676057687386329,0.5096700349349852,,,,,,,,,"(999436701, 93)",deblcdouble8,0.9061456978816664,0.0853223979464977,148.17906900165465,148.46120307198393,147.2338259531921,145.97357346139955,149.4697509768903,148.39621880596476,146.58232211533456,146.0659439421146,148.3317809018675,148.1337101422661,145.2183057344953,142.08478083851563,140.2479846225616,140.16632848967538,-0.4056329518554458,,,1177.2648747352644,-12.117635704856836,,
-0.0256421327478333,0.0077018291527345,0.0,-0.2452634197451138,0.157821915468389,2.134932790105987,-0.0027014650564062,0.0307672786739131,0.0,0.6531248521379632,2.1861651623300737,0.388544392965356,-0.0736328025679382,0.0430290756725823,0.4283939394680843,0.1554224135567999,25.3487794448737,1.0,25.1152,4.3448486833163775,1.1881116243906695,-0.0256421327478333,0.0077018291527345,-0.239442839937499,0.1832437417331356,25.47690832162025,4.0,25.1152,2.1861651623300737,0,22.890370690427165,25.1152,-0.0736328025679382,0.0430290756725823,4.3448486833163775,0.04,500,1e-10,6.6000000000000005,-1.4406596515686882e-16,-2.338462043125986e-16,planck18,1,PIXEL,,1.5,1400.0,25.1152,1,0.04,3.0,21.9,0.04,1,0.04,,4,0.0595912639273276,-0.7133012327531758,0.2172833851876972,1.575387918906098,0.5441644477267011,0.6073266114335898,0.0120138464501305,4.241138837328487,0.9310662287399516,0.2487810734642357,0.5645331038302364,-3.3455493899222515,1.2719038906282534,-0.048057544342983,-0.5667333767677197,-2.501161699946176,1.2645672850434706,"(999436701, 94)",deblcquad153,1.041805891633073,0.0851653847277677,294.1606781870758,302.1526881689417,259.1394389924267,234.62116763373376,331.13098760034694,284.7843968166035,263.1604745834392,248.0081726999197,242.12080411669984,238.34258199464512,231.8172440348129,223.27584379049804,215.24137952741216,209.36860197189336,-0.07122862863916568,-0.09409344945404513,-0.12072995200784498,20521.41118369413,-42.64430680410268,-56.333387339262806,-72.28055926709526
0.0476168302538665,-0.0123807810277815,0.0,0.1363773025424201,0.0924086251063424,2.118901831278524,0.0011812088667003,0.0004890595100976,0.0,0.5536737100049566,0.4413943256551383,0.339550697922179,0.3527992971152667,0.0775311274252025,-0.0595414873575432,0.1893104624517804,22.76496314819623,1.0,25.1152,1.1184082634759016,0.4124229872812769,0.0476168302538665,-0.0123807810277815,0.059741097450643,0.0779330901501038,19.665027524245605,4.0,25.1152,0.4413943256551383,0,20.52223556003036,25.1152,0.3527992971152667,0.0775311274252025,1.1184082634759016,0.04,500,1e-10,6.6000000000000005,-1.4406596515686882e-16,-2.338462043125986e-16,planck18,1,PIXEL,,1.5,1400.0,25.1152,1,0.04,3.0,21.9,0.04,1,0.04,,2,0.3181516766595257,0.8359434876385831,0.2134409185575565,4.921861242711618,1.2915736928022672,-0.1986273535193131,-0.0858859492101839,-0.5965810477985837,1.3351917231067731,,,,,,,,,"(999436701, 95)",deblcdouble93,1.141632407576631,-0.105719245998524,192.66408170175168,193.8324442537166,166.7344040204396,152.88220503819474,206.6467274299733,178.8580812140799,166.53670407790358,154.09515014785788,151.75118316310565,155.0416919528976,154.4221289014661,148.54623419983787,141.04710011480094,134.40624616328265,-0.3383082394716426,,,3211.858666542776,-34.73823389770449,,
0.0270207163908011,0.0282974059591957,0.0,0.1088971030251463,0.0122834880513385,2.2745761064427525,0.028405282832211,0.0190267878845253,0.0,0.6732564876326788,0.3345061414043911,0.433610298169101,0.1039317367057765,-0.1608858228050236,-0.1555625468539179,-0.1110869915235562,24.49471159753044,1.0,25.1152,1.6196077887872655,0.3329328813180305,0.0270207163908011,0.0282974059591957,0.034193674336227,-0.0083199214314752,19.055100902617166,4.0,25.1152,0.3345061414043911,0,21.413667708779585,25.1152,0.1039317367057765,-0.1608858228050236,1.6196077887872655,0.04,500,1e-10,6.6000000000000005,-1.4406596515686882e-16,-2.338462043125986e-16,planck18,1,PIXEL,,1.5,1400.0,25.1152,1,0.04,3.0,21.9,0.04,1,0.04,,2,0.2042194875410901,0.2806153787120618,-0.7548061998564338,4.276611116973904,1.361563630761928,-0.2239272509345905,0.4760767879417049,-2.008303248766488,1.0172677942372552,,,,,,,,,"(999436701, 96)",deblcdouble62,0.8642631266469842,0.0390457644072489,186.581429636535,185.3722889721402,145.34968244756027,119.68432049792489,202.84990302834964,158.72713688088672,137.2395128277026,127.46358717051136,127.59528674397558,123.65753597649328,115.30282307525408,107.04260077857975,100.4104727426832,95.89022348754688,-0.27370847854136865,,,1854.7075902531299,-12.28632867459542,,
0.0127361349605443,-0.0506561260121049,0.0,-0.4048453125654738,-0.0361908803306172,1.8839379053418288,0.0413772791859219,-0.047346263775111,0.0,0.4749147948509414,1.2693453750594828,0.3567772909404342,0.2227574638332164,-0.0662306887079472,7.203849089220032e-05,0.0442532408164397,25.49124836726112,1.0,25.1152,3.121691882956953,0.3293337955650221,0.0127361349605443,-0.0506561260121049,-0.3290581631653979,-0.1349824006156217,23.6209926684211,4.0,25.1152,1.2693453750594828,0,23.23153392317481,25.1152,0.2227574638332164,-0.0662306887079472,3.121691882956953,0.04,500,1e-10,6.6000000000000005,-1.4406596515686882e-16,-2.338462043125986e-16,planck18,1,PIXEL,,1.5,1400.0,25.1152,1,0.04,3.0,21.9,0.04,1,0.04,,3,0.2105980189474958,0.8200103923145877,-0.1152682297634998,1.8770444115988696,1.06119050168834,-0.189646922882362,0.1392140897149877,-2.1474964581857425,0.5667437638031925,0.0125261824958839,-0.0506249301539706,1.6451552548173078e-05,1.116833639690053,,,,,"(999436701, 97)",deblcdouble234,1.0618995466618173,-0.0622307158077721,167.7417346552653,168.02225007319257,163.72328208639368,162.63870389735484,170.41444951802166,166.55814552077737,160.1783441023034,159.80578603499472,168.00169162725305,168.04664933012324,160.81011174249545,153.05270208268914,147.13523821169656,143.81432051947826,,,,9888.6690806263,,,
-0.0422588361248408,0.0320912438473213,0.0,0.2398415109363337,-0.1523472284494552,1.8601331994764725,0.0005611621222693,-0.0058395904506015,0.0,0.5656260299417001,0.5992124657678024,0.4167301304296327,0.1100865160238982,-0.1600046850927236,-0.0250312434178101,0.0016351753011944,27.934539839194542,1.0,25.1152,3.308353912554153,0.3128047682651557,-0.0422588361248408,0.0320912438473213,0.1296684635479246,-0.0307312815150213,21.00081037429969,4.0,25.1152,0.5992124657678024,0,19.22463730541052,25.1152,0.1100865160238982,-0.1600046850927236,3.308353912554153,0.04,500,1e-10,6.6000000000000005,-1.4406596515686882e-16,-2.338462043125986e-16,planck18,1,PIXEL,,1.5,1400.0,25.1152,1,0.04,3.0,21.9,0.04,1,0.04,,2,0.2451733106124361,0.1791184361795155,-0.7848098217294797,3.0216601533485727,1.134751846872221,-0.205946780219636,0.146957029875486,-0.7440484958622392,1.0139598586922245,,,,,,,,,"(999436701, 98)",deblcdouble232,1.1667084037105335,-0.0110403651363056,143.40759672770287,143.58874123784858,141.22498330062757,139.80838788238268,145.06629938254198,142.86141461799932,137.37273894455805,139.50178880637,146.49849335300033,144.11835908767213,136.95562856889703,130.5095855846291,126.18641622504128,124.4578846222109,-0.28372734574371083,,,3299.8652937743427,-30.58948587111353,,
-0.0214737385480312,-0.0439579577725025,0.0,-0.1310236401916154,0.0369208077246687,1.994759678251672,-0.0152685552825834,-0.0352117933655185,0.0,0.4988858235908924,1.1485849501169962,0.3252158216262251,-0.1368227592211302,0.3103249985238533,0.324544198937469,0.2389905622272852,24.703655969938083,1.0,25.1152,3.091679372038584,0.4476020435890162,-0.0214737385480312,-0.0439579577725025,-0.0611152421361996,0.080498036317403,23.397584452172417,4.0,25.1152,1.1485849501169962,0,21.5435386361858,25.1152,-0.1368227592211302,0.3103249985238533,3.091679372038584,0.04,500,1e-10,6.6000000000000005,-1.4406596515686882e-16,-2.338462043125986e-16,planck18,1,PIXEL,,1.5,1400.0,25.1152,1,0.04,3.0,21.9,0.04,1,0.04,,2,0.3725879891949398,-0.4092270461614704,0.7583347745111632,2.9424302445556147,1.2848828895620683,0.00191477236562,-0.1493789736680691,-0.2244702317544964,0.853634947859466,,,,,,,,,"(999436701, 99)",deblcdouble459,0.8790370053490162,-0.0403093694428536,162.66466565667665,164.00148378501302,149.8629191831179,144.2258411715732,170.6738422746606,156.9846603790253,151.79093639962883,142.84762011419204,140.42676583145317,144.4664716905546,147.45668585252494,145.17393401980445,139.63265131498866,133.79134434445157,-0.3746233608448608,,,8422.403563140324,-77.66949934066552,,
0.0471692180341469,0.0072842436461032,0.0,0.1156800121299313,0.0659125473682134,1.996395939769373,0.014099034517147,-0.0170627597395762,0.0,0.7831225035262181,0.8477258222876025,0.1327202915324483,0.2619359551638327,-0.6392979166835325,-0.0112251273323035,-0.0008988028254284,28.157751098744583,1.0,25.1152,2.633917716045231,0.6124362189637633,0.0471692180341469,0.0072842436461032,0.0673014587022941,0.0151349565264108,21.583349123494216,4.0,25.1152,0.8477258222876025,0,22.207763272223445,25.1152,0.2619359551638327,-0.6392979166835325,2.633917716045231,0.04,500,1e-10,6.6000000000000005,-1.4406596515686882e-16,-2.338462043125986e-16,planck18,1,PIXEL,,1.5,1400.0,25.1152,1,0.04,3.0,21.9,0.04,1,0.04,,2,0.6813172839682481,0.5635876728339483,-1.3985222475058463,1.2824138848021664,0.6917718851694983,0.0063768817049184,0.1262550199411181,-0.1250906215886695,0.5399917953022914,,,,,,,,,"(999436701, 100)",deblcdouble207,0.967305863563006,0.0894999814053425,201.6405217146559,203.59144763753827,184.78660513261715,170.8652873179342,213.0728118060634,194.2844350808392,187.02644116489145,181.6857686732224,172.38328813304503,167.6215621976031,168.6659525035484,172.80087578338583,175.902241417646,175.31620850171768,-1.1092209769215033,,,5693.551269838469,-171.0714651827335,,
-0.0351362957071766,0.0245978320862465,0.0,0.0477971083574167,-0.1831655932676609,1.928003385809909,0.0264356509333787,0.0108808286953074,0.0,0.7383351490241793,0.9687095432744338,0.5653930717992565,-0.4101355670321889,0.1079398464271895,-0.0527924435153324,-0.2375350272238716,24.11132370618361,1.0,25.1152,2.336169844673093,0.7821400854383646,-0.0351362957071766,0.0245978320862465,0.0233562518091894,-0.0840051097823499,21.81005462481262,4.0,25.1152,0.9687095432744338,0,22.491133160138745,25.1152,-0.4101355670321889,0.1079398464271895,2.336169844673093,0.04,500,1e-10,6.6000000000000005,-1.4406596515686882e-16,-2.338462043125986e-16,planck18,1,PIXEL,,1.5,1400.0,25.1152,1,0.04,3.0,21.9,0.04,1,0.04,,2,0.3841488576693885,-1.1838610181070852,-0.0561299588951388,3.569803494545309,1.2361631275770126,0.2079192073303059,-0.0705068360417879,-0.8360023567934775,1.3865693160804722,,,,,,,,,"(999436701, 101)",deblcdouble401,0.9311903891457622,0.091941037360546,203.30591155475443,205.20256591163323,194.07387061649516,182.68381939149256,211.72645786720383,200.6116984684676,193.40762885090064,193.65974886146785,189.65098171063045,182.5792961920787,178.19919991061442,177.75660676980397,180.61415834551136,184.8763650003015,-0.5641465079198369,,,7559.863489238621,-111.21331528073556,,
0.0204990532489223,-0.0192647733752249,0.0,0.0479223284512828,0.0401069427377258,1.94395910884182,-0.0079046803574104,0.0649727367803296,0.0,0.5407280831446437,1.10858386390545,0.374182892724662,0.0981472816901052,0.1869268550820551,0.6073194400079958,-0.0309171300075257,24.17946942448328,1.0,25.1152,2.0831871383837983,0.4227269098488632,0.0204990532489223,-0.0192647733752249,0.0035958767811981,0.0022532502554318,22.754172971295343,4.0,25.1152,1.10858386390545,0,22.569679560719635,25.1152,0.0981472816901052,0.1869268550820551,2.0831871383837983,0.04,500,1e-10,6.6000000000000005,-1.4406596515686882e-16,-2.338462043125986e-16,planck18,1,PIXEL,,1.5,1400.0,25.1152,1,0.04,3.0,21.9,0.04,1,0.04,,2,0.2203275630190628,0.3339483529454201,0.7351691707435919,2.6064159262332467,0.8990096778060054,-0.103585380092952,-0.3161023428131169,-1.8268208717602568,0.8881859843113915,,,,,,,,,"(999436701, 102)",deblcdouble2,1.101106058864047,0.0852755434480386,211.62551547790497,212.96799432589015,197.49087843812492,193.23657169673467,220.39619213777317,205.55172961597228,198.87140533479857,188.12935188198296,188.66637800185504,195.82210238676484,197.63073746037855,191.79971403461957,183.157404016839,175.34372436803343,-0.25236803468204383,,,10851.868096072747,-84.44626564104115,,
-0.0180626285230072,-0.019366571709982,0.0,0.1010798732745759,-0.0575098365091893,1.9048917450151857,-0.0005284216308332,0.0080476096036782,0.0,0.5157695123757448,0.926200625614969,0.4501031862508154,-0.0138076151768395,0.214386824458585,-0.2421972263524061,-0.3799644231958566,23.60298471873492,1.0,25.1152,3.624625350236995,0.6129231620561382,-0.0180626285230072,-0.019366571709982,0.0301825926246868,-0.0007066500415975,22.553540221075927,4.0,25.1152,0.926200625614969,0,22.41754179541931,25.1152,-0.0138076151768395,0.214386824458585,3.624625350236995,0.04,500,1e-10,6.6000000000000005,-1.4406596515686882e-16,-2.338462043125986e-16,planck18,1,PIXEL,,1.5,1400.0,25.1152,1,0.04,3.0,21.9,0.04,1,0.04,,2,0.2337921199675367,0.0609069356857953,0.769342963662632,3.346397700246763,1.240830671670084,0.0081017818537299,-0.284955906247609,-2.172038721004306,1.1622541277578695,,,,,,,,,"(999436701, 103)",deblcdouble3,0.975163480802728,-0.0246076918540147,150.0612613031001,150.67791828389986,144.81990010518058,139.37874411667207,153.26560766068934,147.9193596071178,146.47275064332723,144.8743721234762,139.24766408405327,136.68021430744702,138.51518620910943,142.8332550518128,146.34969033523245,146.77123901485564,-0.2509856031542129,,,5700.014535269409,-39.067412427857356,,
0.0030582497135988,0.0161466118739695,0.0,0.1137112397337916,0.184724957396869,2.047360511324697,0.0573630788122593,-0.0176963562991413,0.0,0.5100708976374574,2.003597212994552,0.3694245143585622,0.0499389825519848,0.1640412027028783,0.2165737807299224,-0.0716153428025748,25.221311148170965,1.0,25.1152,4.223430519991445,0.6880447486520602,0.0030582497135988,0.0161466118739695,0.04573544794605,0.1117666368932098,25.494504880028543,4.0,25.1152,2.003597212994552,0,22.11800206438667,25.1152,0.0499389825519848,0.1640412027028783,4.223430519991445,0.04,500,1e-10,6.6000000000000005,-1.4406596515686882e-16,-2.338462043125986e-16,planck18,1,PIXEL,,1.5,1400.0,25.1152,1,0.04,3.0,21.9,0.04,1,0.04,,2,0.1551470692856119,-0.0738688818128888,0.6419269593450609,3.93195804042232,1.1777699239989907,-0.1882092617306725,-0.2574638279812982,-0.8862641003875911,0.7455963685088789,,,,,,,,,"(999436701, 104)",deblcdouble302,0.9790881263031886,-0.0319450383157097,221.7959713877271,224.990135854273,202.06989948487112,183.51835902814952,237.46083448078676,214.12242678603633,202.78726279078373,199.0716617805718,189.9614849654332,181.7040482207792,178.46803042917355,179.80039202003277,183.41495800830216,186.04658736085673,-0.1594237219858819,,,17776.140607390826,-77.70064958370595,,
0.0428871077695192,-0.0132591041070905,0.0,0.089642819596343,-0.1324812962282269,2.081635710052568,-0.0248053950374451,0.0031035781771913,0.0,0.4843251179381126,1.552745652035032,0.7975509304596613,-0.0557610504791334,0.1598024603756377,0.409257923525631,0.070923831184399,24.068797459343443,1.0,25.1152,2.941835368199075,0.5952329737940206,0.0428871077695192,-0.0132591041070905,0.155430988610853,0.0729023458410928,24.34456871516724,4.0,25.1152,1.552745652035032,0,21.63212396231319,25.1152,-0.0557610504791334,0.1598024603756377,2.941835368199075,0.04,500,1e-10,6.6000000000000005,-1.4406596515686882e-16,-2.338462043125986e-16,planck18,1,PIXEL,,1.5,1400.0,25.1152,1,0.04,3.0,21.9,0.04,1,0.04,,2,0.1992028218350852,-0.1178540480813256,0.6441852777549393,3.251235501517188,1.190640106253264,0.2369216083299095,-0.2270368480173508,-0.7930627897412862,0.8582922065739813,,,,,,,,,"(999436701, 105)",deblcdouble212,1.0202309004502208,-0.0339482501998203,224.4424600957182,226.52329700558815,198.8547662233921,179.52967198319658,240.53184744420335,212.35478109979675,201.2148875588532,193.07200238289855,181.89593742416724,176.14314490705212,176.68124817063185,180.21599046638693,182.22562033776555,180.40715489370075,-0.1985523691218173,,,15273.3809947715,-86.64054524983524,,
-0.0317076261406875,0.0387159667477465,0.0,0.0982015006503547,-0.0429035896700683,1.8796111807163665,-0.0189476064274897,-0.0072514642722215,0.0,0.4548274262235658,0.6862703414377013,0.2177391914351055,0.0922299287125907,-0.0574544352721415,-0.0201888175088043,-0.0129552914818603,27.293389916707355,1.0,25.1152,2.092460476150773,0.4177676478834803,-0.0317076261406875,0.0387159667477465,0.1965510357963728,-0.1072389831688059,21.30454104400365,4.0,25.1152,0.6862703414377013,0,23.207901092297764,25.1152,0.0922299287125907,-0.0574544352721415,2.092460476150773,0.04,500,1e-10,6.6000000000000005,-1.4406596515686882e-16,-2.338462043125986e-16,planck18,1,PIXEL,,1.5,1400.0,25.1152,1,0.04,3.0,21.9,0.04,1,0.04,,2,0.1568734003190987,0.3322890139725232,-0.473062947071773,4.3869466982332685,1.0286655935171478,-0.2522070318750077,0.1592004320801499,-1.8891968149292764,1.292912486944957,,,,,,,,,"(999436701, 106)",deblcdouble240,1.101076271040205,0.1646744386254723,147.99498411840992,148.54509112227652,141.12494915919842,140.9731413514037,152.16123034798267,145.27448062464632,141.94285623113092,135.44773897296076,137.3617478883729,143.33187152238574,144.4865159973617,139.97402312948412,133.67650033752645,128.19249942841387,-0.14218769535053055,,,4602.633620198154,-20.178936266086808,,
-0.0099743026039033,-0.0213412854023599,0.0,0.1069709424838984,-0.0168967916200076,1.8843632292019767,-0.058160218936118,0.0153744532510409,0.0,1.0231786084655108,0.4578879156350889,0.1989006750387108,0.363953370311306,0.0559122364035711,-0.2163354149078444,-0.4983729614236983,25.62653598386739,1.0,25.1152,2.521175174289237,0.6807958687874256,-0.0099743026039033,-0.0213412854023599,0.0690792362841827,-0.0735896776261564,19.13306922795828,4.0,25.1152,0.4578879156350889,0,23.488986152653663,25.1152,0.363953370311306,0.0559122364035711,2.521175174289237,0.04,500,1e-10,6.6000000000000005,-1.4406596515686882e-16,-2.338462043125986e-16,planck18,1,PIXEL,,1.5,1400.0,25.1152,1,0.04,3.0,21.9,0.04,1,0.04,,2,0.381824581716792,1.1013181148169522,0.8229867193375507,2.542031212566388,0.5416975502459135,-0.5001285439094788,-0.0688785542541194,-1.2164919295596233,1.202348812866866,,,,,,,,,"(999436701, 107)",deblcdouble68,0.9971820642879152,-0.0762629086451635,180.0138696305026,180.54192096983596,176.6535270641739,170.549191854883,182.2321993634254,178.8578444914137,177.07638589134422,178.27064565357333,173.13570259167895,168.39333978046758,167.93679178975367,171.46340605015118,176.74708580996722,180.54732920007757,-0.7404344351438636,,,2494.701189105653,-51.581271737371374,,
0.005545340115587,-0.0421257007452069,0.0,-0.0901615120287222,0.1008444841479809,2.044052960605519,0.0095852523851752,-6.109854534662297e-05,0.0,1.1242495495027611,0.7916563082773936,0.5296706508657295,-0.3838141413819244,0.6330807095181366,-0.0585286447731433,0.0788246081024037,23.82935577277122,1.0,25.1152,4.751769703799726,0.7241862735529357,0.005545340115587,-0.0421257007452069,0.03566848596677,0.0602545076480867,20.929566225975613,4.0,25.1152,0.7916563082773936,0,21.116436211037403,25.1152,-0.3838141413819244,0.6330807095181366,4.751769703799726,0.04,500,1e-10,6.6000000000000005,-1.4406596515686882e-16,-2.338462043125986e-16,planck18,1,PIXEL,,1.5,1400.0,25.1152,1,0.04,3.0,21.9,0.04,1,0.04,,2,0.779425751622771,-1.129254821624572,1.466260757889626,1.7552353271250196,0.8335571116503051,0.1566602085479017,-0.4116271983462867,-0.4593574030360797,0.9830036440388028,,,,,,,,,"(999436701, 108)",deblcdouble120,0.8834114053118969,-0.0078213583183873,215.04006906611943,218.71810109675323,196.68021230946135,178.57063072786912,231.1005319184856,208.53648231845995,196.8500643514233,193.8359682033718,186.06286925878183,177.59332820325,173.25929820293587,173.28232306470565,176.19949099155758,179.34484580584632,-1.7815937766258472,,,4332.766993714846,-190.96310518834844,,
0.023443072096213,-0.021276308574735,0.0,0.1754880664480002,0.0458619524975547,2.275721535360139,-0.0,0.0,0.0,0.5669845872092376,1.6696755089626365,0.3701376361588933,0.0053679489737218,-0.1745973907289449,-0.2177251100780186,-0.1872412089466744,24.148280232762733,1.0,25.1152,2.238412393495876,0.9518488313942568,0.023443072096213,-0.021276308574735,0.1807443562084112,0.1251435791939729,23.436910532324987,4.0,25.1152,1.6696755089626365,0,23.862039005734385,25.1152,0.0053679489737218,-0.1745973907289449,2.238412393495876,0.04,500,1e-10,6.6000000000000005,-1.4406596515686882e-16,-2.338462043125986e-16,planck18,1,PIXEL,,1.5,1400.0,25.1152,1,0.04,3.0,21.9,0.04,1,0.04,,2,0.1543828497885409,0.0044471895147363,-0.7225413540657472,3.243697203589058,1.357485609590403,0.2208107253386287,0.3933025846029131,-4.850588541594261,1.3079139002707394,,,,,,,,,"(999436701, 109)",deblcdouble215,1.0287885535690535,0.0771539733005832,382.3736553032668,392.6204891403421,312.30882339458066,263.3165487063232,443.41949659459624,354.1142351950013,312.3877091364543,292.7489966367565,282.25658121265434,268.2946101432333,253.60241896874345,241.86679968989597,234.2377270571418,230.78097016670503,-0.18112274258086686,,,30477.623384804818,-159.03497765239698,,
0.0433634750602918,0.0279082436053179,0.0,-0.0832580255690873,0.16414094544506,2.188990468302148,-0.0175780816702038,-0.0219099517138872,0.0,0.4101275474890726,1.0756232991456989,0.4217743032215581,0.0337951827993902,0.457397351337994,-0.0226819750348421,0.0426982636475007,22.85852292689865,1.0,25.1152,1.71931455320074,0.3617505237768726,0.0433634750602918,0.0279082436053179,0.0146151032082548,0.0613074427410959,22.56617870917597,4.0,25.1152,1.0756232991456989,0,20.92274039235697,25.1152,0.0337951827993902,0.457397351337994,1.71931455320074,0.04,500,1e-10,6.6000000000000005,-1.4406596515686882e-16,-2.338462043125986e-16,planck18,1,PIXEL,,1.5,1400.0,25.1152,1,0.04,3.0,21.9,0.04,1,0.04,,2,0.4295956772103279,-0.0720873359174446,0.8202828394960762,1.7818475280315498,1.0839233683418346,0.0343266716683967,-0.06787581924974,-0.0794228509182485,0.8089417671599058,,,,,,,,,"(999436701, 110)",deblcdouble179,1.0776057902026908,-0.0734259148952638,232.64474718898632,233.4930454922284,193.1828380517653,169.67747263013123,251.99369245826256,209.13735883213403,187.80944633928897,174.14892298803977,174.70086143118678,174.86180846312223,167.4534046645419,157.35075234400392,148.17867615320665,141.26003138441607,-0.36338998328904476,,,13095.11069252901,-143.6000155291236,,
-0.0230364142481871,0.0100212008352363,0.0,-0.1477079400786846,-0.2370010016223136,2.0004576506266214,-0.0028043791270969,0.071330583148661,0.0,0.3623605618081836,1.7124789175289648,0.4918341669588353,0.0648334951017754,-0.0820601009931085,-0.0857992046133712,-0.5651220887538921,25.039021894105545,1.0,25.1152,4.295035068992733,0.2428030533157825,-0.0230364142481871,0.0100212008352363,-0.1250039265663912,-0.1404320579800023,26.19755617408148,4.0,25.1152,1.7124789175289648,0,23.94497709940762,25.1152,0.0648334951017754,-0.0820601009931085,4.295035068992733,0.04,500,1e-10,6.6000000000000005,-1.4406596515686882e-16,-2.338462043125986e-16,planck18,1,PIXEL,,1.5,1400.0,25.1152,1,0.04,3.0,21.9,0.04,1,0.04,,4,0.1272795628354111,0.4350299432011431,-0.0168875957923437,2.087225754873896,0.6818821817060646,-0.0559033479191607,-0.4242842180510398,4.606683436088808,0.6629153424532869,0.1054750235277019,-0.392889660220779,-4.019353405421175,0.581336927856204,-0.1304316712935551,0.156123684748298,-0.3579051809263207,0.6445140404580852,"(999436701, 111)",deblcquad420,1.0189780398099817,0.0458236119021147,162.40365758451256,162.2328735142465,147.72385134668548,130.0903758797395,167.68286474584158,151.5293156879597,141.98141584142576,146.73210022041656,140.62774817953283,129.8151358948279,122.26550285545254,118.81535327236554,119.38507369283012,123.19768541833368,-0.012886644097489686,-0.013546894293346129,-0.08895258376082277,13257.798721181805,-4.875156087054033,-5.124935838629169,-33.65171932273936
-0.0494361548557791,-0.0207968242104353,0.0,-0.0595765001558851,-0.0200141838313321,2.0189137767073566,-0.0433732144927661,-0.0202939121237934,0.0,0.6536592416589626,0.3598349847402809,0.280085670129359,0.1263385121283972,-0.209956340205858,0.011508503056024,-0.0088994544431728,24.263599620771146,1.0,25.1152,2.480116895745515,0.5935867998435287,-0.0494361548557791,-0.0207968242104353,-0.0558840220709658,-0.0499163130394915,19.37666163197792,4.0,25.1152,0.3598349847402809,0,23.82371615243754,25.1152,0.1263385121283972,-0.209956340205858,2.480116895745515,0.04,500,1e-10,6.6000000000000005,-1.4406596515686882e-16,-2.338462043125986e-16,planck18,1,PIXEL,,1.5,1400.0,25.1152,1,0.04,3.0,21.9,0.04,1,0.04,,2,0.2582209442415945,0.553350468628228,-0.7252011736689385,3.0317775818128765,0.9167255323445528,-0.3166390085610918,0.2819763359424655,-2.720718697515424,1.7748097999454149,,,,,,,,,"(999436701, 112)",deblcdouble286,1.1256453399826791,0.1576898996383476,166.12157198555002,168.3673746766022,149.80313419184486,137.1415281342495,177.71343090597975,158.90142074891975,151.87081453481483,145.922773427052,137.86050162361244,134.40074941043665,135.73310188238892,138.95742168036872,140.50824413193402,138.83184437875602,-0.34521970074939956,,,1863.3696367233865,-20.27722913446824,,
0.0265187306780845,0.0017938526111334,0.0,-0.0237607522417245,-0.0119863537028404,2.1303694775406554,0.0451869675477762,-0.0037880533476534,0.0,0.8846709107405534,0.7899885684520231,0.1377437270688662,-0.0120873407604906,-0.197955874431503,0.3642596004155959,0.6863442121260946,24.94925485850273,1.0,25.1152,1.682180784098404,0.9215179800665922,0.0265187306780845,0.0017938526111334,-0.0007509174206142,-0.0028700877387953,20.586444157370835,4.0,25.1152,0.7899885684520231,0,22.91505551294163,25.1152,-0.0120873407604906,-0.197955874431503,1.682180784098404,0.04,500,1e-10,6.6000000000000005,-1.4406596515686882e-16,-2.338462043125986e-16,planck18,1,PIXEL,,1.5,1400.0,25.1152,1,0.04,3.0,21.9,0.04,1,0.04,,2,0.2034462636804326,-0.3794778493968758,-0.9438728606965529,11.408794515476291,1.5261627799032609,0.1045715289317134,0.6748649879786617,-2.1136068950091627,1.0901275737917124,,,,,,,,,"(999436701, 113)",deblcdouble34,1.068189300844106,-0.0345190186482076,279.8996315507967,285.6526158176932,247.6027093837178,221.4893136996221,309.7605311974446,269.2911617579533,247.62586752152825,238.71023805209327,234.0378872037144,224.98498607025553,215.12978321353552,207.753501521731,203.78214542768356,203.12986940863135,-0.34864552866430915,,,6718.883387510628,-70.07157380415515,,
0.0258268515096651,0.0423435861279115,0.0,0.0660203257130291,0.1170420588900515,1.9193731660074995,0.002624762723676,0.0147574738356126,0.0,1.9797858500853456,1.5170808463330456,0.2880517591665741,0.9207765902564632,-0.6286371363466251,-0.2251630769896684,0.2938837021350395,24.61069176101668,1.0,25.1152,3.663240625467497,1.476923082808092,0.0258268515096651,0.0423435861279115,0.0460031375048539,0.0376322690737574,22.944062451343,4.0,25.1152,1.5170808463330456,0,22.785766835106863,25.1152,0.9207765902564632,-0.6286371363466251,3.663240625467497,0.04,500,1e-10,6.6000000000000005,-1.4406596515686882e-16,-2.338462043125986e-16,planck18,1,PIXEL,,1.5,1400.0,25.1152,1,0.04,3.0,21.9,0.04,1,0.04,,2,1.118548239824914,2.4185132749416365,-2.084946133916656,1.424526319407631,0.5668547382652211,-0.6256500234400441,0.4162785979345177,-0.9525218246850752,0.9704079354934634,,,,,,,,,"(999436701, 114)",deblcdouble493,1.0072938898101982,0.0144561764609249,370.2696522869065,373.2261103396647,358.0151931048518,350.5866151756332,383.2747024043616,368.3847429705832,363.1905043853683,354.2775848741617,349.00478064386635,350.08486446801794,352.1201163299833,350.6462954660961,345.33737863918986,338.64166263549725,-4.508761042945495,,,12032.203394840455,-1530.2804431713641,,
-0.0465834436106762,-0.015710282791953,0.0,0.0766863407545004,-0.0199945316469327,1.8253849745723376,-0.0027961916170658,-0.0159634374844316,0.0,0.6445170908029523,0.8243834943318838,0.3087598061213353,0.0458137192397917,0.1632442316074295,-0.049829437605297,-0.0555298798159055,24.35937682514261,1.0,25.1152,2.825873432534196,0.5982139156284528,-0.0465834436106762,-0.015710282791953,-0.0045166750966208,-0.0456857410740201,21.76141466348416,4.0,25.1152,0.8243834943318838,0,24.670869044593115,25.1152,0.0458137192397917,0.1632442316074295,2.825873432534196,0.04,500,1e-10,6.6000000000000005,-1.4406596515686882e-16,-2.338462043125986e-16,planck18,1,PIXEL,,1.5,1400.0,25.1152,1,0.04,3.0,21.9,0.04,1,0.04,,2,0.2013999849223794,0.248800245173799,0.8304689440463638,3.863155039310601,0.9648937924209664,-0.2817442484266412,-0.3351927848402004,-3.060708960723701,1.0036491939911487,,,,,,,,,"(999436701, 115)",deblcdouble57,1.095766780499953,-0.1434923253168132,166.52203947430772,166.1717693687948,167.70126191621554,167.3576194860539,164.55365861867355,166.76655290583767,169.53573371430835,169.7642951659597,164.99597479247117,163.88766112432825,167.81254902005998,174.23591090103702,179.01375913875071,179.68108879305098,-0.26677046051541087,,,5300.4212354755855,-43.388905861054084,,
-0.0144203493418543,-0.0334670234795343,0.0,0.1108110913614175,0.1582344928596175,1.721284984612608,0.0463100156014961,0.0083019441052822,0.0,0.4332066682513499,0.9177934808823266,0.6283500690685855,0.0866621713656976,0.0004813808165919,0.1402158624873686,-0.3785723439676504,24.05885647864696,1.0,25.1152,2.7425152526001413,0.1721304838632185,-0.0144203493418543,-0.0334670234795343,0.085827820976233,0.1159496817543631,22.93077065394293,4.0,25.1152,0.9177934808823266,0,20.498177231805013,25.1152,0.0866621713656976,0.0004813808165919,2.7425152526001413,0.04,500,1e-10,6.6000000000000005,-1.4406596515686882e-16,-2.338462043125986e-16,planck18,1,PIXEL,,1.5,1400.0,25.1152,1,0.04,3.0,21.9,0.04,1,0.04,,3,0.1066309999336304,0.5421062648289621,-0.1480694711694869,10.123713067764706,1.5628976205253708,-0.2172743844791251,-0.1300899465835675,-1.330882273760822,0.6987042234565347,-0.0189073703771032,-0.0352551244544945,0.004602128043181,0.7525418936978038,,,,,"(999436701, 116)",deblcdouble26,0.9088696898354128,-0.0613254931046918,112.73762822512438,112.34804179264232,118.3680889008042,118.12997038418705,110.32175825325024,115.32147883946416,125.09074628060658,122.29698729256644,114.99496984861707,113.83268713198652,119.55164137502732,129.65086504867182,139.8664445690415,147.30434592791093,,,,6303.069123658632,,,
0.0264452487606152,0.0002058063721379,0.0,-0.1580259135935161,-0.0009942269480225,2.050002751818602,-0.0149225528557518,-0.0095279880879587,0.0,0.4848092319309999,0.953908870976946,0.4258919192604543,-0.2221949052055821,0.1297084931406444,0.2477691315757631,-0.3017394015490356,26.134242087524022,1.0,25.1152,4.710394494082671,0.3950209687412964,0.0264452487606152,0.0002058063721379,-0.0841854770324314,0.0040619340168562,23.115872689180936,4.0,25.1152,0.953908870976946,0,22.626339490028617,25.1152,-0.2221949052055821,0.1297084931406444,4.710394494082671,0.04,500,1e-10,6.6000000000000005,-1.4406596515686882e-16,-2.338462043125986e-16,planck18,1,PIXEL,,1.5,1400.0,25.1152,1,0.04,3.0,21.9,0.04,1,0.04,,2,0.2803442028018347,-0.6745994485017248,0.3035692118548387,2.03683647492065,0.938186538249596,0.2128532974379227,-0.1367891704422175,-1.0648222012672115,1.210774950188148,,,,,,,,,"(999436701, 117)",deblcdouble427,0.8280244820773741,-0.097594117260037,138.15415226556811,139.3082238163063,124.29976507271796,117.42324193616922,146.44500651603187,131.4457356893801,123.94269867378895,116.30153396097316,116.73773476777082,119.91767749947851,118.64072866112976,113.63480015703892,107.98206534140728,103.27962958829146,-0.27944686282533326,,,5489.539567531022,-35.57056640006271,,
0.0105798703522391,0.0520834402382383,0.0,0.065858984172532,0.1571224854519225,2.044597317447905,-0.0,0.0,0.0,0.5425961396227432,1.3820247416970697,0.5665519133503183,-0.0936847982563938,-0.1632313732442533,-0.0410875843173003,0.0112355161100525,24.11221935822699,1.0,25.1152,2.452367408049795,0.5568270310697455,0.0105798703522391,0.0520834402382383,0.0175063004138106,0.0633259036961049,23.67234172267805,4.0,25.1152,1.3820247416970697,0,23.47911982971795,25.1152,-0.0936847982563938,-0.1632313732442533,2.452367408049795,0.04,500,1e-10,6.6000000000000005,-1.4406596515686882e-16,-2.338462043125986e-16,planck18,1,PIXEL,,1.5,1400.0,25.1152,1,0.04,3.0,21.9,0.04,1,0.04,,2,0.2392312480113502,-0.1441395783086051,-0.6949600467102942,2.53171342536664,0.8310712770927831,0.1852547551466134,0.2906703482486759,-0.6799897544666887,0.8184516288093822,,,,,,,,,"(999436701, 118)",deblcdouble416,1.1577766427058565,0.1987716085203897,254.50575440417435,257.96745565034877,225.00897377307035,204.7483446587096,274.31860078050096,240.60069287948517,228.52538591922237,216.15490142821065,203.99605932236025,200.7273983674011,204.20349174713795,208.15372169407337,207.4406891480803,201.9921556694723,-0.25886549900713673,,,14635.540786079895,-122.8344471128918,,
-0.0153498301140915,-0.0315391583450143,0.0,-0.0070547105780309,0.0087209379546566,2.1801697431312137,0.0,-0.0,0.0,0.745591876647551,1.300987058611332,0.4062084573684358,0.3658631012116811,0.2220366850798863,0.0658065570510446,-0.4711210693846779,24.52365458827361,1.0,25.1152,1.9313818033167205,1.1329881132707855,-0.0153498301140915,-0.0315391583450143,0.003741561498553,0.0056556206892434,22.4904439538988,4.0,25.1152,1.300987058611332,0,21.303780079093208,25.1152,0.3658631012116811,0.2220366850798863,1.9313818033167205,0.04,500,1e-10,6.6000000000000005,-1.4406596515686882e-16,-2.338462043125986e-16,planck18,1,PIXEL,,1.5,1400.0,25.1152,1,0.04,3.0,21.9,0.04,1,0.04,,2,0.4578471441197792,0.9451102706833518,0.5952667351665729,1.1194170230121498,0.4908129261319927,-0.3312449910487299,-0.2464707050709255,-0.8674335328139856,1.4680264784072556,,,,,,,,,"(999436701, 119)",deblcdouble101,0.9479527425164586,-0.0895102162046067,339.6767641495858,348.2017393778352,296.0067885653231,265.63001661107916,382.9449160169464,326.65489986544884,299.9864287433185,282.4337637028021,275.6267593489989,270.25478290061284,261.59095233891645,251.3417379755672,242.2532124270955,235.88376907140488,-0.6878443366962004,,,18317.600632129477,-334.4705498690307,,
0.0375925187580913,0.0187012631802415,0.0,-0.1686864086239002,-0.1711753592473165,2.065927421681586,0.0047645567070269,0.0168445452291435,0.0,0.6957690215939157,1.0577768384658324,0.6169854801525271,0.4747679789420281,0.2947004043032928,0.1300368731079046,-0.3969677173293302,23.36166136693284,1.0,25.1152,3.0523194000199947,0.7780768502237689,0.0375925187580913,0.0187012631802415,-0.0741785102663983,-0.1125843535443855,22.81773724736201,4.0,25.1152,1.0577768384658324,0,20.09114814468171,25.1152,0.4747679789420281,0.2947004043032928,3.0523194000199947,0.04,500,1e-10,6.6000000000000005,-1.4406596515686882e-16,-2.338462043125986e-16,planck18,1,PIXEL,,1.5,1400.0,25.1152,1,0.04,3.0,21.9,0.04,1,0.04,,2,0.5170086158737578,1.1107592768660064,0.645318365907821,2.71188921469386,1.6318937162385625,-0.1711062606831072,-0.1437035994464779,-0.6129613403238396,0.8940934261056588,,,,,,,,,"(999436701, 120)",deblcdouble320,0.973930942321883,-0.0090690659567931,210.80927666183325,213.8313795098921,190.5530211179715,172.00306686066625,227.50755362336196,203.36623769355117,190.21780888089447,186.909214037158,180.81097644325152,172.28198797656887,166.49158368952425,164.4823723969616,165.6755873455545,168.41590388054752,-0.7719768123656648,,,7440.038957013797,-156.6462757145237,,
0.0175008055696245,-0.0041061778425942,0.0,0.0758499959065163,0.1154890236655932,2.035659521673862,-0.0196643136298981,-0.0088215817340508,0.0,0.8734292994567219,1.0142217821013375,0.1863465778610935,-0.0345813939904659,-0.0991082092987181,-0.1732068846475317,-0.1109602185935286,26.263128613079544,1.0,25.1152,3.577750176117049,0.5737877306808539,0.0175008055696245,-0.0041061778425942,0.0768609481147586,0.0802008358427596,22.182492413993096,4.0,25.1152,1.0142217821013375,0,24.34218634741116,25.1152,-0.0345813939904659,-0.0991082092987181,3.577750176117049,0.04,500,1e-10,6.6000000000000005,-1.4406596515686882e-16,-2.338462043125986e-16,planck18,1,PIXEL,,1.5,1400.0,25.1152,1,0.04,3.0,21.9,0.04,1,0.04,,2,0.108341780914878,0.0979533036963381,-1.0028781254155577,3.4484765810890172,0.8276794725688569,0.588471946294344,0.4487865172062978,-2.6678760592379063,1.074808018737366,,,,,,,,,"(999436701, 121)",deblcdouble258,0.7748150132445615,0.0382443370174037,195.47419648416917,197.35898895307392,176.08397918487515,161.83013090832702,207.88762977810043,186.51902952576208,178.71845583760026,171.22316155186851,161.99565668083977,158.59367083298534,160.72195009005307,164.44441212632108,165.50848585688462,162.7652131394503,-0.23292062815419223,,,6504.246692683273,-32.87119021459568,,
0.0356860900673139,-0.0085753458546224,0.0,-0.023356412383995,0.0255025008581075,2.10062004464209,0.0009499790055489,-0.0118412325277893,0.0,0.928837369755896,0.3656321538320016,0.3607623787257701,-0.1300014634372523,-0.0566227000740365,-0.0661189708060046,-0.0248840781530851,26.779154004316144,1.0,25.1152,4.175333111783269,0.6162011109391422,0.0356860900673139,-0.0085753458546224,0.0133696049200694,0.0405863276156314,18.90221723255928,4.0,25.1152,0.3656321538320016,0,22.920068447354595,25.1152,-0.1300014634372523,-0.0566227000740365,4.175333111783269,0.04,500,1e-10,6.6000000000000005,-1.4406596515686882e-16,-2.338462043125986e-16,planck18,1,PIXEL,,1.5,1400.0,25.1152,1,0.04,3.0,21.9,0.04,1,0.04,,2,0.1725135172495603,-1.0439840955494517,-0.1301653833729255,4.310198552879776,0.8016495199179318,0.7310309802157735,0.3181590125240218,-4.141966350041772,1.1488616860843373,,,,,,,,,"(999436701, 122)",deblcdouble210,1.1704431836066065,0.0935010986022669,210.0878783216183,213.5650867873047,183.64346820385572,162.96117155569257,229.0534470389123,198.02121861749552,185.41214235037657,177.48185346033344,166.46101967808278,160.03171474518146,159.43285134634095,162.0996743968866,164.17520709953578,163.09168805237576,-0.3239906877621608,,,1780.7250518790204,-18.910028258293003,,
0.0322473322215572,0.0246614782252652,0.0,-0.0214140077920142,0.1861218609079181,2.337276258688266,0.008848977779569,0.0113459356619765,0.0,0.3251868562737552,0.4703216330427418,0.4405387130824647,0.2477944447128554,-0.1601937479787465,-0.1423034382845116,0.0531406476953285,24.443105218944687,1.0,25.1152,1.9002981721862195,0.1497892249926013,0.0322473322215572,0.0246614782252652,0.024285230823355,0.1239738098108,21.54198851281253,4.0,25.1152,0.4703216330427418,0,21.47260873373716,25.1152,0.2477944447128554,-0.1601937479787465,1.9002981721862195,0.04,500,1e-10,6.6000000000000005,-1.4406596515686882e-16,-2.338462043125986e-16,planck18,1,PIXEL,,1.5,1400.0,25.1152,1,0.04,3.0,21.9,0.04,1,0.04,,2,0.2839577650959253,0.4606208224647091,-0.330129497812045,1.6250501581890393,1.0932054768239658,-0.0800518624270216,0.1207377256037651,-0.4855894923883188,1.432923184057038,,,,,,,,,"(999436701, 123)",deblcdouble239,1.0857318751340634,0.1022865180813684,157.42796459814664,143.8037493564709,108.54684393747024,76.93421675331236,153.0460748294394,110.9592639622006,99.80207092962776,85.1682932028457,75.64220706599825,73.13412098682922,75.29544251529701,78.13054548023061,79.65073984369677,79.67635065962006,-0.191004777805077,,,2779.689724111098,-16.142678052351844,,
0.0452432221852322,0.0222190045045712,0.0,0.0094355868698615,0.0835021950860128,2.163456027331242,-0.0349707496774035,-0.0039955438283633,0.0,0.5569864998493382,0.9084486628252558,0.5265295818982975,0.3686704913544155,0.0376716511816223,-0.0119881559247444,-0.1229723531395345,23.44918140314484,1.0,25.1152,1.881859135587508,0.4605365639040409,0.0452432221852322,0.0222190045045712,0.0170609193962546,-0.0548357552041848,21.932834421460743,4.0,25.1152,0.9084486628252558,0,21.675724458438985,25.1152,0.3686704913544155,0.0376716511816223,1.881859135587508,0.04,500,1e-10,6.6000000000000005,-1.4406596515686882e-16,-2.338462043125986e-16,planck18,1,PIXEL,,1.5,1400.0,25.1152,1,0.04,3.0,21.9,0.04,1,0.04,,2,0.3237962055546067,0.8592631362451377,-0.0181396286754935,1.197530826076315,0.4465011920341861,-0.2370180255583242,-0.0162654979536678,-0.3910224307681348,0.6880998108243583,,,,,,,,,"(999436701, 124)",deblcdouble233,1.0487119104077227,-0.0542366880845735,223.45047115964277,226.0969151324044,189.1479907487359,168.94514610278443,243.7295315941814,205.2876385719861,190.39802466048465,174.842585183598,167.21186588432107,168.33686352949027,170.4092485375849,167.4268736188751,160.48812147635465,152.9083625981188,-0.35050125920778363,,,7976.030057687738,-82.10035020881699,,
0.0274232855384906,0.0058850572705386,0.0,0.061151665887258,0.0235209763909168,1.9000062351987503,-0.0,-0.0,0.0,0.486552913727847,1.1118099565469075,0.178450669167215,0.1543456514545289,-0.0780733988164136,-0.2260937488790481,0.0659039070701245,25.92534042344821,1.0,25.1152,2.307907928385157,0.8405802496582154,0.0274232855384906,0.0058850572705386,0.0846357582372192,0.056080761769578,23.23263688896437,4.0,25.1152,1.1118099565469075,0,22.10220656332168,25.1152,0.1543456514545289,-0.0780733988164136,2.307907928385157,0.04,500,1e-10,6.6000000000000005,-1.4406596515686882e-16,-2.338462043125986e-16,planck18,1,PIXEL,,1.5,1400.0,25.1152,1,0.04,3.0,21.9,0.04,1,0.04,,2,0.1521785442111646,0.5145673736675304,-0.4313514240955563,5.194974607755176,1.200313128675819,-0.2524425539224669,0.1401251961095231,-2.3545680846536654,1.0501590124087146,,,,,,,,,"(999436701, 125)",deblcdouble173,1.029106594339718,-0.1102545115036664,186.43170371758663,187.14494910145217,183.0154294453348,176.80598923042425,189.72875016568668,185.91624360490863,181.7059935688765,183.19777182507096,182.8295455632989,177.90531785223476,173.4218692571737,171.65964892941105,172.91169396314874,176.37608276336695,-0.14908824542478666,,,9842.3545608816,-42.28781205065203,,
-0.0272156864152575,-0.0227563547616722,0.0,-0.0901615120287222,0.1008444841479809,2.044052960605519,-0.0017421989410638,-0.0099439661694096,0.0,0.9546978208327614,0.7916563082773936,0.2852924083465345,-0.3995863740581123,0.2055867700706145,0.0544715422896335,-0.0891531999759249,25.37036777347737,1.0,25.1152,2.6850758092242395,0.7241862735529357,-0.0272156864152575,-0.0227563547616722,0.03566848596677,0.0602545076480867,20.929566225975613,4.0,25.1152,0.7916563082773936,0,20.715766074841355,25.1152,-0.3995863740581123,0.2055867700706145,2.6850758092242395,0.04,500,1e-10,6.6000000000000005,-1.4406596515686882e-16,-2.338462043125986e-16,planck18,1,PIXEL,,1.5,1400.0,25.1152,1,0.04,3.0,21.9,0.04,1,0.04,,2,0.4368071790547698,-1.2495749520734896,0.6980929212868272,1.7011299772765849,0.7441016544499521,0.4458460040673461,-0.3547103634266603,-1.7790287394573774,0.9122118421621486,,,,,,,,,"(999436701, 126)",deblcdouble336,1.1571479499283308,0.0491135485211523,247.65690653690177,250.55483819721275,224.11838756433897,202.7566259408428,265.41696078784787,238.21833127048083,224.3576696792005,220.5718957027397,211.35971057156877,201.55937350837985,196.6335221915777,196.71802127255896,200.05027841501095,203.54968608963853,-0.8701064731311734,,,5102.254592490204,-143.85861005486012,,
0.0116775855408484,0.0545020949255781,0.0,0.2579477909096633,-0.053731841834502,2.237816830904792,-0.0019482528090947,-0.0042162853274377,0.0,0.4234757090601486,0.5094662017724296,0.7278685160944743,0.0763489285637885,0.0397851015394196,0.0828787011675729,-0.0113335370278269,23.00628339937269,1.0,25.1152,1.836818541222383,0.3096644452226838,0.0116775855408484,0.0545020949255781,0.243349592018201,-0.0437671415354503,20.880526399296244,4.0,25.1152,0.5094662017724296,0,19.27905782701349,25.1152,0.0763489285637885,0.0397851015394196,1.836818541222383,0.04,500,1e-10,6.6000000000000005,-1.4406596515686882e-16,-2.338462043125986e-16,planck18,1,PIXEL,,1.5,1400.0,25.1152,1,0.04,3.0,21.9,0.04,1,0.04,,4,0.0663247503027264,0.2254303975619835,-0.3553486261075136,5.087925987756137,1.3971415348259193,0.3248937871886865,0.3765504174290913,5.375890474231012,1.0968204874512486,0.461805385074968,0.0621614638078425,-5.67210237248815,1.21078083068187,-0.3306614509834551,0.0996408938888364,-0.3514892009084988,0.2947840606371179,"(999436701, 127)",deblcquad296,1.111458945703917,0.0359140411121616,167.1339273167971,164.8865533768705,132.09051694743266,109.2513662380026,178.83623065277718,142.75369445529637,123.95572947811728,118.01098746537107,118.35843023012296,112.49808980836724,104.0982633392812,96.87902527919442,91.572647559016,88.4494579006092,-0.006797282544571376,-0.010631444821194047,-0.06255425325240888,3141.3688643867713,-0.6645996804043618,-1.0394822907641421,-6.116199591068493
0.0045980866107184,-0.0097492096350291,0.0,-0.0257323851221183,0.0785181563564784,2.010392511588853,0.0390140974839059,-0.0227213968270695,0.0,0.7738643106536937,0.6588104053546142,0.2498954439824304,0.0332516073865632,-0.0179143086083178,-0.1818738972362966,0.1428106145294444,24.92692154036243,1.0,25.1152,2.7714545282464647,0.7006601925078747,0.0045980866107184,-0.0097492096350291,-0.1087253911295379,0.0555492840193572,20.65745934133043,4.0,25.1152,0.6588104053546142,0,23.86479614833388,25.1152,0.0332516073865632,-0.0179143086083178,2.7714545282464647,0.04,500,1e-10,6.6000000000000005,-1.4406596515686882e-16,-2.338462043125986e-16,planck18,1,PIXEL,,1.5,1400.0,25.1152,1,0.04,3.0,21.9,0.04,1,0.04,,4,0.0297941788625793,0.7879250802363817,-0.3580624985791351,5.463388682231133,1.095330730718333,-0.6902367404155473,0.376365240554908,3.4247339778946926,0.4700734247527384,0.1885999392020498,0.6911275330836308,-7.921591770929987,1.4815801112703144,-0.442427031148267,-0.5715051449395757,-4.656264112986954,0.9851792009994458,"(999436701, 128)",deblcquad612,1.1807754239877004,0.0248761115212853,205.21183013354835,207.43857812721217,189.00438943068352,173.38024855788427,217.5274836858032,198.88422380467424,189.52814916746067,187.0569859492164,179.27914148879648,171.7908584396819,168.82539682075736,170.146569886245,173.80401516883504,176.8025418840086,-0.04882813783551265,-0.07861777254044666,-0.08744375739613708,3904.059037226629,-6.303275486208375,-10.148850650497074,-11.288206285355184
-0.0336441616849106,-0.0002475181636795,0.0,-0.128101924819866,0.1008272080606512,1.998979631670779,0.0446753063801553,-0.0116401087682718,0.0,0.5555550087728252,0.4546841318342703,0.1610968367142533,0.0683339367460051,-0.0663754499314402,0.0397834568467849,-0.2962860088941101,27.402503801078733,1.0,25.1152,4.260533334542764,0.3455892999878094,-0.0336441616849106,-0.0002475181636795,-0.140116859893751,0.1093356324865635,20.469690406205704,4.0,25.1152,0.4546841318342703,0,24.68868050393771,25.1152,0.0683339367460051,-0.0663754499314402,4.260533334542764,0.04,500,1e-10,6.6000000000000005,-1.4406596515686882e-16,-2.338462043125986e-16,planck18,1,PIXEL,,1.5,1400.0,25.1152,1,0.04,3.0,21.9,0.04,1,0.04,,2,0.121541910135834,0.6404232523301179,-0.2759948760884315,3.729815751270951,1.401465739253927,-0.1699893811197634,0.415775937447584,-3.196188268735482,1.057263201175736,,,,,,,,,"(999436701, 129)",deblcdouble549,0.9157074628596038,0.0777493129197237,131.99095712002054,132.49772773040152,119.93077997858836,113.11199561690754,138.5008984751966,125.72217418298446,117.05903511451974,113.08508159914822,116.90251956702215,117.059072533386,111.68184211845978,105.33627091837418,100.12022982344033,96.6863360662231,-0.15577519810747648,,,2277.3486668047976,-9.096975765255438,,
0.0538536164280344,0.0046670475914149,0.0,0.0848655398984464,-0.1014511821742294,1.6542857255816812,-0.0243510467785406,0.0214009660161481,0.0,0.613220047919988,0.4671334954095734,0.2311533748893122,0.0365006767678506,-0.081301587641,-0.1462276403809398,-0.0244186462908542,26.61768339119932,1.0,25.1152,3.679598720143066,0.4246078535203794,0.0538536164280344,0.0046670475914149,0.051931535458256,-0.1122494989115528,20.280293987991296,4.0,25.1152,0.4671334954095734,0,23.690978532594443,25.1152,0.0365006767678506,-0.081301587641,3.679598720143066,0.04,500,1e-10,6.6000000000000005,-1.4406596515686882e-16,-2.338462043125986e-16,planck18,1,PIXEL,,1.5,1400.0,25.1152,1,0.04,3.0,21.9,0.04,1,0.04,,5,0.0877025128407047,-0.2377796635616489,-0.7858464807639524,3.1438595491900214,0.6906811369513775,0.4087870643598873,0.451848008521989,19.54189704965848,1.2209189752990808,0.5646417308084889,0.1369236767796254,-15.1346465874358,1.307069752474694,-0.2280942755035572,0.3852529615211831,-8.64367190723255,1.5309454766948547,"(999436701, 130)",deblcquad601,0.9476087751847352,0.1088785459806991,112.86854102932884,111.84779212236282,119.2601483583494,130.0396922788392,108.10779234194824,115.76437034419048,120.1686033322094,118.79514495821564,123.4609284207344,131.65945651801073,135.45770541777028,133.48046485395,129.2154577438304,125.2771094526865,,,,2394.375272516027,,,
-0.0224738207021697,0.039330731291462,0.0,-0.136735542265478,0.1757835819961433,1.7217310624481916,-0.0266899425949136,0.0096865825977092,0.0,0.6994391200148468,0.5072290772542586,0.1614774420187617,-0.0475418315859854,0.0057832389911375,-0.2005461093722962,0.3496497662874994,26.17271092837547,1.0,25.1152,1.9897627233837047,0.4036643502057704,-0.0224738207021697,0.039330731291462,-0.1625370806784859,0.1982970121335149,20.029009433034005,4.0,25.1152,0.5072290772542586,0,23.61917572514392,25.1152,-0.0475418315859854,0.0057832389911375,1.9897627233837047,0.04,500,1e-10,6.6000000000000005,-1.4406596515686882e-16,-2.338462043125986e-16,planck18,1,PIXEL,,1.5,1400.0,25.1152,1,0.04,3.0,21.9,0.04,1,0.04,,4,0.0418788659028803,-0.763798988394304,0.2768482636882824,3.937362572447951,0.7169590354302513,0.5518753192032242,-0.475257969350825,4.930841300777785,0.8647004712693704,-0.3192021860437008,-0.5468944463439744,-4.221500803992662,0.903427507341804,0.2436901006964185,0.5119304550526237,-2.7983428874481295,0.9403476622678612,"(999436701, 131)",deblcquad27,0.9143694358556268,0.1474048521344357,132.20928848767906,131.8033741378742,135.68058442570384,144.1034938361433,130.0187175464725,134.3743705539549,136.04398890101513,133.59041978856075,139.30872287496865,147.24762414996593,148.54508092932795,144.2048177474974,138.61046124249978,134.10129132622114,-0.007304271329097389,-0.05321858147698069,-0.10149200886023904,3036.3793767632587,-0.56789373279257,-4.137647347312162,-7.890818010915822
-0.0196833115617476,0.0278190928921769,0.0,0.1817003405523679,-0.1820052684148287,1.7454656549180372,0.0208967660171662,0.0283735602894135,0.0,0.4026585078161694,0.5328199240244466,0.19355847402296,-0.0421875850999566,0.0819264777712144,0.6809274631878565,-0.4473962487800879,25.35711360703533,1.0,25.1152,3.1477936286826,0.1560587779375789,-0.0196833115617476,0.0278190928921769,0.1898386288761566,-0.1807469946412556,21.479817382566424,4.0,25.1152,0.5328199240244466,0,23.57602140440792,25.1152,-0.0421875850999566,0.0819264777712144,3.1477936286826,0.04,500,1e-10,6.6000000000000005,-1.4406596515686882e-16,-2.338462043125986e-16,planck18,1,PIXEL,,1.5,1400.0,25.1152,1,0.04,3.0,21.9,0.04,1,0.04,,4,0.0586007800795418,0.1209000602988282,0.5238286995339037,3.5724804853600047,1.0099140410881493,-0.3476470594438994,-0.2476997913067411,9.003497487147014,1.5815537053062516,-0.3922840812766282,0.099368191346293,-3.841015606231783,0.9255207599095322,0.1894488000914038,-0.126010472043612,-1.3689573648520856,0.7335487251400425,"(999436701, 132)",deblcquad673,1.0662244682269344,-0.0406342811876362,100.99191224655569,100.78636835599356,104.10499087834992,104.78078675269148,99.80683603334438,102.78093603100604,110.68603230446745,104.3907536402069,99.14257751312878,101.22982442411482,109.44840740578272,119.18700387401236,126.8597792942192,131.48246108490756,-0.03259450932936639,-0.039066818359820954,-0.06604585947022139,2879.66534115907,-2.8025124880911325,-3.3590088814358743,-5.678697110658591
-0.0318132858143712,-0.0070719093586404,0.0,0.2078800132160113,-0.0863243299044802,1.764743521796273,-0.0793190829888198,-0.0438497268388805,0.0,0.2979417447005481,0.6072059389207292,0.6462963219660485,-0.07000755948706,0.0129158218606034,0.1505944452418812,0.2843049712440173,23.494765941015743,1.0,25.1152,2.5179820794111194,0.0898070908201801,-0.0318132858143712,-0.0070719093586404,0.05083785202025,-0.0344826303204066,22.369673523329155,4.0,25.1152,0.6072059389207292,0,20.38677396194558,25.1152,-0.07000755948706,0.0129158218606034,2.5179820794111194,0.04,500,1e-10,6.6000000000000005,-1.4406596515686882e-16,-2.338462043125986e-16,planck18,1,PIXEL,,1.5,1400.0,25.1152,1,0.04,3.0,21.9,0.04,1,0.04,,4,0.0431081423941809,-0.1076718140347947,0.3893238545651342,2.4843673915799376,0.7739172777973576,-0.1397828860991363,-0.3269132328377456,4.357681979288805,0.9927109374146916,-0.3019918200363892,-0.0369412789649195,-3.4202265957314824,1.066779612940619,0.1495443480170485,-0.0436781974860242,-2.199868171783164,1.474263033084107,"(999436701, 133)",deblcquad508,1.037345647399119,0.1295916264129579,90.34967822171406,90.50889216767816,90.59746838461012,106.12338627240752,89.66501807235994,92.86126823934266,85.4608821819318,89.1275316335576,103.10231874042428,111.44943268278408,112.34124901426968,108.44514194818142,102.90100158911396,97.66182175089772,-0.014524664191039455,-0.02140763497040653,-0.038146327143775714,3600.5434172686373,-1.5191829806449921,-2.2390958080095014,-3.989851345870798
-0.0264804511946031,0.008621592803184,0.0,0.2975740444319856,-0.0548104760217187,1.5720674662503975,0.0135843481633732,-0.021227563212569,0.0,1.362630136299663,0.307835719992814,0.23992258628921,0.7203383574407266,-0.0326885988614501,-0.0516184979295979,-0.2315086816978249,26.19346380238828,1.0,25.1152,2.414301455677523,1.7695416262358747,-0.0264804511946031,0.008621592803184,0.2024748538103596,-0.0119868318514197,17.76718036541892,4.0,25.1152,0.307835719992814,0,25.317185484418,25.1152,0.7203383574407266,-0.0326885988614501,2.414301455677523,0.04,500,1e-10,6.6000000000000005,-1.4406596515686882e-16,-2.338462043125986e-16,planck18,1,PIXEL,,1.5,1400.0,25.1152,1,0.04,3.0,21.9,0.04,1,0.04,,3,0.7479604701231624,1.8469294017540228,-1.0601276812280855,13.527256705757791,1.098494043742501,1.9778131531964127,0.6382580933660951,19.243351288854313,0.8879425932679202,2.055101987357999,0.0305424067555995,-15.753475037324955,0.5426830373459601,,,,,"(999436701, 134)",deblctriple378,1.0634332635615962,0.0603679822714411,166.90947997272394,162.80768537535147,179.8814656564279,192.3514425077997,150.2371131408325,166.5167585539717,177.00846411897476,183.0172418818482,185.5512678885794,189.58334856347605,194.98373934762793,200.19660157100333,203.67057275485652,204.88912597306927,,,,1555.3476171519321,,,
-0.0120246187115844,0.0476312117276285,0.0,-0.0696932362917617,0.0110074961653076,2.0879039591057342,-0.0017565558602911,0.0190075936369682,0.0,0.3309162994242084,0.1273917851566095,0.9666915483259608,-0.0430040436377728,0.0759154241201248,-0.4663386139749397,-0.2943019695082417,23.00251086183105,1.0,25.1152,1.48822962293269,0.4207511564048827,-0.0120246187115844,0.0476312117276285,-0.0903121297311137,0.0126885480733561,19.28799110845158,4.0,25.1152,0.1273917851566095,0,19.773966563700817,25.1152,-0.0430040436377728,0.0759154241201248,1.48822962293269,0.04,500,1e-10,6.6000000000000005,-1.4406596515686882e-16,-2.338462043125986e-16,planck18,1,PIXEL,,1.5,1400.0,25.1152,1,0.04,3.0,21.9,0.04,1,0.04,,2,0.0419490338317962,-0.3448659968618462,0.1998081505004582,7.25778969759055,1.075938633572287,0.136838512392477,-0.1991503675465817,-5.719232152303054,1.2708389137511191,,,,,,,,,"(999436701, 135)",deblcdouble506,0.956366558746847,-0.0265732161526179,101.10938459979567,101.97054563839568,88.61601085933587,82.06376327672666,108.31973565186492,94.72135833844342,88.78686739612309,82.34983118943053,81.09886839261864,83.05406022575828,83.14833088644141,80.27042430423887,76.3108483575661,72.72515478737351,-0.02831417056743487,,,603.1442693706884,-0.4573638934809207,,
-0.0173035575537299,0.0416844339757664,0.0,-0.1522319099172511,-0.0060349073076638,2.068597503572542,0.0151286104542834,0.0064544608955531,0.0,0.7107335052298536,0.2551325050520379,0.180199536605208,-0.014443512731194,-0.0443021906239065,-0.337337702355706,0.3660729292673188,25.473925823381265,1.0,25.1152,1.4575239336323662,0.5820565245592693,-0.0173035575537299,0.0416844339757664,-0.1252128067806707,-0.0347785062195667,18.20630312242161,4.0,25.1152,0.2551325050520379,0,23.13077370868307,25.1152,-0.014443512731194,-0.0443021906239065,1.4575239336323662,0.04,500,1e-10,6.6000000000000005,-1.4406596515686882e-16,-2.338462043125986e-16,planck18,1,PIXEL,,1.5,1400.0,25.1152,1,0.04,3.0,21.9,0.04,1,0.04,,4,0.0860341761536192,-0.6391255093545921,-0.4144313384324262,4.375697918437744,0.7187948269715105,0.6336571402249079,-0.3608177906119978,4.21668062010497,0.6608680589968021,0.0247148394008374,-0.7037563051562422,-8.581447623517818,1.0916285884087529,-0.0392924271432863,0.6281103784866541,-1.672853339432297,0.8098887208837697,"(999436701, 136)",deblcquad41,1.0769937229675015,-0.118627535391946,173.02608436218833,174.69823125017038,155.38397046012375,141.8461923228652,184.3206459666399,164.90292522448175,157.4262007416724,151.28063559663386,142.97454170825958,139.11863602245137,140.14321614327014,143.17351568751326,144.55440285738402,142.8086008866319,-0.0017391693428361887,-0.01467098832794339,-0.13034012340806153,1351.634368336367,-0.0708968132285977,-0.5980592537750985,-5.313283277167387
0.0053064538157227,-0.0114327637983742,0.0,0.1257828351403089,-0.0654087897391818,2.2577734319334257,-0.0029335478002828,-0.0046046600023752,0.0,0.3885241033920093,0.4023101140885796,0.2284998330434658,-0.0050439840515332,0.1036344633700821,-0.0502609216504544,0.0608910948140016,26.91722285923672,1.0,25.1152,2.048588565116962,0.2172480598800019,0.0053064538157227,-0.0114327637983742,0.0748719651999192,0.0179989864362848,20.84335922425616,4.0,25.1152,0.4023101140885796,0,20.09154030981627,25.1152,-0.0050439840515332,0.1036344633700821,2.048588565116962,0.04,500,1e-10,6.6000000000000005,-1.4406596515686882e-16,-2.338462043125986e-16,planck18,1,PIXEL,,1.5,1400.0,25.1152,1,0.04,3.0,21.9,0.04,1,0.04,,2,0.1155318065827807,0.0031687625675007,0.4783770513665243,2.5647687119925124,1.0266126489889895,0.1022070514494942,-0.3014417631032577,-4.061104558203652,1.4068812058981606,,,,,,,,,"(999436701, 137)",deblcdouble465,0.8561143707712336,0.1155296657960718,133.68166998607597,129.75300304543163,102.14788517964118,76.81481422790883,138.61016331551087,106.95586294015357,94.89033056485246,92.4730570288788,83.2825003440298,75.03725978472536,70.27183451450816,68.71771657855213,69.73144998529064,72.02828676652622,-0.09236199485064632,,,2218.7526574076364,-4.912996184310753,,
-0.0523776038325487,-0.0016125536433483,0.0,-0.1621141252685448,-0.1637618060125939,1.945051923520012,0.0148708413922933,0.0225821171116433,0.0,0.4708266733674122,0.3083207437618395,0.0957254283002765,0.1354486897790883,0.1118846045598579,0.4042437576556908,0.4629499865684988,26.048920233712707,1.0,25.1152,2.534372892835014,0.3222302290869363,-0.0523776038325487,-0.0016125536433483,-0.0305854187502502,-0.1164562048608407,19.78105305868037,4.0,25.1152,0.3083207437618395,0,24.74552945089092,25.1152,0.1354486897790883,0.1118846045598579,2.534372892835014,0.04,500,1e-10,6.6000000000000005,-1.4406596515686882e-16,-2.338462043125986e-16,planck18,1,PIXEL,,1.5,1400.0,25.1152,1,0.04,3.0,21.9,0.04,1,0.04,,2,0.2194546000704667,0.6136073220602327,0.3503058628764071,1.177823044945774,0.5742633484577417,-0.2494004820038677,-0.1895347927274399,-2.91454255225051,0.909170378649376,,,,,,,,,"(999436701, 138)",deblcdouble467,1.136070382348976,0.1277735277006097,128.0542887828838,128.59508720101948,119.33668480088916,113.29906176182293,133.06123972983232,123.57445091091272,115.59438029336162,114.7136156218562,119.32622197488784,117.10252336349092,110.55223967188456,104.42402739984956,100.04043635301426,97.79419861913344,-0.22640009652093826,,,1548.0840276298352,-11.150358224908672,,
-0.0043567796902807,0.0514033317728391,0.0,-0.1157133016778273,0.1269232752345734,2.1092092578179225,-0.0112668702332079,-0.061820957527559,0.0,0.3544701050206587,0.2996458704771064,0.3222229596367688,0.0098077769352471,0.0374361923706243,-0.0034437410739607,-0.063719760905509,24.7243561838817,1.0,25.1152,3.658857710403452,0.2960956678025853,-0.0043567796902807,0.0514033317728391,-0.0225051990029392,0.0120896025815196,20.81972550204669,4.0,25.1152,0.2996458704771064,0,22.77990236701332,25.1152,0.0098077769352471,0.0374361923706243,3.658857710403452,0.04,500,1e-10,6.6000000000000005,-1.4406596515686882e-16,-2.338462043125986e-16,planck18,1,PIXEL,,1.5,1400.0,25.1152,1,0.04,3.0,21.9,0.04,1,0.04,,4,0.0198926028331811,0.315589300645633,-0.1901652148554271,4.418613117906811,1.410441407986228,-0.3188869146545658,0.2426123482842953,3.948762414858193,0.9675794000965204,-0.2169173693054699,-0.193830886647581,-2.7143049195304454,0.9955713766484676,0.1257602629797058,0.3424780689650938,-2.4965106142257487,1.0696719077326973,"(999436701, 139)",deblcquad169,1.109314828924189,0.0076106786996593,118.015707079271,117.79068611083804,101.45606531539812,88.83056617795812,124.81310662720468,107.2928095134074,96.38986676147164,95.00694150798832,96.08781995914336,91.13793537595072,84.80861992380032,79.75086488393376,76.38916291423133,74.90477467184395,-0.012705340214481886,-0.02422805834990696,-0.027579970361982148,1441.5942632865201,-0.568979484485674,-1.0849979549784963,-1.2351056369827953
0.0398308999868105,0.0020603695562074,0.0,0.1100929529624039,0.0024802239551368,2.131474654888344,-0.017009670048396,-0.0386324394397919,0.0,0.4377327473466976,0.618550816411205,0.4231423535375802,-0.0322682356714722,0.0071035279316704,0.4399853301947054,-0.0649438456739702,24.56214380175165,1.0,25.1152,1.837401989615448,0.4539830019094665,0.0398308999868105,0.0020603695562074,0.1361859592618302,-0.0589313981418042,21.250782115366896,4.0,25.1152,0.618550816411205,0,21.22122029220856,25.1152,-0.0322682356714722,0.0071035279316704,1.837401989615448,0.04,500,1e-10,6.6000000000000005,-1.4406596515686882e-16,-2.338462043125986e-16,planck18,1,PIXEL,,1.5,1400.0,25.1152,1,0.04,3.0,21.9,0.04,1,0.04,,2,0.0722752987477149,-0.3588060353466954,0.3077333944431472,3.675368132428971,0.6565876050978035,0.3939881584147599,0.0276411231762073,-2.318647352319796,1.1816482023874646,,,,,,,,,"(999436701, 140)",deblcdouble483,1.0262475372080924,0.1514036345326418,160.88369557835858,162.35539157093777,135.57657878082233,121.56865859573055,175.1885826179178,147.18868731099784,136.16321361013536,124.74830116297947,120.17061136052722,121.72220697995206,122.90790767860592,119.89079406938478,114.2021697681232,108.40956754930689,-0.06654846516686198,,,4179.791066147463,-7.993871995261717,,
0.0246002659975283,0.0340976118517916,0.0,-0.0341999121546432,0.0686970868030791,1.7319963532215317,-0.0007501805421224,0.0058389122539851,0.0,0.4881433950581478,0.2070377018442125,0.1555907743938616,0.0143695641555375,0.1193694214311816,-0.1022030213248982,-0.0646293679561314,25.109445731815065,1.0,25.1152,1.5131616920776707,0.2995907446563287,0.0246002659975283,0.0340976118517916,-0.1074875638526261,-0.0119043261127923,18.609924698739107,4.0,25.1152,0.2070377018442125,0,24.058958151101088,25.1152,0.0143695641555375,0.1193694214311816,1.5131616920776707,0.04,500,1e-10,6.6000000000000005,-1.4406596515686882e-16,-2.338462043125986e-16,planck18,1,PIXEL,,1.5,1400.0,25.1152,1,0.04,3.0,21.9,0.04,1,0.04,,3,0.0858833439563426,-0.2204293885032527,0.5850378882827765,6.305592837956449,0.8183632208889151,-0.0136331770238068,-0.3171251259087149,-4.308054135311635,0.9389793238715572,0.0246484304482822,0.0332849884649705,0.0004831154711888,1.455345055778258,,,,,"(999436701, 141)",deblcdouble543,0.9980936556672976,0.0865210759984989,103.79448473532102,103.55884039950465,107.84048536229297,110.32698157850103,102.07645242176966,106.13318685173095,104.76748135940169,110.00654759032216,116.00632454127016,113.23433794528782,107.8061145557132,103.65984967220037,101.6226255088188,101.95475296593816,,,,1044.9609852181477,,,
-0.0444123304045682,-0.0046648500929715,0.0,-0.0584941255184067,0.0374899615543702,2.0384374009624766,-0.0,-0.0,0.0,0.4644806930265123,0.8163788493575754,0.3354942637164709,-0.0287084315579401,0.0417955129159432,-0.1171666517986637,-0.0317972207317402,25.82803146750381,1.0,25.1152,1.9968350090192268,0.8103240837506596,-0.0444123304045682,-0.0046648500929715,-0.0805448675838703,0.0344348219016135,21.32626618821376,4.0,25.1152,0.8163788493575754,0,24.56275390248561,25.1152,-0.0287084315579401,0.0417955129159432,1.9968350090192268,0.04,500,1e-10,6.6000000000000005,-1.4406596515686882e-16,-2.338462043125986e-16,planck18,1,PIXEL,,1.5,1400.0,25.1152,1,0.04,3.0,21.9,0.04,1,0.04,,2,0.0490426117769563,0.2205099435720077,0.4213257570738661,50.15215833340385,1.1542004383830369,-0.1672503346732386,-0.3927114321766741,-4.146714721884493,0.9883540912902724,,,,,,,,,"(999436701, 142)",deblcdouble451,0.9663079762878736,-0.1449913979243136,167.2493913626385,169.65138202116646,155.18357855242434,142.93063819963683,178.3608075759955,163.61281473875664,154.71508033822138,152.9477535861558,149.79301612403012,143.73924981253478,138.92372307624888,136.73057946096276,137.12601357416364,139.23235700138952,-0.044673050253301844,,,6255.956385854889,-7.562533794453509,,
-0.0240299556144952,-0.019444973213878,0.0,0.1314187296318136,0.0116498199698235,2.084269922528464,-0.010958537863627,0.0194551526863841,0.0,0.7711875926929906,0.0800232641801518,0.2497932984241327,-0.1482845435510136,0.3334314660334647,0.1143490960467123,0.2955274536602491,25.8297612017036,1.0,25.1152,4.455152359087295,1.6052790335970522,-0.0240299556144952,-0.019444973213878,0.0683744572942508,0.0050177116406739,15.711522851850916,4.0,25.1152,0.0800232641801518,0,23.582630132005903,25.1152,-0.1482845435510136,0.3334314660334647,4.455152359087295,0.04,500,1e-10,6.6000000000000005,-1.4406596515686882e-16,-2.338462043125986e-16,planck18,1,PIXEL,,1.5,1400.0,25.1152,1,0.04,3.0,21.9,0.04,1,0.04,,2,0.3741135977202078,-0.2717560749984379,1.0950290564207996,1.5171205825915943,0.6766792511851809,0.1902803163010112,-0.4140994711729114,-0.71564419348721,0.5460112674433542,,,,,,,,,"(999436701, 143)",deblcdouble546,0.9515333837446536,0.1922735732408499,162.26910117561366,166.07452856678438,145.02884006438205,133.01542464424656,180.9799753010116,158.34049828684573,148.6861102808526,141.33205283423646,135.55601426240344,132.90554857654433,131.8464664941376,130.45599611861238,127.9121863639726,124.660228631584,-0.5955211629347965,,,352.32935075245007,-5.590909953152416,,
0.0242273530215268,-0.0325558447903427,0.0,-0.0130677062601789,0.1717526036098373,1.8214843198532296,-0.0091167383253328,-0.0088345787716475,0.0,0.5448587842688152,0.3441434102762151,0.3807719404296766,-0.1043019619186817,-0.008529089564338,0.1155958218461917,-0.3159543316979397,23.4938950681862,1.0,25.1152,1.6617464667155817,0.5667778571977773,0.0242273530215268,-0.0325558447903427,-0.0398970634483102,0.014928370835273,19.483871974692324,4.0,25.1152,0.3441434102762151,0,20.45088593101027,25.1152,-0.1043019619186817,-0.008529089564338,1.6617464667155817,0.04,500,1e-10,6.6000000000000005,-1.4406596515686882e-16,-2.338462043125986e-16,planck18,1,PIXEL,,1.5,1400.0,25.1152,1,0.04,3.0,21.9,0.04,1,0.04,,3,0.1307557637952899,-0.6189445313230066,0.3204893802199875,2.993451286021083,0.8647040421850883,0.3733839084261049,0.072593157168093,-1.6876047425015923,0.6499793134864167,0.0243950400182445,-0.0325659520940653,3.973180536436993e-06,0.3903410618534536,,,,,"(999436701, 144)",deblcdouble522,0.8397984017703721,-0.1414589142114425,117.7902391215834,117.52318110512644,118.64857726875762,119.31315161638864,116.33180146024044,118.0011097471431,120.40691651800884,119.62688391117712,116.42187932413005,116.7453702724337,120.61112695951466,125.26284038419624,127.57313565008992,126.74398564541308,,,,1911.3166827547052,,,
-0.0015497569189556,0.0424365034137212,0.0,0.0225954841556352,0.0446117163061204,1.9225468966335104,0.0206479342248605,-0.0067151547984966,0.0,0.3367302361547225,0.4343390996960912,0.2174070995964462,0.0169704549723903,0.0386003977442018,-0.3408027013997604,0.0498799488347096,26.130599333343497,1.0,25.1152,3.8064834065063495,0.2182161017863117,-0.0015497569189556,0.0424365034137212,0.0309868730396217,0.0051430992381633,21.872438198217743,4.0,25.1152,0.4343390996960912,0,23.780979130650863,25.1152,0.0169704549723903,0.0386003977442018,3.8064834065063495,0.04,500,1e-10,6.6000000000000005,-1.4406596515686882e-16,-2.338462043125986e-16,planck18,1,PIXEL,,1.5,1400.0,25.1152,1,0.04,3.0,21.9,0.04,1,0.04,,2,0.0189133274493958,0.3180777671343616,-0.1365395925568829,8.326335160426021,0.8892975454651941,-0.2999532398094768,-0.0654193260305953,-12.694055884484088,1.1007497736860457,,,,,,,,,"(999436701, 145)",deblcdouble499,0.9110616735137969,-0.1471723782994881,95.7944578829471,95.63560622553432,92.10826015860374,84.23737958768554,96.80790980022184,92.48784151618872,90.82580918444438,94.19760373997649,88.8575483658611,83.00430641808025,79.9382233224943,79.94188021178215,82.69420069241964,86.85722655052015,-0.014732148265243293,,,2189.277084268401,-0.8228620514593745,,
-0.0223499884082431,-0.0225222412517491,0.0,-0.0989351498778545,-0.0781504828708258,2.016096918356585,-0.0019014278146188,0.0310991010125134,0.0,0.5866602268065927,0.521378324679848,0.135187235978774,-0.1000767843287585,0.0342215580311593,-0.0065292515864624,0.1115489179768846,26.668414764008023,1.0,25.1152,2.29016671093065,0.4995903209180468,-0.0223499884082431,-0.0225222412517491,-0.0998460640524974,-0.0499353310693424,20.392107523677907,4.0,25.1152,0.521378324679848,0,23.014478909364968,25.1152,-0.1000767843287585,0.0342215580311593,2.29016671093065,0.04,500,1e-10,6.6000000000000005,-1.4406596515686882e-16,-2.338462043125986e-16,planck18,1,PIXEL,,1.5,1400.0,25.1152,1,0.04,3.0,21.9,0.04,1,0.04,,2,0.0962357187385663,-0.6996048588561615,0.0075031210983677,3.881629118694296,0.8380441081793771,0.261305886433794,-0.3863688589706524,-3.243875783185099,1.4671448216459584,,,,,,,,,"(999436701, 146)",deblcdouble496,0.9784111861413324,-0.1709508833948123,154.0121596910778,155.42038432431224,142.0975814712219,134.9248572600299,161.64123983197638,148.77172767713554,144.67463747382175,137.34910638356547,132.09886700013783,132.99073612872368,136.76022353937466,138.27723574976844,135.90450397363236,131.48406738621696,-0.12364759593241326,,,3018.9824468285587,-10.22775035260106,,
0.0009611920654138,-0.0255603318297653,0.0,0.0150122863373519,-0.0290625866732911,1.974980290465316,0.0440583597398845,0.0044452706346515,0.0,0.4489886506582654,0.553559132172383,0.4056314642147596,-0.0199032169941332,-0.0901593173480431,0.0695626132368884,-0.0046458995780247,25.847052319109626,1.0,25.1152,1.789546687971381,0.4128405877889233,0.0009611920654138,-0.0255603318297653,-0.0195351555776833,0.0357068882481405,20.969694647272835,4.0,25.1152,0.553559132172383,0,24.862333431683133,25.1152,-0.0199032169941332,-0.0901593173480431,1.789546687971381,0.04,500,1e-10,6.6000000000000005,-1.4406596515686882e-16,-2.338462043125986e-16,planck18,1,PIXEL,,1.5,1400.0,25.1152,1,0.04,3.0,21.9,0.04,1,0.04,,2,0.0678848473180486,-0.3030735180498972,-0.4404217787079682,3.0705123750737933,0.4279036477512092,0.0467111122884358,0.340703787222559,-3.986978287409675,0.9087241073563876,,,,,,,,,"(999436701, 147)",deblcdouble445,0.8495321962759826,0.0267649083426198,130.60899922080026,131.0665913090361,120.3201597452296,116.6694592298312,136.22223704485177,125.7939666993974,120.81307984781796,114.05380573576625,114.53160131872905,118.58733885225078,118.89981162773564,114.84022210692804,109.4727678697619,104.7857091896874,-0.060849314300546534,,,3578.7624809236095,-5.180609430573969,,
0.0279458713768611,0.043123432042019,0.0,-0.005197041022793,-0.0292784449065573,2.119442474652196,0.052537525649363,0.0475049739394536,0.0,0.6391695033744461,0.5533185818781715,0.7831829765846156,0.0184712289465991,0.1167392113022284,0.143404557170009,0.0288271111708213,24.46649081219285,1.0,25.1152,4.036027221940172,0.3839736709302006,0.0279458713768611,0.043123432042019,0.0303824871849653,-0.0557180042241847,20.580372469570666,4.0,25.1152,0.5533185818781715,0,23.56491959864386,25.1152,0.0184712289465991,0.1167392113022284,4.036027221940172,0.04,500,1e-10,6.6000000000000005,-1.4406596515686882e-16,-2.338462043125986e-16,planck18,1,PIXEL,,1.5,1400.0,25.1152,1,0.04,3.0,21.9,0.04,1,0.04,,2,0.0742229870408702,0.4651872827480863,0.6058734065317156,5.650872061433794,1.012020570422257,0.180861494149733,-0.4741959781063811,-1.155824944115221,0.4238003104851351,,,,,,,,,"(999436701, 148)",deblcdouble553,1.1091420823763467,0.1389193801735035,179.41740507145667,179.3064211681329,151.0654845083343,136.0036878252129,192.5893832577092,162.90249223819012,148.4051084529444,137.5907857511063,137.88669310149186,139.8217691323346,135.67837255198492,128.02344789310595,120.49581177503828,114.64423309184596,-0.10382867522942452,,,2887.1471457946245,-9.310775594117699,,
0.0159691739103521,-0.013192476696381,0.0,-0.0594821139664965,0.0347075482126059,1.7511598967943631,0.0457970874178059,0.0228261435509844,0.0,0.2416872671607915,0.6634218725392337,0.3842477448549046,-0.0438418185404704,-0.0650580221827787,-0.015236395936215,0.1755344118038624,24.965437258421588,1.0,25.1152,3.591399070920368,0.2069363710550995,0.0159691739103521,-0.013192476696381,-0.0574660390254008,0.0251223123800551,23.981489749986302,4.0,25.1152,0.6634218725392337,0,23.3245964798892,25.1152,-0.0438418185404704,-0.0650580221827787,3.591399070920368,0.04,500,1e-10,6.6000000000000005,-1.4406596515686882e-16,-2.338462043125986e-16,planck18,1,PIXEL,,1.5,1400.0,25.1152,1,0.04,3.0,21.9,0.04,1,0.04,,2,0.0791668467639954,-0.3109637982798369,-0.1650682825607073,2.3936966814746428,0.583472399384982,0.0943073031842837,0.0841836323482746,-2.396666590725195,1.0080703316198092,,,,,,,,,"(999436701, 149)",deblcdouble469,1.129438799703277,-0.0195344961277915,91.61028695458344,91.46649840088304,95.28293878025636,92.4786731894186,90.01400293590511,92.81735348503106,96.59241568194211,100.81774107711328,95.06060037884367,90.3238117113602,89.38796832027289,92.40948545866952,98.48507226841724,105.23142057043572,-0.03993016187291956,,,3684.8342107124386,-4.6536548679575915,,
0.0059166709320045,-0.0020830908665472,0.0,0.1216045168109058,0.0473237867530882,1.7839381546420754,-0.0015392081520481,0.0238872394622223,0.0,0.6210435781237466,0.2348397629987842,0.2686492902796519,-0.0361275096295349,-0.0131451571087155,-0.3028262065052424,0.0301401890639674,25.06916667171336,1.0,25.1152,2.1782409795022724,0.2433278786854465,0.0059166709320045,-0.0020830908665472,-0.009873518940764,0.0579571714204923,18.495547229176864,4.0,25.1152,0.2348397629987842,0,23.993842623625447,25.1152,-0.0361275096295349,-0.0131451571087155,2.1782409795022724,0.04,500,1e-10,6.6000000000000005,-1.4406596515686882e-16,-2.338462043125986e-16,planck18,1,PIXEL,,1.5,1400.0,25.1152,1,0.04,3.0,21.9,0.04,1,0.04,,4,0.0434750782476288,-0.1978329043428681,-0.6579100091978161,9.26612414818102,1.2174706932814932,-0.2956821724586432,0.5782743008141427,8.128556209613947,0.8432180154793053,-0.6189074693962964,0.0153442127931189,-9.940535194740724,1.0026111710656769,0.519305168059445,0.0656439353689105,-2.480757556829659,0.597096185379385,"(999436701, 150)",deblcquad421,0.9849554908841774,0.2522273074415328,115.0970231647374,114.9052680663473,114.5490523310724,108.30470547033362,115.13611037982322,113.6544500867968,112.05827485690789,119.33152545181018,115.54045668060094,107.7377978584464,102.97847482923012,102.03899049493384,104.84794332085976,110.4799884555888,-0.010976288765746467,-0.02162584260095171,-0.0705086162004333,1152.5339401639126,-0.34892998989783763,-0.6874732618032696,-2.24142888945347
-0.037413617669684,0.0421488581647215,0.0,0.1867103295936535,-0.252780583653742,1.894661438776854,0.0102008254160382,0.0025856974159959,0.0,0.4346319538827493,0.3884623145357828,0.3872874344975506,0.0030119138706634,0.0553312933200311,-0.0150455978398017,-0.0059634799479727,27.477720930237066,1.0,25.1152,2.642740939207487,0.3755814340880273,-0.037413617669684,0.0421488581647215,0.200739035233117,-0.189547778622984,20.503540250694183,4.0,25.1152,0.3884623145357828,0,21.110756686139965,25.1152,0.0030119138706634,0.0553312933200311,2.642740939207487,0.04,500,1e-10,6.6000000000000005,-1.4406596515686882e-16,-2.338462043125986e-16,planck18,1,PIXEL,,1.5,1400.0,25.1152,1,0.04,3.0,21.9,0.04,1,0.04,,4,0.0425205855668,0.2725097205413284,0.4523871268569451,2.2448180565996614,0.7685026378255596,-0.1569513211240364,-0.387599850673274,3.120212538071511,0.8006476063334803,0.2782121224258478,-0.1913340210189598,-2.00797850801096,0.8467125482983707,-0.343280339697719,0.158781999224831,-1.7641368296380413,1.17975034259848,"(999436701, 151)",deblcquad285,1.0357804204130934,-0.0109464068035311,117.74481007110629,118.20834700419424,113.67007845833407,113.83231073308048,120.50998292178366,116.47105943559424,113.0484959748936,109.40003786808468,113.30307286433826,117.13554859404918,115.13962684865592,110.16088208432944,105.22159931586506,101.52221929014168,-0.028549834246438227,-0.04542233578741259,-0.0666129098087036,2021.5390134024972,-1.6740401131113738,-2.6633714046458703,-3.905895989037198
0.0274533090689771,0.0116259076329943,0.0,-0.3102301123615222,-0.0192979230271299,1.4998271084604309,-0.006663058985334,0.0111400828545917,0.0,0.3507171795588181,0.5282759955578092,0.3349602618908728,0.0171749216436429,-0.0731330637229515,-0.183880483224761,-0.1041773850820993,22.96213705217077,1.0,25.1152,1.3498619756159846,0.5486444325048607,0.0274533090689771,0.0116259076329943,-0.2326126302290943,0.0703704551087719,21.04490569233681,4.0,25.1152,0.5282759955578092,0,21.60127449390318,25.1152,0.0171749216436429,-0.0731330637229515,1.3498619756159846,0.04,500,1e-10,6.6000000000000005,-1.4406596515686882e-16,-2.338462043125986e-16,planck18,1,PIXEL,,1.5,1400.0,25.1152,1,0.04,3.0,21.9,0.04,1,0.04,,3,0.0853799067309358,-0.4494000070434844,-0.214739240821573,4.3446077544163035,0.888402681638532,0.4498872877274347,-0.1816002268802474,7.355221994198319,1.1697212953376843,0.0893110856903124,-0.345861812348381,-2.594474574700943,0.5112021145950612,,,,,"(999436701, 152)",deblctriple73,0.934261616796174,0.048334888696388,107.40124231084847,104.73846389945368,120.262103823331,134.11554404419246,95.8947468640446,110.47349076838876,121.0458667824188,124.33979327804371,125.43639108444624,130.83203356223396,139.30114947078258,146.8927026614226,150.31274909385868,149.70685445677972,,,,3852.3181006542263,,,
-0.031636363995281,0.0349923574195493,0.0,-0.0413080603302188,0.1346146066890372,1.7683492495269908,0.0056975876440197,-0.0032136649035189,0.0,0.2687997622202807,1.106369333397213,0.2231559665252325,-0.0386785457607051,-0.0130853953660358,0.1315748373627223,-0.1311918954192349,25.86654348844681,1.0,25.1152,2.046907031154927,0.5668763367807637,-0.031636363995281,0.0349923574195493,0.0256871107919154,-0.0239361607148816,23.875397404017523,4.0,25.1152,1.106369333397213,0,24.256220644033583,25.1152,-0.0386785457607051,-0.0130853953660358,2.046907031154927,0.04,500,1e-10,6.6000000000000005,-1.4406596515686882e-16,-2.338462043125986e-16,planck18,1,PIXEL,,1.5,1400.0,25.1152,1,0.04,3.0,21.9,0.04,1,0.04,,2,0.0485907669925996,0.1065238135789544,-0.2659199545541491,8.861500752144423,1.5637797479423177,0.0396372007505294,0.2016363519200949,-0.9336287864119188,0.3621312057021207,,,,,,,,,"(999436701, 153)",deblcdouble442,1.1029337693427417,0.1191539646916225,151.08082001459894,150.6832550848761,152.1312558847849,153.87518332149693,149.20591463426865,151.18617481664035,154.54229962046034,153.1157239749147,149.21083713992118,150.48527073357033,156.22736045138487,162.40613483219778,164.99400247709772,163.31059623338123,-0.02807479582393416,,,11022.815374833197,-9.558087866731249,,
